{
  "success": true,
  "message": "Pitches retrieved successfully",
  "data": [
    {
      "hit_trajectory_zc2": 2.31187,
      "pitcher_id": "09037653-3d07-462d-9c5e-fb18fd0e3169",
      "batter_id": "37b7c65d-8965-4614-b0c5-7da758002146",
      "game_id": "e4a3e9b2-d5a9-4238-883e-819e88e4b76f",
      "date": "2024-07-31",
      "time": "20:37:03.98",
      "pa_of_inning": 2,
      "pitch_of_pa": 3,
      "hit_trajectory_zc7": -0.00803,
      "hit_trajectory_zc8": 0.00044,
      "throw_speed": null,
      "pop_time": null,
      "exchange_time": null,
      "time_to_base": null,
      "catch_position_x": null,
      "catch_position_y": null,
      "catch_position_z": null,
      "throw_position_x": null,
      "throw_position_y": null,
      "throw_position_z": null,
      "base_position_x": null,
      "base_position_y": null,
      "base_position_z": null,
      "throw_trajectory_xc0": null,
      "throw_trajectory_xc1": null,
      "throw_trajectory_xc2": null,
      "throw_trajectory_yc0": null,
      "throw_trajectory_yc1": null,
      "throw_trajectory_yc2": null,
      "throw_trajectory_zc0": null,
      "throw_trajectory_zc1": null,
      "throw_trajectory_zc2": null,
      "inning": 8,
      "outs": 0,
      "balls": 2,
      "strikes": 0,
      "outs_on_play": 1,
      "runs_scored": 0,
      "y0": 50.0,
      "local_date_time": "2024-07-31T20:37:03.9860000-04:00",
      "catcher_id": "65fa5fdb-90bf-445f-b30a-79c876774d4b",
      "pitch_number": 221,
      "rel_speed": 85.6526,
      "vert_rel_angle": -0.881887,
      "horz_rel_angle": -3.10537,
      "spin_rate": 2411.9556,
      "spin_axis": 243.82834,
      "rel_height": 5.88961,
      "rel_side": 1.98907,
      "extension": 5.09894,
      "vert_break": -29.85265,
      "induced_vert_break": 9.77103,
      "horz_break": 17.09245,
      "plate_loc_height": 2.56957,
      "plate_loc_side": 0.48428,
      "zone_speed": 77.74128,
      "vert_appr_angle": -6.370421,
      "horz_appr_angle": -0.08514,
      "zone_time": 0.453053,
      "exit_speed": 84.00611,
      "angle": 40.021343,
      "direction": 19.411345,
      "hit_spin_rate": 4539.3525,
      "position_at_110_x": 100.01451,
      "position_at_110_y": 76.66838,
      "position_at_110_z": 45.79401,
      "distance": 285.4648,
      "last_tracked_distance": 270.90347,
      "bearing": 31.471983,
      "hang_time": 4.944532,
      "pfxx": -9.478,
      "pfxz": 5.50886,
      "x0": -1.70991,
      "z0": 5.78321,
      "vx0": 5.97234,
      "vy0": -124.0316,
      "vz0": -3.00006,
      "ax0": -14.64212,
      "ay0": 26.72863,
      "az0": -23.66366,
      "effective_velo": 83.19654,
      "max_height": 88.08291,
      "measured_duration": null,
      "speed_drop": 7.91132,
      "pitch_last_measured_x": null,
      "pitch_last_measured_y": null,
      "pitch_last_measured_z": null,
      "contact_position_x": 1.80942,
      "contact_position_y": 2.61792,
      "contact_position_z": -0.48232,
      "pitch_trajectory_xc0": 55.40043,
      "pitch_trajectory_xc1": -125.18997,
      "pitch_trajectory_xc2": 13.36431,
      "pitch_trajectory_yc0": 5.891,
      "pitch_trajectory_yc1": -1.97451,
      "pitch_trajectory_yc2": -11.83183,
      "pitch_trajectory_zc0": -1.9825,
      "pitch_trajectory_zc1": 6.60691,
      "pitch_trajectory_zc2": -7.32106,
      "hit_spin_axis": 216.04684,
      "hit_trajectory_xc0": 1.82039,
      "hit_trajectory_xc1": 88.76155,
      "hit_trajectory_xc2": -18.7419,
      "hit_trajectory_xc3": 3.50169,
      "hit_trajectory_xc4": 0.20332,
      "hit_trajectory_xc5": -0.37339,
      "hit_trajectory_xc6": 0.10179,
      "hit_trajectory_xc7": -0.01163,
      "hit_trajectory_xc8": 0.00048,
      "hit_trajectory_yc0": 2.61872,
      "hit_trajectory_yc1": 79.20054,
      "hit_trajectory_yc2": -20.85323,
      "hit_trajectory_yc3": 1.03143,
      "hit_trajectory_yc4": 0.37168,
      "hit_trajectory_yc5": -0.29719,
      "hit_trajectory_yc6": 0.09407,
      "hit_trajectory_yc7": -0.01393,
      "hit_trajectory_yc8": 0.00078,
      "hit_trajectory_zc0": -0.48198,
      "hit_trajectory_zc1": 31.34304,
      "hit_trajectory_zc3": -1.84347,
      "hit_trajectory_zc4": 0.77173,
      "hit_trajectory_zc5": -0.2549,
      "hit_trajectory_zc6": 0.05989,
      "pitcher_throws": "Right",
      "pitcher_team_code": "LI",
      "batter_side": "Right",
      "batter_team_code": "YOR",
      "pitcher_set": null,
      "catcher_throws": "Right",
      "top_or_bottom": "Bottom",
      "tagged_pitch_type": "Undefined",
      "auto_pitch_type": "Changeup",
      "pitch_call": "InPlay",
      "k_or_bb": "Undefined",
      "tagged_hit_type": "FlyBall",
      "play_result": "Out",
      "notes": "NaN",
      "auto_hit_type": "FlyBall",
      "tilt": "2:15",
      "catcher_throw_catch_confidence": null,
      "catcher_throw_release_confidence": null,
      "catcher_throw_location_confidence": null,
      "pitch_release_confidence": "High",
      "pitch_location_confidence": "High",
      "pitch_movement_confidence": "High",
      "hit_launch_confidence": "High",
      "hit_landing_confidence": "Medium",
      "detected_shift": null,
      "first_b_position_at_release_x": null,
      "first_b_position_at_release_z": null,
      "second_b_position_at_release_x": null,
      "second_b_position_at_release_z": null,
      "third_b_position_at_release_x": null,
      "third_b_position_at_release_z": null,
      "ss_position_at_release_x": null,
      "ss_position_at_release_z": null,
      "lf_position_at_release_x": null,
      "lf_position_at_release_z": null,
      "cf_position_at_release_x": null,
      "cf_position_at_release_z": null,
      "rf_position_at_release_x": null,
      "rf_position_at_release_z": null,
      "first_b_player_id": null,
      "second_b_player_id": null,
      "third_b_player_id": null,
      "ss_player_id": null,
      "lf_player_id": null,
      "cf_player_id": null,
      "rf_player_id": null
    },
    {
      "hit_trajectory_zc2": null,
      "pitcher_id": "09037653-3d07-462d-9c5e-fb18fd0e3169",
      "batter_id": "37b7c65d-8965-4614-b0c5-7da758002146",
      "game_id": "e4a3e9b2-d5a9-4238-883e-819e88e4b76f",
      "date": "2024-07-31",
      "time": "20:36:45.14",
      "pa_of_inning": 2,
      "pitch_of_pa": 2,
      "hit_trajectory_zc7": null,
      "hit_trajectory_zc8": null,
      "throw_speed": null,
      "pop_time": null,
      "exchange_time": null,
      "time_to_base": null,
      "catch_position_x": null,
      "catch_position_y": null,
      "catch_position_z": null,
      "throw_position_x": null,
      "throw_position_y": null,
      "throw_position_z": null,
      "base_position_x": null,
      "base_position_y": null,
      "base_position_z": null,
      "throw_trajectory_xc0": null,
      "throw_trajectory_xc1": null,
      "throw_trajectory_xc2": null,
      "throw_trajectory_yc0": null,
      "throw_trajectory_yc1": null,
      "throw_trajectory_yc2": null,
      "throw_trajectory_zc0": null,
      "throw_trajectory_zc1": null,
      "throw_trajectory_zc2": null,
      "inning": 8,
      "outs": 0,
      "balls": 1,
      "strikes": 0,
      "outs_on_play": 0,
      "runs_scored": 0,
      "y0": 50.0,
      "local_date_time": "2024-07-31T20:36:45.1430000-04:00",
      "catcher_id": "65fa5fdb-90bf-445f-b30a-79c876774d4b",
      "pitch_number": 220,
      "rel_speed": 77.8579,
      "vert_rel_angle": -2.492756,
      "horz_rel_angle": -4.790161,
      "spin_rate": 2139.8782,
      "spin_axis": 234.26656,
      "rel_height": 6.01723,
      "rel_side": 1.97221,
      "extension": 5.49644,
      "vert_break": -31.58675,
      "induced_vert_break": 16.12021,
      "horz_break": 19.94497,
      "plate_loc_height": 1.04365,
      "plate_loc_side": -0.85686,
      "zone_speed": 70.53802,
      "vert_appr_angle": -8.357243,
      "horz_appr_angle": -1.248526,
      "zone_time": 0.497121,
      "exit_speed": null,
      "angle": null,
      "direction": null,
      "hit_spin_rate": null,
      "position_at_110_x": null,
      "position_at_110_y": null,
      "position_at_110_z": null,
      "distance": null,
      "last_tracked_distance": null,
      "bearing": null,
      "hang_time": null,
      "pfxx": -11.52973,
      "pfxz": 9.42252,
      "x0": -1.56614,
      "z0": 5.77745,
      "vx0": 8.63712,
      "vy0": -112.42029,
      "vz0": -5.8657,
      "ax0": -14.57269,
      "ay0": 22.73418,
      "az0": -20.2647,
      "effective_velo": 75.82143,
      "max_height": null,
      "measured_duration": null,
      "speed_drop": 7.31988,
      "pitch_last_measured_x": null,
      "pitch_last_measured_y": null,
      "pitch_last_measured_z": null,
      "contact_position_x": null,
      "contact_position_y": null,
      "contact_position_z": null,
      "pitch_trajectory_xc0": 55.0009,
      "pitch_trajectory_xc1": -113.42709,
      "pitch_trajectory_xc2": 11.36709,
      "pitch_trajectory_yc0": 6.01734,
      "pitch_trajectory_yc1": -4.96826,
      "pitch_trajectory_yc2": -10.13235,
      "pitch_trajectory_zc0": -1.96293,
      "pitch_trajectory_zc1": 9.28248,
      "pitch_trajectory_zc2": -7.28635,
      "hit_spin_axis": null,
      "hit_trajectory_xc0": null,
      "hit_trajectory_xc1": null,
      "hit_trajectory_xc2": null,
      "hit_trajectory_xc3": null,
      "hit_trajectory_xc4": null,
      "hit_trajectory_xc5": null,
      "hit_trajectory_xc6": null,
      "hit_trajectory_xc7": null,
      "hit_trajectory_xc8": null,
      "hit_trajectory_yc0": null,
      "hit_trajectory_yc1": null,
      "hit_trajectory_yc2": null,
      "hit_trajectory_yc3": null,
      "hit_trajectory_yc4": null,
      "hit_trajectory_yc5": null,
      "hit_trajectory_yc6": null,
      "hit_trajectory_yc7": null,
      "hit_trajectory_yc8": null,
      "hit_trajectory_zc0": null,
      "hit_trajectory_zc1": null,
      "hit_trajectory_zc3": null,
      "hit_trajectory_zc4": null,
      "hit_trajectory_zc5": null,
      "hit_trajectory_zc6": null,
      "pitcher_throws": "Right",
      "pitcher_team_code": "LI",
      "batter_side": "Right",
      "batter_team_code": "YOR",
      "pitcher_set": null,
      "catcher_throws": "Right",
      "top_or_bottom": "Bottom",
      "tagged_pitch_type": "Undefined",
      "auto_pitch_type": "Changeup",
      "pitch_call": "BallCalled",
      "k_or_bb": "Undefined",
      "tagged_hit_type": "Undefined",
      "play_result": "Undefined",
      "notes": "NaN",
      "auto_hit_type": null,
      "tilt": "1:45",
      "catcher_throw_catch_confidence": null,
      "catcher_throw_release_confidence": null,
      "catcher_throw_location_confidence": null,
      "pitch_release_confidence": "High",
      "pitch_location_confidence": "High",
      "pitch_movement_confidence": "High",
      "hit_launch_confidence": null,
      "hit_landing_confidence": null,
      "detected_shift": null,
      "first_b_position_at_release_x": null,
      "first_b_position_at_release_z": null,
      "second_b_position_at_release_x": null,
      "second_b_position_at_release_z": null,
      "third_b_position_at_release_x": null,
      "third_b_position_at_release_z": null,
      "ss_position_at_release_x": null,
      "ss_position_at_release_z": null,
      "lf_position_at_release_x": null,
      "lf_position_at_release_z": null,
      "cf_position_at_release_x": null,
      "cf_position_at_release_z": null,
      "rf_position_at_release_x": null,
      "rf_position_at_release_z": null,
      "first_b_player_id": null,
      "second_b_player_id": null,
      "third_b_player_id": null,
      "ss_player_id": null,
      "lf_player_id": null,
      "cf_player_id": null,
      "rf_player_id": null
    },
    {
      "hit_trajectory_zc2": null,
      "pitcher_id": "09037653-3d07-462d-9c5e-fb18fd0e3169",
      "batter_id": "37b7c65d-8965-4614-b0c5-7da758002146",
      "game_id": "e4a3e9b2-d5a9-4238-883e-819e88e4b76f",
      "date": "2024-07-31",
      "time": "20:36:26.97",
      "pa_of_inning": 2,
      "pitch_of_pa": 1,
      "hit_trajectory_zc7": null,
      "hit_trajectory_zc8": null,
      "throw_speed": null,
      "pop_time": null,
      "exchange_time": null,
      "time_to_base": null,
      "catch_position_x": null,
      "catch_position_y": null,
      "catch_position_z": null,
      "throw_position_x": null,
      "throw_position_y": null,
      "throw_position_z": null,
      "base_position_x": null,
      "base_position_y": null,
      "base_position_z": null,
      "throw_trajectory_xc0": null,
      "throw_trajectory_xc1": null,
      "throw_trajectory_xc2": null,
      "throw_trajectory_yc0": null,
      "throw_trajectory_yc1": null,
      "throw_trajectory_yc2": null,
      "throw_trajectory_zc0": null,
      "throw_trajectory_zc1": null,
      "throw_trajectory_zc2": null,
      "inning": 8,
      "outs": 0,
      "balls": 0,
      "strikes": 0,
      "outs_on_play": 0,
      "runs_scored": 0,
      "y0": 50.0,
      "local_date_time": "2024-07-31T20:36:26.9790000-04:00",
      "catcher_id": "65fa5fdb-90bf-445f-b30a-79c876774d4b",
      "pitch_number": 219,
      "rel_speed": 87.12136,
      "vert_rel_angle": -2.434125,
      "horz_rel_angle": -2.892938,
      "spin_rate": 2410.2998,
      "spin_axis": 236.50739,
      "rel_height": 5.95778,
      "rel_side": 1.93612,
      "extension": 4.95333,
      "vert_break": -26.35714,
      "induced_vert_break": 12.27347,
      "horz_break": 16.47422,
      "plate_loc_height": 1.4571,
      "plate_loc_side": 0.57319,
      "zone_speed": 79.02321,
      "vert_appr_angle": -7.277756,
      "horz_appr_angle": 0.011922,
      "zone_time": 0.44734,
      "exit_speed": null,
      "angle": null,
      "direction": null,
      "hit_spin_rate": null,
      "position_at_110_x": null,
      "position_at_110_y": null,
      "position_at_110_z": null,
      "distance": null,
      "last_tracked_distance": null,
      "bearing": null,
      "hang_time": null,
      "pfxx": -9.00044,
      "pfxz": 7.21059,
      "x0": -1.6697,
      "z0": 5.70028,
      "vx0": 5.59931,
      "vy0": -125.99925,
      "vz0": -6.33989,
      "ax0": -14.33206,
      "ay0": 27.86394,
      "az0": -20.69211,
      "effective_velo": 84.25913,
      "max_height": null,
      "measured_duration": null,
      "speed_drop": 8.09815,
      "pitch_last_measured_x": null,
      "pitch_last_measured_y": null,
      "pitch_last_measured_z": null,
      "contact_position_x": null,
      "contact_position_y": null,
      "contact_position_z": null,
      "pitch_trajectory_xc0": 55.5441,
      "pitch_trajectory_xc1": -127.21938,
      "pitch_trajectory_xc2": 13.93197,
      "pitch_trajectory_yc0": 5.95806,
      "pitch_trajectory_yc1": -5.43381,
      "pitch_trajectory_yc2": -10.34605,
      "pitch_trajectory_zc0": -1.92863,
      "pitch_trajectory_zc1": 6.2269,
      "pitch_trajectory_zc2": -7.16603,
      "hit_spin_axis": null,
      "hit_trajectory_xc0": null,
      "hit_trajectory_xc1": null,
      "hit_trajectory_xc2": null,
      "hit_trajectory_xc3": null,
      "hit_trajectory_xc4": null,
      "hit_trajectory_xc5": null,
      "hit_trajectory_xc6": null,
      "hit_trajectory_xc7": null,
      "hit_trajectory_xc8": null,
      "hit_trajectory_yc0": null,
      "hit_trajectory_yc1": null,
      "hit_trajectory_yc2": null,
      "hit_trajectory_yc3": null,
      "hit_trajectory_yc4": null,
      "hit_trajectory_yc5": null,
      "hit_trajectory_yc6": null,
      "hit_trajectory_yc7": null,
      "hit_trajectory_yc8": null,
      "hit_trajectory_zc0": null,
      "hit_trajectory_zc1": null,
      "hit_trajectory_zc3": null,
      "hit_trajectory_zc4": null,
      "hit_trajectory_zc5": null,
      "hit_trajectory_zc6": null,
      "pitcher_throws": "Right",
      "pitcher_team_code": "LI",
      "batter_side": "Right",
      "batter_team_code": "YOR",
      "pitcher_set": null,
      "catcher_throws": "Right",
      "top_or_bottom": "Bottom",
      "tagged_pitch_type": "Undefined",
      "auto_pitch_type": "Changeup",
      "pitch_call": "BallCalled",
      "k_or_bb": "Undefined",
      "tagged_hit_type": "Undefined",
      "play_result": "Undefined",
      "notes": "NaN",
      "auto_hit_type": null,
      "tilt": "2:00",
      "catcher_throw_catch_confidence": null,
      "catcher_throw_release_confidence": null,
      "catcher_throw_location_confidence": null,
      "pitch_release_confidence": "High",
      "pitch_location_confidence": "High",
      "pitch_movement_confidence": "High",
      "hit_launch_confidence": null,
      "hit_landing_confidence": null,
      "detected_shift": null,
      "first_b_position_at_release_x": null,
      "first_b_position_at_release_z": null,
      "second_b_position_at_release_x": null,
      "second_b_position_at_release_z": null,
      "third_b_position_at_release_x": null,
      "third_b_position_at_release_z": null,
      "ss_position_at_release_x": null,
      "ss_position_at_release_z": null,
      "lf_position_at_release_x": null,
      "lf_position_at_release_z": null,
      "cf_position_at_release_x": null,
      "cf_position_at_release_z": null,
      "rf_position_at_release_x": null,
      "rf_position_at_release_z": null,
      "first_b_player_id": null,
      "second_b_player_id": null,
      "third_b_player_id": null,
      "ss_player_id": null,
      "lf_player_id": null,
      "cf_player_id": null,
      "rf_player_id": null
    },
    {
      "hit_trajectory_zc2": null,
      "pitcher_id": "1c547287-203f-4435-bf97-06369ad42e28",
      "batter_id": "37b7c65d-8965-4614-b0c5-7da758002146",
      "game_id": "e4a3e9b2-d5a9-4238-883e-819e88e4b76f",
      "date": "2024-07-31",
      "time": "19:58:35.96",
      "pa_of_inning": 2,
      "pitch_of_pa": 1,
      "hit_trajectory_zc7": null,
      "hit_trajectory_zc8": null,
      "throw_speed": null,
      "pop_time": null,
      "exchange_time": null,
      "time_to_base": null,
      "catch_position_x": null,
      "catch_position_y": null,
      "catch_position_z": null,
      "throw_position_x": null,
      "throw_position_y": null,
      "throw_position_z": null,
      "base_position_x": null,
      "base_position_y": null,
      "base_position_z": null,
      "throw_trajectory_xc0": null,
      "throw_trajectory_xc1": null,
      "throw_trajectory_xc2": null,
      "throw_trajectory_yc0": null,
      "throw_trajectory_yc1": null,
      "throw_trajectory_yc2": null,
      "throw_trajectory_zc0": null,
      "throw_trajectory_zc1": null,
      "throw_trajectory_zc2": null,
      "inning": 6,
      "outs": 1,
      "balls": 0,
      "strikes": 0,
      "outs_on_play": 0,
      "runs_scored": 0,
      "y0": 50.0,
      "local_date_time": "2024-07-31T19:58:35.9600000-04:00",
      "catcher_id": "65fa5fdb-90bf-445f-b30a-79c876774d4b",
      "pitch_number": 161,
      "rel_speed": 83.49556,
      "vert_rel_angle": -1.751411,
      "horz_rel_angle": 2.965687,
      "spin_rate": 2312.821,
      "spin_axis": 148.66322,
      "rel_height": 6.13894,
      "rel_side": -2.77053,
      "extension": 5.85278,
      "vert_break": -35.08041,
      "induced_vert_break": 5.59177,
      "horz_break": -2.54047,
      "plate_loc_height": 1.58552,
      "plate_loc_side": -0.22413,
      "zone_speed": 75.96226,
      "vert_appr_angle": -8.230716,
      "horz_appr_angle": 2.51025,
      "zone_time": 0.459008,
      "exit_speed": null,
      "angle": null,
      "direction": null,
      "hit_spin_rate": null,
      "position_at_110_x": null,
      "position_at_110_y": null,
      "position_at_110_z": null,
      "distance": null,
      "last_tracked_distance": null,
      "bearing": null,
      "hang_time": null,
      "pfxx": 2.2424,
      "pfxz": 3.79689,
      "x0": 2.53093,
      "z0": 5.97593,
      "vx0": -6.16855,
      "vy0": -120.98372,
      "vz0": -4.84435,
      "ax0": 3.28194,
      "ay0": 26.36483,
      "az0": -26.61703,
      "effective_velo": 82.11721,
      "max_height": null,
      "measured_duration": null,
      "speed_drop": 7.5333,
      "pitch_last_measured_x": null,
      "pitch_last_measured_y": null,
      "pitch_last_measured_z": null,
      "contact_position_x": null,
      "contact_position_y": null,
      "contact_position_z": null,
      "pitch_trajectory_xc0": 54.64623,
      "pitch_trajectory_xc1": -121.99202,
      "pitch_trajectory_xc2": 13.18242,
      "pitch_trajectory_yc0": 6.14173,
      "pitch_trajectory_yc1": -3.8264,
      "pitch_trajectory_yc2": -13.30852,
      "pitch_trajectory_zc0": 2.76925,
      "pitch_trajectory_zc1": -6.29407,
      "pitch_trajectory_zc2": 1.64097,
      "hit_spin_axis": null,
      "hit_trajectory_xc0": null,
      "hit_trajectory_xc1": null,
      "hit_trajectory_xc2": null,
      "hit_trajectory_xc3": null,
      "hit_trajectory_xc4": null,
      "hit_trajectory_xc5": null,
      "hit_trajectory_xc6": null,
      "hit_trajectory_xc7": null,
      "hit_trajectory_xc8": null,
      "hit_trajectory_yc0": null,
      "hit_trajectory_yc1": null,
      "hit_trajectory_yc2": null,
      "hit_trajectory_yc3": null,
      "hit_trajectory_yc4": null,
      "hit_trajectory_yc5": null,
      "hit_trajectory_yc6": null,
      "hit_trajectory_yc7": null,
      "hit_trajectory_yc8": null,
      "hit_trajectory_zc0": null,
      "hit_trajectory_zc1": null,
      "hit_trajectory_zc3": null,
      "hit_trajectory_zc4": null,
      "hit_trajectory_zc5": null,
      "hit_trajectory_zc6": null,
      "pitcher_throws": "Left",
      "pitcher_team_code": "LI",
      "batter_side": "Right",
      "batter_team_code": "YOR",
      "pitcher_set": null,
      "catcher_throws": "Right",
      "top_or_bottom": "Bottom",
      "tagged_pitch_type": "Undefined",
      "auto_pitch_type": "Slider",
      "pitch_call": "InPlay",
      "k_or_bb": "Undefined",
      "tagged_hit_type": "GroundBall",
      "play_result": "Single",
      "notes": "NaN",
      "auto_hit_type": null,
      "tilt": "11:00",
      "catcher_throw_catch_confidence": null,
      "catcher_throw_release_confidence": null,
      "catcher_throw_location_confidence": null,
      "pitch_release_confidence": "High",
      "pitch_location_confidence": "High",
      "pitch_movement_confidence": "High",
      "hit_launch_confidence": null,
      "hit_landing_confidence": null,
      "detected_shift": null,
      "first_b_position_at_release_x": null,
      "first_b_position_at_release_z": null,
      "second_b_position_at_release_x": null,
      "second_b_position_at_release_z": null,
      "third_b_position_at_release_x": null,
      "third_b_position_at_release_z": null,
      "ss_position_at_release_x": null,
      "ss_position_at_release_z": null,
      "lf_position_at_release_x": null,
      "lf_position_at_release_z": null,
      "cf_position_at_release_x": null,
      "cf_position_at_release_z": null,
      "rf_position_at_release_x": null,
      "rf_position_at_release_z": null,
      "first_b_player_id": null,
      "second_b_player_id": null,
      "third_b_player_id": null,
      "ss_player_id": null,
      "lf_player_id": null,
      "cf_player_id": null,
      "rf_player_id": null
    },
    {
      "hit_trajectory_zc2": 2.13914,
      "pitcher_id": "1c547287-203f-4435-bf97-06369ad42e28",
      "batter_id": "37b7c65d-8965-4614-b0c5-7da758002146",
      "game_id": "e4a3e9b2-d5a9-4238-883e-819e88e4b76f",
      "date": "2024-07-31",
      "time": "19:31:17.46",
      "pa_of_inning": 1,
      "pitch_of_pa": 1,
      "hit_trajectory_zc7": 0.96199,
      "hit_trajectory_zc8": -0.23686,
      "throw_speed": null,
      "pop_time": null,
      "exchange_time": null,
      "time_to_base": null,
      "catch_position_x": null,
      "catch_position_y": null,
      "catch_position_z": null,
      "throw_position_x": null,
      "throw_position_y": null,
      "throw_position_z": null,
      "base_position_x": null,
      "base_position_y": null,
      "base_position_z": null,
      "throw_trajectory_xc0": null,
      "throw_trajectory_xc1": null,
      "throw_trajectory_xc2": null,
      "throw_trajectory_yc0": null,
      "throw_trajectory_yc1": null,
      "throw_trajectory_yc2": null,
      "throw_trajectory_zc0": null,
      "throw_trajectory_zc1": null,
      "throw_trajectory_zc2": null,
      "inning": 4,
      "outs": 0,
      "balls": 0,
      "strikes": 0,
      "outs_on_play": 0,
      "runs_scored": 0,
      "y0": 50.0,
      "local_date_time": "2024-07-31T19:31:17.4670000-04:00",
      "catcher_id": "65fa5fdb-90bf-445f-b30a-79c876774d4b",
      "pitch_number": 112,
      "rel_speed": 81.05486,
      "vert_rel_angle": -1.001557,
      "horz_rel_angle": 3.02056,
      "spin_rate": 1702.5277,
      "spin_axis": 103.12584,
      "rel_height": 6.36789,
      "rel_side": -2.71161,
      "extension": 5.51916,
      "vert_break": -38.64352,
      "induced_vert_break": 4.91256,
      "horz_break": -14.648,
      "plate_loc_height": 2.20974,
      "plate_loc_side": -1.10545,
      "zone_speed": 73.84549,
      "vert_appr_angle": -8.096859,
      "horz_appr_angle": 0.409438,
      "zone_time": 0.475003,
      "exit_speed": 84.18298,
      "angle": 6.934867,
      "direction": 7.520029,
      "hit_spin_rate": 1060.217,
      "position_at_110_x": null,
      "position_at_110_y": null,
      "position_at_110_z": null,
      "distance": 97.18429,
      "last_tracked_distance": 97.18429,
      "bearing": 9.322141,
      "hang_time": 0.861734,
      "pfxx": 8.35284,
      "pfxz": 3.20036,
      "x0": 2.45866,
      "z0": 6.25472,
      "vx0": -5.61444,
      "vy0": -117.46284,
      "vz0": -3.35259,
      "ax0": 11.56355,
      "ay0": 24.14642,
      "az0": -27.74355,
      "effective_velo": 79.35208,
      "max_height": 4.86207,
      "measured_duration": null,
      "speed_drop": 7.20937,
      "pitch_last_measured_x": null,
      "pitch_last_measured_y": null,
      "pitch_last_measured_z": null,
      "contact_position_x": 1.61771,
      "contact_position_y": 2.2532,
      "contact_position_z": 1.10246,
      "pitch_trajectory_xc0": 54.98051,
      "pitch_trajectory_xc1": -118.48224,
      "pitch_trajectory_xc2": 12.07321,
      "pitch_trajectory_yc0": 6.37153,
      "pitch_trajectory_yc1": -2.18133,
      "pitch_trajectory_yc2": -13.87178,
      "pitch_trajectory_zc0": 2.70599,
      "pitch_trajectory_zc1": -6.10262,
      "pitch_trajectory_zc2": 5.78177,
      "hit_spin_axis": 313.70294,
      "hit_trajectory_xc0": 1.61771,
      "hit_trajectory_xc1": 121.5105,
      "hit_trajectory_xc2": -15.77045,
      "hit_trajectory_xc3": 2.26325,
      "hit_trajectory_xc4": -0.07087,
      "hit_trajectory_xc5": -0.64808,
      "hit_trajectory_xc6": 0.74091,
      "hit_trajectory_xc7": -0.43176,
      "hit_trajectory_xc8": 0.10534,
      "hit_trajectory_yc0": 2.2532,
      "hit_trajectory_yc1": 14.90753,
      "hit_trajectory_yc2": -22.06981,
      "hit_trajectory_yc3": 2.3024,
      "hit_trajectory_yc4": -0.23888,
      "hit_trajectory_yc5": -0.34143,
      "hit_trajectory_yc6": 0.45036,
      "hit_trajectory_yc7": -0.26811,
      "hit_trajectory_yc8": 0.0659,
      "hit_trajectory_zc0": 1.10246,
      "hit_trajectory_zc1": 16.04085,
      "hit_trajectory_zc3": -1.30231,
      "hit_trajectory_zc4": -0.39675,
      "hit_trajectory_zc5": 1.43539,
      "hit_trajectory_zc6": -1.6335,
      "pitcher_throws": "Left",
      "pitcher_team_code": "LI",
      "batter_side": "Right",
      "batter_team_code": "YOR",
      "pitcher_set": null,
      "catcher_throws": "Right",
      "top_or_bottom": "Bottom",
      "tagged_pitch_type": "Undefined",
      "auto_pitch_type": "Changeup",
      "pitch_call": "FoulBall",
      "k_or_bb": "Undefined",
      "tagged_hit_type": "Undefined",
      "play_result": "Undefined",
      "notes": "NaN",
      "auto_hit_type": "GroundBall",
      "tilt": "9:30",
      "catcher_throw_catch_confidence": null,
      "catcher_throw_release_confidence": null,
      "catcher_throw_location_confidence": null,
      "pitch_release_confidence": "High",
      "pitch_location_confidence": "High",
      "pitch_movement_confidence": "High",
      "hit_launch_confidence": "High",
      "hit_landing_confidence": "High",
      "detected_shift": null,
      "first_b_position_at_release_x": null,
      "first_b_position_at_release_z": null,
      "second_b_position_at_release_x": null,
      "second_b_position_at_release_z": null,
      "third_b_position_at_release_x": null,
      "third_b_position_at_release_z": null,
      "ss_position_at_release_x": null,
      "ss_position_at_release_z": null,
      "lf_position_at_release_x": null,
      "lf_position_at_release_z": null,
      "cf_position_at_release_x": null,
      "cf_position_at_release_z": null,
      "rf_position_at_release_x": null,
      "rf_position_at_release_z": null,
      "first_b_player_id": null,
      "second_b_player_id": null,
      "third_b_player_id": null,
      "ss_player_id": null,
      "lf_player_id": null,
      "cf_player_id": null,
      "rf_player_id": null
    },
    {
      "hit_trajectory_zc2": 5.53467,
      "pitcher_id": "1c547287-203f-4435-bf97-06369ad42e28",
      "batter_id": "37b7c65d-8965-4614-b0c5-7da758002146",
      "game_id": "e4a3e9b2-d5a9-4238-883e-819e88e4b76f",
      "date": "2024-07-31",
      "time": "19:05:23.27",
      "pa_of_inning": 1,
      "pitch_of_pa": 2,
      "hit_trajectory_zc7": 0.00101,
      "hit_trajectory_zc8": -8e-05,
      "throw_speed": null,
      "pop_time": null,
      "exchange_time": null,
      "time_to_base": null,
      "catch_position_x": null,
      "catch_position_y": null,
      "catch_position_z": null,
      "throw_position_x": null,
      "throw_position_y": null,
      "throw_position_z": null,
      "base_position_x": null,
      "base_position_y": null,
      "base_position_z": null,
      "throw_trajectory_xc0": null,
      "throw_trajectory_xc1": null,
      "throw_trajectory_xc2": null,
      "throw_trajectory_yc0": null,
      "throw_trajectory_yc1": null,
      "throw_trajectory_yc2": null,
      "throw_trajectory_zc0": null,
      "throw_trajectory_zc1": null,
      "throw_trajectory_zc2": null,
      "inning": 2,
      "outs": 0,
      "balls": 0,
      "strikes": 1,
      "outs_on_play": 1,
      "runs_scored": 0,
      "y0": 50.0,
      "local_date_time": "2024-07-31T19:05:23.2700000-04:00",
      "catcher_id": "65fa5fdb-90bf-445f-b30a-79c876774d4b",
      "pitch_number": 61,
      "rel_speed": 81.85921,
      "vert_rel_angle": -0.453607,
      "horz_rel_angle": 3.915495,
      "spin_rate": 1902.5323,
      "spin_axis": 106.21072,
      "rel_height": 6.44435,
      "rel_side": -2.63657,
      "extension": 5.58881,
      "vert_break": -35.78825,
      "induced_vert_break": 6.41961,
      "horz_break": -17.52765,
      "plate_loc_height": 3.03742,
      "plate_loc_side": -0.43529,
      "zone_speed": 75.1282,
      "vert_appr_angle": -7.031471,
      "horz_appr_angle": 0.793147,
      "zone_time": 0.467593,
      "exit_speed": 88.52519,
      "angle": 45.358032,
      "direction": -11.654993,
      "hit_spin_rate": 4343.31,
      "position_at_110_x": 108.46201,
      "position_at_110_y": 106.54501,
      "position_at_110_z": -18.33008,
      "distance": null,
      "last_tracked_distance": 140.15114,
      "bearing": null,
      "hang_time": null,
      "pfxx": 10.03036,
      "pfxz": 3.73268,
      "x0": 2.31202,
      "z0": 6.3818,
      "vx0": -7.43744,
      "vy0": -118.69251,
      "vz0": -2.13138,
      "ax0": 14.33396,
      "ay0": 22.34319,
      "az0": -26.83985,
      "effective_velo": 80.60949,
      "max_height": 122.87483,
      "measured_duration": null,
      "speed_drop": 6.73101,
      "pitch_last_measured_x": null,
      "pitch_last_measured_y": null,
      "pitch_last_measured_z": null,
      "contact_position_x": 2.95101,
      "contact_position_y": 3.27654,
      "contact_position_z": 0.45517,
      "pitch_trajectory_xc0": 54.91292,
      "pitch_trajectory_xc1": -119.61376,
      "pitch_trajectory_xc2": 11.17159,
      "pitch_trajectory_yc0": 6.44686,
      "pitch_trajectory_yc1": -1.02472,
      "pitch_trajectory_yc2": -13.41992,
      "pitch_trajectory_zc0": 2.63087,
      "pitch_trajectory_zc1": -8.02845,
      "pitch_trajectory_zc2": 7.16698,
      "hit_spin_axis": 181.9148,
      "hit_trajectory_xc0": 2.95099,
      "hit_trajectory_xc1": 89.35508,
      "hit_trajectory_xc2": -23.55384,
      "hit_trajectory_xc3": 6.76541,
      "hit_trajectory_xc4": -1.59834,
      "hit_trajectory_xc5": 0.3193,
      "hit_trajectory_xc6": -0.04878,
      "hit_trajectory_xc7": 0.00433,
      "hit_trajectory_xc8": -0.00011,
      "hit_trajectory_yc0": 3.27656,
      "hit_trajectory_yc1": 92.37732,
      "hit_trajectory_yc2": -19.53894,
      "hit_trajectory_yc3": 0.68604,
      "hit_trajectory_yc4": 0.17686,
      "hit_trajectory_yc5": -0.09139,
      "hit_trajectory_yc6": 0.01927,
      "hit_trajectory_yc7": -0.00189,
      "hit_trajectory_yc8": 7e-05,
      "hit_trajectory_zc0": 0.45516,
      "hit_trajectory_zc1": -18.43014,
      "hit_trajectory_zc3": -0.87205,
      "hit_trajectory_zc4": 0.06555,
      "hit_trajectory_zc5": 0.01184,
      "hit_trajectory_zc6": -0.00551,
      "pitcher_throws": "Left",
      "pitcher_team_code": "LI",
      "batter_side": "Right",
      "batter_team_code": "YOR",
      "pitcher_set": null,
      "catcher_throws": "Right",
      "top_or_bottom": "Bottom",
      "tagged_pitch_type": "Undefined",
      "auto_pitch_type": "Changeup",
      "pitch_call": "InPlay",
      "k_or_bb": "Undefined",
      "tagged_hit_type": "FlyBall",
      "play_result": "Out",
      "notes": "NaN",
      "auto_hit_type": null,
      "tilt": "9:30",
      "catcher_throw_catch_confidence": null,
      "catcher_throw_release_confidence": null,
      "catcher_throw_location_confidence": null,
      "pitch_release_confidence": "High",
      "pitch_location_confidence": "High",
      "pitch_movement_confidence": "High",
      "hit_launch_confidence": "High",
      "hit_landing_confidence": "Low",
      "detected_shift": null,
      "first_b_position_at_release_x": null,
      "first_b_position_at_release_z": null,
      "second_b_position_at_release_x": null,
      "second_b_position_at_release_z": null,
      "third_b_position_at_release_x": null,
      "third_b_position_at_release_z": null,
      "ss_position_at_release_x": null,
      "ss_position_at_release_z": null,
      "lf_position_at_release_x": null,
      "lf_position_at_release_z": null,
      "cf_position_at_release_x": null,
      "cf_position_at_release_z": null,
      "rf_position_at_release_x": null,
      "rf_position_at_release_z": null,
      "first_b_player_id": null,
      "second_b_player_id": null,
      "third_b_player_id": null,
      "ss_player_id": null,
      "lf_player_id": null,
      "cf_player_id": null,
      "rf_player_id": null
    },
    {
      "hit_trajectory_zc2": null,
      "pitcher_id": "1c547287-203f-4435-bf97-06369ad42e28",
      "batter_id": "37b7c65d-8965-4614-b0c5-7da758002146",
      "game_id": "e4a3e9b2-d5a9-4238-883e-819e88e4b76f",
      "date": "2024-07-31",
      "time": "19:05:12.02",
      "pa_of_inning": 1,
      "pitch_of_pa": 1,
      "hit_trajectory_zc7": null,
      "hit_trajectory_zc8": null,
      "throw_speed": null,
      "pop_time": null,
      "exchange_time": null,
      "time_to_base": null,
      "catch_position_x": null,
      "catch_position_y": null,
      "catch_position_z": null,
      "throw_position_x": null,
      "throw_position_y": null,
      "throw_position_z": null,
      "base_position_x": null,
      "base_position_y": null,
      "base_position_z": null,
      "throw_trajectory_xc0": null,
      "throw_trajectory_xc1": null,
      "throw_trajectory_xc2": null,
      "throw_trajectory_yc0": null,
      "throw_trajectory_yc1": null,
      "throw_trajectory_yc2": null,
      "throw_trajectory_zc0": null,
      "throw_trajectory_zc1": null,
      "throw_trajectory_zc2": null,
      "inning": 2,
      "outs": 0,
      "balls": 0,
      "strikes": 0,
      "outs_on_play": 0,
      "runs_scored": 0,
      "y0": 50.0,
      "local_date_time": "2024-07-31T19:05:12.0230000-04:00",
      "catcher_id": "65fa5fdb-90bf-445f-b30a-79c876774d4b",
      "pitch_number": 60,
      "rel_speed": 88.20396,
      "vert_rel_angle": -2.939921,
      "horz_rel_angle": 4.21842,
      "spin_rate": 2138.3308,
      "spin_axis": 146.21912,
      "rel_height": 6.56939,
      "rel_side": -2.41281,
      "extension": 5.73546,
      "vert_break": -19.87674,
      "induced_vert_break": 16.55839,
      "horz_break": -10.2643,
      "plate_loc_height": 2.16543,
      "plate_loc_side": 0.66723,
      "zone_speed": 80.51383,
      "vert_appr_angle": -6.671618,
      "horz_appr_angle": 2.388252,
      "zone_time": 0.434442,
      "exit_speed": null,
      "angle": null,
      "direction": null,
      "hit_spin_rate": null,
      "position_at_110_x": null,
      "position_at_110_y": null,
      "position_at_110_z": null,
      "distance": null,
      "last_tracked_distance": null,
      "bearing": null,
      "hang_time": null,
      "pfxx": 6.39115,
      "pfxz": 9.61426,
      "x0": 2.06712,
      "z0": 6.31157,
      "vx0": -8.96752,
      "vy0": -127.57946,
      "vz0": -7.18689,
      "ax0": 10.51679,
      "ay0": 26.64034,
      "az0": -16.35356,
      "effective_velo": 86.7606,
      "max_height": null,
      "measured_duration": null,
      "speed_drop": 7.69013,
      "pitch_last_measured_x": null,
      "pitch_last_measured_y": null,
      "pitch_last_measured_z": null,
      "contact_position_x": null,
      "contact_position_y": null,
      "contact_position_z": null,
      "pitch_trajectory_xc0": 54.76224,
      "pitch_trajectory_xc1": -128.57002,
      "pitch_trajectory_xc2": 13.32017,
      "pitch_trajectory_yc0": 6.56749,
      "pitch_trajectory_yc1": -6.57882,
      "pitch_trajectory_yc2": -8.17678,
      "pitch_trajectory_zc0": 2.40783,
      "pitch_trajectory_zc1": -9.35857,
      "pitch_trajectory_zc2": 5.2584,
      "hit_spin_axis": null,
      "hit_trajectory_xc0": null,
      "hit_trajectory_xc1": null,
      "hit_trajectory_xc2": null,
      "hit_trajectory_xc3": null,
      "hit_trajectory_xc4": null,
      "hit_trajectory_xc5": null,
      "hit_trajectory_xc6": null,
      "hit_trajectory_xc7": null,
      "hit_trajectory_xc8": null,
      "hit_trajectory_yc0": null,
      "hit_trajectory_yc1": null,
      "hit_trajectory_yc2": null,
      "hit_trajectory_yc3": null,
      "hit_trajectory_yc4": null,
      "hit_trajectory_yc5": null,
      "hit_trajectory_yc6": null,
      "hit_trajectory_yc7": null,
      "hit_trajectory_yc8": null,
      "hit_trajectory_zc0": null,
      "hit_trajectory_zc1": null,
      "hit_trajectory_zc3": null,
      "hit_trajectory_zc4": null,
      "hit_trajectory_zc5": null,
      "hit_trajectory_zc6": null,
      "pitcher_throws": "Left",
      "pitcher_team_code": "LI",
      "batter_side": "Right",
      "batter_team_code": "YOR",
      "pitcher_set": null,
      "catcher_throws": "Right",
      "top_or_bottom": "Bottom",
      "tagged_pitch_type": "Undefined",
      "auto_pitch_type": "Four-Seam",
      "pitch_call": "StrikeCalled",
      "k_or_bb": "Undefined",
      "tagged_hit_type": "Undefined",
      "play_result": "Undefined",
      "notes": "NaN",
      "auto_hit_type": null,
      "tilt": "10:45",
      "catcher_throw_catch_confidence": null,
      "catcher_throw_release_confidence": null,
      "catcher_throw_location_confidence": null,
      "pitch_release_confidence": "High",
      "pitch_location_confidence": "High",
      "pitch_movement_confidence": "High",
      "hit_launch_confidence": null,
      "hit_landing_confidence": null,
      "detected_shift": null,
      "first_b_position_at_release_x": null,
      "first_b_position_at_release_z": null,
      "second_b_position_at_release_x": null,
      "second_b_position_at_release_z": null,
      "third_b_position_at_release_x": null,
      "third_b_position_at_release_z": null,
      "ss_position_at_release_x": null,
      "ss_position_at_release_z": null,
      "lf_position_at_release_x": null,
      "lf_position_at_release_z": null,
      "cf_position_at_release_x": null,
      "cf_position_at_release_z": null,
      "rf_position_at_release_x": null,
      "rf_position_at_release_z": null,
      "first_b_player_id": null,
      "second_b_player_id": null,
      "third_b_player_id": null,
      "ss_player_id": null,
      "lf_player_id": null,
      "cf_player_id": null,
      "rf_player_id": null
    },
    {
      "hit_trajectory_zc2": null,
      "pitcher_id": "1c547287-203f-4435-bf97-06369ad42e28",
      "batter_id": "37b7c65d-8965-4614-b0c5-7da758002146",
      "game_id": "e4a3e9b2-d5a9-4238-883e-819e88e4b76f",
      "date": null,
      "time": null,
      "pa_of_inning": 1,
      "pitch_of_pa": 2,
      "hit_trajectory_zc7": null,
      "hit_trajectory_zc8": null,
      "throw_speed": null,
      "pop_time": null,
      "exchange_time": null,
      "time_to_base": null,
      "catch_position_x": null,
      "catch_position_y": null,
      "catch_position_z": null,
      "throw_position_x": null,
      "throw_position_y": null,
      "throw_position_z": null,
      "base_position_x": null,
      "base_position_y": null,
      "base_position_z": null,
      "throw_trajectory_xc0": null,
      "throw_trajectory_xc1": null,
      "throw_trajectory_xc2": null,
      "throw_trajectory_yc0": null,
      "throw_trajectory_yc1": null,
      "throw_trajectory_yc2": null,
      "throw_trajectory_zc0": null,
      "throw_trajectory_zc1": null,
      "throw_trajectory_zc2": null,
      "inning": 4,
      "outs": 0,
      "balls": 0,
      "strikes": 0,
      "outs_on_play": 0,
      "runs_scored": 0,
      "y0": null,
      "local_date_time": null,
      "catcher_id": "65fa5fdb-90bf-445f-b30a-79c876774d4b",
      "pitch_number": 113,
      "rel_speed": null,
      "vert_rel_angle": null,
      "horz_rel_angle": null,
      "spin_rate": null,
      "spin_axis": null,
      "rel_height": null,
      "rel_side": null,
      "extension": null,
      "vert_break": null,
      "induced_vert_break": null,
      "horz_break": null,
      "plate_loc_height": null,
      "plate_loc_side": null,
      "zone_speed": null,
      "vert_appr_angle": null,
      "horz_appr_angle": null,
      "zone_time": null,
      "exit_speed": null,
      "angle": null,
      "direction": null,
      "hit_spin_rate": null,
      "position_at_110_x": null,
      "position_at_110_y": null,
      "position_at_110_z": null,
      "distance": null,
      "last_tracked_distance": null,
      "bearing": null,
      "hang_time": null,
      "pfxx": null,
      "pfxz": null,
      "x0": null,
      "z0": null,
      "vx0": null,
      "vy0": null,
      "vz0": null,
      "ax0": null,
      "ay0": null,
      "az0": null,
      "effective_velo": null,
      "max_height": null,
      "measured_duration": null,
      "speed_drop": null,
      "pitch_last_measured_x": null,
      "pitch_last_measured_y": null,
      "pitch_last_measured_z": null,
      "contact_position_x": null,
      "contact_position_y": null,
      "contact_position_z": null,
      "pitch_trajectory_xc0": null,
      "pitch_trajectory_xc1": null,
      "pitch_trajectory_xc2": null,
      "pitch_trajectory_yc0": null,
      "pitch_trajectory_yc1": null,
      "pitch_trajectory_yc2": null,
      "pitch_trajectory_zc0": null,
      "pitch_trajectory_zc1": null,
      "pitch_trajectory_zc2": null,
      "hit_spin_axis": null,
      "hit_trajectory_xc0": null,
      "hit_trajectory_xc1": null,
      "hit_trajectory_xc2": null,
      "hit_trajectory_xc3": null,
      "hit_trajectory_xc4": null,
      "hit_trajectory_xc5": null,
      "hit_trajectory_xc6": null,
      "hit_trajectory_xc7": null,
      "hit_trajectory_xc8": null,
      "hit_trajectory_yc0": null,
      "hit_trajectory_yc1": null,
      "hit_trajectory_yc2": null,
      "hit_trajectory_yc3": null,
      "hit_trajectory_yc4": null,
      "hit_trajectory_yc5": null,
      "hit_trajectory_yc6": null,
      "hit_trajectory_yc7": null,
      "hit_trajectory_yc8": null,
      "hit_trajectory_zc0": null,
      "hit_trajectory_zc1": null,
      "hit_trajectory_zc3": null,
      "hit_trajectory_zc4": null,
      "hit_trajectory_zc5": null,
      "hit_trajectory_zc6": null,
      "pitcher_throws": "Left",
      "pitcher_team_code": "LI",
      "batter_side": "Right",
      "batter_team_code": "YOR",
      "pitcher_set": null,
      "catcher_throws": "Right",
      "top_or_bottom": "Bottom",
      "tagged_pitch_type": "Undefined",
      "auto_pitch_type": null,
      "pitch_call": "InPlay",
      "k_or_bb": "Undefined",
      "tagged_hit_type": "GroundBall",
      "play_result": "Single",
      "notes": "NaN",
      "auto_hit_type": null,
      "tilt": null,
      "catcher_throw_catch_confidence": null,
      "catcher_throw_release_confidence": null,
      "catcher_throw_location_confidence": null,
      "pitch_release_confidence": null,
      "pitch_location_confidence": null,
      "pitch_movement_confidence": null,
      "hit_launch_confidence": null,
      "hit_landing_confidence": null,
      "detected_shift": null,
      "first_b_position_at_release_x": null,
      "first_b_position_at_release_z": null,
      "second_b_position_at_release_x": null,
      "second_b_position_at_release_z": null,
      "third_b_position_at_release_x": null,
      "third_b_position_at_release_z": null,
      "ss_position_at_release_x": null,
      "ss_position_at_release_z": null,
      "lf_position_at_release_x": null,
      "lf_position_at_release_z": null,
      "cf_position_at_release_x": null,
      "cf_position_at_release_z": null,
      "rf_position_at_release_x": null,
      "rf_position_at_release_z": null,
      "first_b_player_id": null,
      "second_b_player_id": null,
      "third_b_player_id": null,
      "ss_player_id": null,
      "lf_player_id": null,
      "cf_player_id": null,
      "rf_player_id": null
    }
  ],
  "meta": {
    "page": 1,
    "limit": 1000,
    "total": 8
  }
}