{
  "success": true,
  "message": "Pitches retrieved successfully",
  "data": [
    {
      "hit_trajectory_zc2": null,
      "pitcher_id": "a2900422-bd1f-4f84-97e9-0b8f0647120b",
      "batter_id": "7cf15cf8-3c4f-48a1-b5f8-e6be0558f933",
      "game_id": "6ed2a1ed-4856-4c4d-8cdd-72ad821229d8",
      "date": "2024-07-18",
      "time": "15:26:58.15",
      "pa_of_inning": 1,
      "pitch_of_pa": 4,
      "hit_trajectory_zc7": null,
      "hit_trajectory_zc8": null,
      "throw_speed": 47.41911,
      "pop_time": 2.720825,
      "exchange_time": 0.936499,
      "time_to_base": 1.784326,
      "catch_position_x": -0.71314,
      "catch_position_y": 1.99249,
      "catch_position_z": 0.30777,
      "throw_position_x": -2.68225,
      "throw_position_y": 4.6194,
      "throw_position_z": 0.93887,
      "base_position_x": 70.72508,
      "base_position_y": 18.5585,
      "base_position_z": -54.2755,
      "throw_trajectory_xc0": -2.53585,
      "throw_trajectory_xc1": 44.76505,
      "throw_trajectory_xc2": -2.06303,
      "throw_trajectory_yc0": 5.05624,
      "throw_trajectory_yc1": 35.25223,
      "throw_trajectory_yc2": -15.45092,
      "throw_trajectory_zc0": 0.67485,
      "throw_trajectory_zc1": -34.89388,
      "throw_trajectory_zc2": 2.26655,
      "inning": 5,
      "outs": 0,
      "balls": 1,
      "strikes": 2,
      "outs_on_play": 0,
      "runs_scored": 0,
      "y0": 50.0,
      "local_date_time": "2024-07-18T15:26:58.1520000-04:00",
      "catcher_id": "a594069e-9113-4cec-8142-75e2cbaff9c0",
      "pitch_number": 149,
      "rel_speed": 81.77477,
      "vert_rel_angle": 0.854293,
      "horz_rel_angle": 0.6589,
      "spin_rate": 2684.3608,
      "spin_axis": 301.34738,
      "rel_height": 5.54029,
      "rel_side": -1.92661,
      "extension": 5.15741,
      "vert_break": -48.55786,
      "induced_vert_break": -5.07225,
      "horz_break": 10.81599,
      "plate_loc_height": 2.29807,
      "plate_loc_side": -0.40503,
      "zone_speed": 74.21627,
      "vert_appr_angle": -7.96717,
      "horz_appr_angle": 2.576487,
      "zone_time": 0.474618,
      "exit_speed": null,
      "angle": null,
      "direction": null,
      "hit_spin_rate": null,
      "position_at_110_x": null,
      "position_at_110_y": null,
      "position_at_110_z": null,
      "distance": null,
      "last_tracked_distance": null,
      "bearing": null,
      "hang_time": null,
      "pfxx": -5.15217,
      "pfxz": -2.3113,
      "x0": 1.85652,
      "z0": 5.583,
      "vx0": -1.82902,
      "vy0": -118.54041,
      "vz0": -0.04246,
      "ax0": -7.22828,
      "ay0": 25.6218,
      "az0": -35.41669,
      "effective_velo": 79.41637,
      "max_height": null,
      "measured_duration": null,
      "speed_drop": 7.55849,
      "pitch_last_measured_x": null,
      "pitch_last_measured_y": null,
      "pitch_last_measured_z": null,
      "contact_position_x": null,
      "contact_position_y": null,
      "contact_position_z": null,
      "pitch_trajectory_xc0": 55.34143,
      "pitch_trajectory_xc1": -119.68936,
      "pitch_trajectory_xc2": 12.8109,
      "pitch_trajectory_yc0": 5.5493,
      "pitch_trajectory_yc1": 1.54572,
      "pitch_trajectory_yc2": -17.70835,
      "pitch_trajectory_zc0": 1.93127,
      "pitch_trajectory_zc1": -1.50488,
      "pitch_trajectory_zc2": -3.61414,
      "hit_spin_axis": null,
      "hit_trajectory_xc0": null,
      "hit_trajectory_xc1": null,
      "hit_trajectory_xc2": null,
      "hit_trajectory_xc3": null,
      "hit_trajectory_xc4": null,
      "hit_trajectory_xc5": null,
      "hit_trajectory_xc6": null,
      "hit_trajectory_xc7": null,
      "hit_trajectory_xc8": null,
      "hit_trajectory_yc0": null,
      "hit_trajectory_yc1": null,
      "hit_trajectory_yc2": null,
      "hit_trajectory_yc3": null,
      "hit_trajectory_yc4": null,
      "hit_trajectory_yc5": null,
      "hit_trajectory_yc6": null,
      "hit_trajectory_yc7": null,
      "hit_trajectory_yc8": null,
      "hit_trajectory_zc0": null,
      "hit_trajectory_zc1": null,
      "hit_trajectory_zc3": null,
      "hit_trajectory_zc4": null,
      "hit_trajectory_zc5": null,
      "hit_trajectory_zc6": null,
      "pitcher_throws": "Left",
      "pitcher_team_code": "HP",
      "batter_side": "Right",
      "batter_team_code": "YOR",
      "pitcher_set": null,
      "catcher_throws": "Right",
      "top_or_bottom": "Bottom",
      "tagged_pitch_type": "Undefined",
      "auto_pitch_type": "Slider",
      "pitch_call": "StrikeCalled",
      "k_or_bb": "Strikeout",
      "tagged_hit_type": "Undefined",
      "play_result": "Undefined",
      "notes": "NaN",
      "auto_hit_type": null,
      "tilt": "4:00",
      "catcher_throw_catch_confidence": "High",
      "catcher_throw_release_confidence": "Medium",
      "catcher_throw_location_confidence": "High",
      "pitch_release_confidence": "High",
      "pitch_location_confidence": "High",
      "pitch_movement_confidence": "High",
      "hit_launch_confidence": null,
      "hit_landing_confidence": null,
      "detected_shift": null,
      "first_b_position_at_release_x": null,
      "first_b_position_at_release_z": null,
      "second_b_position_at_release_x": null,
      "second_b_position_at_release_z": null,
      "third_b_position_at_release_x": null,
      "third_b_position_at_release_z": null,
      "ss_position_at_release_x": null,
      "ss_position_at_release_z": null,
      "lf_position_at_release_x": null,
      "lf_position_at_release_z": null,
      "cf_position_at_release_x": null,
      "cf_position_at_release_z": null,
      "rf_position_at_release_x": null,
      "rf_position_at_release_z": null,
      "first_b_player_id": null,
      "second_b_player_id": null,
      "third_b_player_id": null,
      "ss_player_id": null,
      "lf_player_id": null,
      "cf_player_id": null,
      "rf_player_id": null
    },
    {
      "hit_trajectory_zc2": null,
      "pitcher_id": "a2900422-bd1f-4f84-97e9-0b8f0647120b",
      "batter_id": "7cf15cf8-3c4f-48a1-b5f8-e6be0558f933",
      "game_id": "6ed2a1ed-4856-4c4d-8cdd-72ad821229d8",
      "date": "2024-07-18",
      "time": "15:26:41.87",
      "pa_of_inning": 1,
      "pitch_of_pa": 3,
      "hit_trajectory_zc7": null,
      "hit_trajectory_zc8": null,
      "throw_speed": null,
      "pop_time": null,
      "exchange_time": null,
      "time_to_base": null,
      "catch_position_x": null,
      "catch_position_y": null,
      "catch_position_z": null,
      "throw_position_x": null,
      "throw_position_y": null,
      "throw_position_z": null,
      "base_position_x": null,
      "base_position_y": null,
      "base_position_z": null,
      "throw_trajectory_xc0": null,
      "throw_trajectory_xc1": null,
      "throw_trajectory_xc2": null,
      "throw_trajectory_yc0": null,
      "throw_trajectory_yc1": null,
      "throw_trajectory_yc2": null,
      "throw_trajectory_zc0": null,
      "throw_trajectory_zc1": null,
      "throw_trajectory_zc2": null,
      "inning": 5,
      "outs": 0,
      "balls": 0,
      "strikes": 2,
      "outs_on_play": 0,
      "runs_scored": 0,
      "y0": 50.0,
      "local_date_time": "2024-07-18T15:26:41.8770000-04:00",
      "catcher_id": "a594069e-9113-4cec-8142-75e2cbaff9c0",
      "pitch_number": 148,
      "rel_speed": 89.05189,
      "vert_rel_angle": -0.226234,
      "horz_rel_angle": 1.468165,
      "spin_rate": 2287.063,
      "spin_axis": 158.54758,
      "rel_height": 5.95333,
      "rel_side": -1.12811,
      "extension": 5.55243,
      "vert_break": -18.60265,
      "induced_vert_break": 17.58973,
      "horz_break": -6.39819,
      "plate_loc_height": 4.19165,
      "plate_loc_side": -0.28911,
      "zone_speed": 80.123,
      "vert_appr_angle": -3.767496,
      "horz_appr_angle": 0.327607,
      "zone_time": 0.432992,
      "exit_speed": null,
      "angle": null,
      "direction": null,
      "hit_spin_rate": null,
      "position_at_110_x": null,
      "position_at_110_y": null,
      "position_at_110_z": null,
      "distance": null,
      "last_tracked_distance": null,
      "bearing": null,
      "hang_time": null,
      "pfxx": 3.68461,
      "pfxz": 9.31827,
      "x0": 1.00539,
      "z0": 5.92188,
      "vx0": -3.0187,
      "vy0": -129.05136,
      "vz0": -1.08389,
      "ax0": 6.12262,
      "ay0": 30.5316,
      "az0": -16.69004,
      "effective_velo": 87.05112,
      "max_height": null,
      "measured_duration": null,
      "speed_drop": 8.92889,
      "pitch_last_measured_x": null,
      "pitch_last_measured_y": null,
      "pitch_last_measured_z": null,
      "contact_position_x": null,
      "contact_position_y": null,
      "contact_position_z": null,
      "pitch_trajectory_xc0": 54.94296,
      "pitch_trajectory_xc1": -130.21553,
      "pitch_trajectory_xc2": 15.2658,
      "pitch_trajectory_yc0": 5.95107,
      "pitch_trajectory_yc1": -0.44749,
      "pitch_trajectory_yc2": -8.34502,
      "pitch_trajectory_zc0": 1.12495,
      "pitch_trajectory_zc1": -3.25216,
      "pitch_trajectory_zc2": 3.06131,
      "hit_spin_axis": null,
      "hit_trajectory_xc0": null,
      "hit_trajectory_xc1": null,
      "hit_trajectory_xc2": null,
      "hit_trajectory_xc3": null,
      "hit_trajectory_xc4": null,
      "hit_trajectory_xc5": null,
      "hit_trajectory_xc6": null,
      "hit_trajectory_xc7": null,
      "hit_trajectory_xc8": null,
      "hit_trajectory_yc0": null,
      "hit_trajectory_yc1": null,
      "hit_trajectory_yc2": null,
      "hit_trajectory_yc3": null,
      "hit_trajectory_yc4": null,
      "hit_trajectory_yc5": null,
      "hit_trajectory_yc6": null,
      "hit_trajectory_yc7": null,
      "hit_trajectory_yc8": null,
      "hit_trajectory_zc0": null,
      "hit_trajectory_zc1": null,
      "hit_trajectory_zc3": null,
      "hit_trajectory_zc4": null,
      "hit_trajectory_zc5": null,
      "hit_trajectory_zc6": null,
      "pitcher_throws": "Left",
      "pitcher_team_code": "HP",
      "batter_side": "Right",
      "batter_team_code": "YOR",
      "pitcher_set": null,
      "catcher_throws": "Right",
      "top_or_bottom": "Bottom",
      "tagged_pitch_type": "Undefined",
      "auto_pitch_type": "Four-Seam",
      "pitch_call": "BallCalled",
      "k_or_bb": "Undefined",
      "tagged_hit_type": "Undefined",
      "play_result": "Undefined",
      "notes": "NaN",
      "auto_hit_type": null,
      "tilt": "11:15",
      "catcher_throw_catch_confidence": null,
      "catcher_throw_release_confidence": null,
      "catcher_throw_location_confidence": null,
      "pitch_release_confidence": "High",
      "pitch_location_confidence": "High",
      "pitch_movement_confidence": "High",
      "hit_launch_confidence": null,
      "hit_landing_confidence": null,
      "detected_shift": null,
      "first_b_position_at_release_x": null,
      "first_b_position_at_release_z": null,
      "second_b_position_at_release_x": null,
      "second_b_position_at_release_z": null,
      "third_b_position_at_release_x": null,
      "third_b_position_at_release_z": null,
      "ss_position_at_release_x": null,
      "ss_position_at_release_z": null,
      "lf_position_at_release_x": null,
      "lf_position_at_release_z": null,
      "cf_position_at_release_x": null,
      "cf_position_at_release_z": null,
      "rf_position_at_release_x": null,
      "rf_position_at_release_z": null,
      "first_b_player_id": null,
      "second_b_player_id": null,
      "third_b_player_id": null,
      "ss_player_id": null,
      "lf_player_id": null,
      "cf_player_id": null,
      "rf_player_id": null
    },
    {
      "hit_trajectory_zc2": null,
      "pitcher_id": "a2900422-bd1f-4f84-97e9-0b8f0647120b",
      "batter_id": "7cf15cf8-3c4f-48a1-b5f8-e6be0558f933",
      "game_id": "6ed2a1ed-4856-4c4d-8cdd-72ad821229d8",
      "date": "2024-07-18",
      "time": "15:26:25.95",
      "pa_of_inning": 1,
      "pitch_of_pa": 2,
      "hit_trajectory_zc7": null,
      "hit_trajectory_zc8": null,
      "throw_speed": null,
      "pop_time": null,
      "exchange_time": null,
      "time_to_base": null,
      "catch_position_x": null,
      "catch_position_y": null,
      "catch_position_z": null,
      "throw_position_x": null,
      "throw_position_y": null,
      "throw_position_z": null,
      "base_position_x": null,
      "base_position_y": null,
      "base_position_z": null,
      "throw_trajectory_xc0": null,
      "throw_trajectory_xc1": null,
      "throw_trajectory_xc2": null,
      "throw_trajectory_yc0": null,
      "throw_trajectory_yc1": null,
      "throw_trajectory_yc2": null,
      "throw_trajectory_zc0": null,
      "throw_trajectory_zc1": null,
      "throw_trajectory_zc2": null,
      "inning": 5,
      "outs": 0,
      "balls": 0,
      "strikes": 1,
      "outs_on_play": 0,
      "runs_scored": 0,
      "y0": 50.0,
      "local_date_time": "2024-07-18T15:26:25.9540000-04:00",
      "catcher_id": "a594069e-9113-4cec-8142-75e2cbaff9c0",
      "pitch_number": 147,
      "rel_speed": 81.3393,
      "vert_rel_angle": -2.478358,
      "horz_rel_angle": 2.452072,
      "spin_rate": 1826.1376,
      "spin_axis": 128.17792,
      "rel_height": 5.87819,
      "rel_side": -1.34462,
      "extension": 5.35475,
      "vert_break": -31.09258,
      "induced_vert_break": 12.09402,
      "horz_break": -13.61103,
      "plate_loc_height": 0.95919,
      "plate_loc_side": -0.17775,
      "zone_speed": 74.72944,
      "vert_appr_angle": -8.181729,
      "horz_appr_angle": 0.032263,
      "zone_time": 0.472983,
      "exit_speed": null,
      "angle": null,
      "direction": null,
      "hit_spin_rate": null,
      "position_at_110_x": null,
      "position_at_110_y": null,
      "position_at_110_z": null,
      "distance": null,
      "last_tracked_distance": null,
      "bearing": null,
      "hang_time": null,
      "pfxx": 7.55016,
      "pfxz": 7.17351,
      "x0": 1.13418,
      "z0": 5.63296,
      "vx0": -4.49835,
      "vy0": -117.89551,
      "vz0": -6.14268,
      "ax0": 10.62918,
      "ay0": 22.36053,
      "az0": -22.07514,
      "effective_velo": 79.69084,
      "max_height": null,
      "measured_duration": null,
      "speed_drop": 6.60986,
      "pitch_last_measured_x": null,
      "pitch_last_measured_y": null,
      "pitch_last_measured_z": null,
      "contact_position_x": null,
      "contact_position_y": null,
      "contact_position_z": null,
      "pitch_trajectory_xc0": 55.14503,
      "pitch_trajectory_xc1": -118.86733,
      "pitch_trajectory_xc2": 11.18026,
      "pitch_trajectory_yc0": 5.87908,
      "pitch_trajectory_yc1": -5.18326,
      "pitch_trajectory_yc2": -11.03757,
      "pitch_trajectory_zc0": 1.33972,
      "pitch_trajectory_zc1": -4.96031,
      "pitch_trajectory_zc2": 5.31459,
      "hit_spin_axis": null,
      "hit_trajectory_xc0": null,
      "hit_trajectory_xc1": null,
      "hit_trajectory_xc2": null,
      "hit_trajectory_xc3": null,
      "hit_trajectory_xc4": null,
      "hit_trajectory_xc5": null,
      "hit_trajectory_xc6": null,
      "hit_trajectory_xc7": null,
      "hit_trajectory_xc8": null,
      "hit_trajectory_yc0": null,
      "hit_trajectory_yc1": null,
      "hit_trajectory_yc2": null,
      "hit_trajectory_yc3": null,
      "hit_trajectory_yc4": null,
      "hit_trajectory_yc5": null,
      "hit_trajectory_yc6": null,
      "hit_trajectory_yc7": null,
      "hit_trajectory_yc8": null,
      "hit_trajectory_zc0": null,
      "hit_trajectory_zc1": null,
      "hit_trajectory_zc3": null,
      "hit_trajectory_zc4": null,
      "hit_trajectory_zc5": null,
      "hit_trajectory_zc6": null,
      "pitcher_throws": "Left",
      "pitcher_team_code": "HP",
      "batter_side": "Right",
      "batter_team_code": "YOR",
      "pitcher_set": null,
      "catcher_throws": "Right",
      "top_or_bottom": "Bottom",
      "tagged_pitch_type": "Undefined",
      "auto_pitch_type": "Changeup",
      "pitch_call": "StrikeSwinging",
      "k_or_bb": "Undefined",
      "tagged_hit_type": "Undefined",
      "play_result": "Undefined",
      "notes": "NaN",
      "auto_hit_type": null,
      "tilt": "10:15",
      "catcher_throw_catch_confidence": null,
      "catcher_throw_release_confidence": null,
      "catcher_throw_location_confidence": null,
      "pitch_release_confidence": "High",
      "pitch_location_confidence": "High",
      "pitch_movement_confidence": "High",
      "hit_launch_confidence": null,
      "hit_landing_confidence": null,
      "detected_shift": null,
      "first_b_position_at_release_x": null,
      "first_b_position_at_release_z": null,
      "second_b_position_at_release_x": null,
      "second_b_position_at_release_z": null,
      "third_b_position_at_release_x": null,
      "third_b_position_at_release_z": null,
      "ss_position_at_release_x": null,
      "ss_position_at_release_z": null,
      "lf_position_at_release_x": null,
      "lf_position_at_release_z": null,
      "cf_position_at_release_x": null,
      "cf_position_at_release_z": null,
      "rf_position_at_release_x": null,
      "rf_position_at_release_z": null,
      "first_b_player_id": null,
      "second_b_player_id": null,
      "third_b_player_id": null,
      "ss_player_id": null,
      "lf_player_id": null,
      "cf_player_id": null,
      "rf_player_id": null
    },
    {
      "hit_trajectory_zc2": null,
      "pitcher_id": "a2900422-bd1f-4f84-97e9-0b8f0647120b",
      "batter_id": "7cf15cf8-3c4f-48a1-b5f8-e6be0558f933",
      "game_id": "6ed2a1ed-4856-4c4d-8cdd-72ad821229d8",
      "date": "2024-07-18",
      "time": "15:26:11.50",
      "pa_of_inning": 1,
      "pitch_of_pa": 1,
      "hit_trajectory_zc7": null,
      "hit_trajectory_zc8": null,
      "throw_speed": null,
      "pop_time": null,
      "exchange_time": null,
      "time_to_base": null,
      "catch_position_x": null,
      "catch_position_y": null,
      "catch_position_z": null,
      "throw_position_x": null,
      "throw_position_y": null,
      "throw_position_z": null,
      "base_position_x": null,
      "base_position_y": null,
      "base_position_z": null,
      "throw_trajectory_xc0": null,
      "throw_trajectory_xc1": null,
      "throw_trajectory_xc2": null,
      "throw_trajectory_yc0": null,
      "throw_trajectory_yc1": null,
      "throw_trajectory_yc2": null,
      "throw_trajectory_zc0": null,
      "throw_trajectory_zc1": null,
      "throw_trajectory_zc2": null,
      "inning": 5,
      "outs": 0,
      "balls": 0,
      "strikes": 0,
      "outs_on_play": 0,
      "runs_scored": 0,
      "y0": 50.0,
      "local_date_time": "2024-07-18T15:26:11.5040000-04:00",
      "catcher_id": "a594069e-9113-4cec-8142-75e2cbaff9c0",
      "pitch_number": 146,
      "rel_speed": 88.82742,
      "vert_rel_angle": -1.130152,
      "horz_rel_angle": 1.600153,
      "spin_rate": 2291.1968,
      "spin_axis": 161.82887,
      "rel_height": 5.95142,
      "rel_side": -1.22592,
      "extension": 5.58039,
      "vert_break": -18.05761,
      "induced_vert_break": 18.05103,
      "horz_break": -5.51859,
      "plate_loc_height": 3.3906,
      "plate_loc_side": -0.19098,
      "zone_speed": 80.52265,
      "vert_appr_angle": -4.555809,
      "horz_appr_angle": 0.615853,
      "zone_time": 0.432491,
      "exit_speed": null,
      "angle": null,
      "direction": null,
      "hit_spin_rate": null,
      "position_at_110_x": null,
      "position_at_110_y": null,
      "position_at_110_z": null,
      "distance": null,
      "last_tracked_distance": null,
      "bearing": null,
      "hang_time": null,
      "pfxx": 3.26414,
      "pfxz": 9.82595,
      "x0": 1.09195,
      "z0": 5.84271,
      "vx0": -3.35349,
      "vy0": -128.80356,
      "vz0": -3.0972,
      "ax0": 5.44085,
      "ay0": 28.70038,
      "az0": -15.79563,
      "effective_velo": 87.15199,
      "max_height": null,
      "measured_duration": null,
      "speed_drop": 8.30478,
      "pitch_last_measured_x": null,
      "pitch_last_measured_y": null,
      "pitch_last_measured_z": null,
      "contact_position_x": null,
      "contact_position_y": null,
      "contact_position_z": null,
      "pitch_trajectory_xc0": 54.91641,
      "pitch_trajectory_xc1": -129.89442,
      "pitch_trajectory_xc2": 14.35019,
      "pitch_trajectory_yc0": 5.94902,
      "pitch_trajectory_yc1": -2.49683,
      "pitch_trajectory_yc2": -7.89782,
      "pitch_trajectory_zc0": 1.22334,
      "pitch_trajectory_zc1": -3.5603,
      "pitch_trajectory_zc2": 2.72042,
      "hit_spin_axis": null,
      "hit_trajectory_xc0": null,
      "hit_trajectory_xc1": null,
      "hit_trajectory_xc2": null,
      "hit_trajectory_xc3": null,
      "hit_trajectory_xc4": null,
      "hit_trajectory_xc5": null,
      "hit_trajectory_xc6": null,
      "hit_trajectory_xc7": null,
      "hit_trajectory_xc8": null,
      "hit_trajectory_yc0": null,
      "hit_trajectory_yc1": null,
      "hit_trajectory_yc2": null,
      "hit_trajectory_yc3": null,
      "hit_trajectory_yc4": null,
      "hit_trajectory_yc5": null,
      "hit_trajectory_yc6": null,
      "hit_trajectory_yc7": null,
      "hit_trajectory_yc8": null,
      "hit_trajectory_zc0": null,
      "hit_trajectory_zc1": null,
      "hit_trajectory_zc3": null,
      "hit_trajectory_zc4": null,
      "hit_trajectory_zc5": null,
      "hit_trajectory_zc6": null,
      "pitcher_throws": "Left",
      "pitcher_team_code": "HP",
      "batter_side": "Right",
      "batter_team_code": "YOR",
      "pitcher_set": null,
      "catcher_throws": "Right",
      "top_or_bottom": "Bottom",
      "tagged_pitch_type": "Undefined",
      "auto_pitch_type": "Four-Seam",
      "pitch_call": "StrikeCalled",
      "k_or_bb": "Undefined",
      "tagged_hit_type": "Undefined",
      "play_result": "Undefined",
      "notes": "NaN",
      "auto_hit_type": null,
      "tilt": "11:30",
      "catcher_throw_catch_confidence": null,
      "catcher_throw_release_confidence": null,
      "catcher_throw_location_confidence": null,
      "pitch_release_confidence": "High",
      "pitch_location_confidence": "High",
      "pitch_movement_confidence": "High",
      "hit_launch_confidence": null,
      "hit_landing_confidence": null,
      "detected_shift": null,
      "first_b_position_at_release_x": null,
      "first_b_position_at_release_z": null,
      "second_b_position_at_release_x": null,
      "second_b_position_at_release_z": null,
      "third_b_position_at_release_x": null,
      "third_b_position_at_release_z": null,
      "ss_position_at_release_x": null,
      "ss_position_at_release_z": null,
      "lf_position_at_release_x": null,
      "lf_position_at_release_z": null,
      "cf_position_at_release_x": null,
      "cf_position_at_release_z": null,
      "rf_position_at_release_x": null,
      "rf_position_at_release_z": null,
      "first_b_player_id": null,
      "second_b_player_id": null,
      "third_b_player_id": null,
      "ss_player_id": null,
      "lf_player_id": null,
      "cf_player_id": null,
      "rf_player_id": null
    },
    {
      "hit_trajectory_zc2": 3.20367,
      "pitcher_id": "a2900422-bd1f-4f84-97e9-0b8f0647120b",
      "batter_id": "7cf15cf8-3c4f-48a1-b5f8-e6be0558f933",
      "game_id": "6ed2a1ed-4856-4c4d-8cdd-72ad821229d8",
      "date": "2024-07-18",
      "time": "14:51:03.94",
      "pa_of_inning": 2,
      "pitch_of_pa": 1,
      "hit_trajectory_zc7": -0.04345,
      "hit_trajectory_zc8": 0.00917,
      "throw_speed": null,
      "pop_time": null,
      "exchange_time": null,
      "time_to_base": null,
      "catch_position_x": null,
      "catch_position_y": null,
      "catch_position_z": null,
      "throw_position_x": null,
      "throw_position_y": null,
      "throw_position_z": null,
      "base_position_x": null,
      "base_position_y": null,
      "base_position_z": null,
      "throw_trajectory_xc0": null,
      "throw_trajectory_xc1": null,
      "throw_trajectory_xc2": null,
      "throw_trajectory_yc0": null,
      "throw_trajectory_yc1": null,
      "throw_trajectory_yc2": null,
      "throw_trajectory_zc0": null,
      "throw_trajectory_zc1": null,
      "throw_trajectory_zc2": null,
      "inning": 2,
      "outs": 1,
      "balls": 0,
      "strikes": 0,
      "outs_on_play": 0,
      "runs_scored": 0,
      "y0": 50.0,
      "local_date_time": "2024-07-18T14:51:03.9480000-04:00",
      "catcher_id": "a594069e-9113-4cec-8142-75e2cbaff9c0",
      "pitch_number": 87,
      "rel_speed": 90.31162,
      "vert_rel_angle": -3.242563,
      "horz_rel_angle": 2.036422,
      "spin_rate": 2332.9636,
      "spin_axis": 149.20555,
      "rel_height": 5.93231,
      "rel_side": -1.15636,
      "extension": 5.45005,
      "vert_break": -16.92237,
      "induced_vert_break": 18.09981,
      "horz_break": -10.09237,
      "plate_loc_height": 1.48125,
      "plate_loc_side": -0.09008,
      "zone_speed": 82.42316,
      "vert_appr_angle": -6.42573,
      "horz_appr_angle": 0.240556,
      "zone_time": 0.425935,
      "exit_speed": 87.683,
      "angle": 7.253164,
      "direction": 15.532715,
      "hit_spin_rate": 3096.6506,
      "position_at_110_x": 104.17714,
      "position_at_110_y": 6.33591,
      "position_at_110_z": 35.31463,
      "distance": 157.77914,
      "last_tracked_distance": 153.38951,
      "bearing": 20.328558,
      "hang_time": 1.471058,
      "pfxx": 5.69866,
      "pfxz": 10.40977,
      "x0": 0.98386,
      "z0": 5.63442,
      "vx0": -4.20385,
      "vy0": -130.83032,
      "vz0": -7.9639,
      "ax0": 9.8514,
      "ay0": 28.27202,
      "az0": -14.17844,
      "effective_velo": 88.4935,
      "max_height": 7.22391,
      "measured_duration": null,
      "speed_drop": 7.88845,
      "pitch_last_measured_x": null,
      "pitch_last_measured_y": null,
      "pitch_last_measured_z": null,
      "contact_position_x": 1.84136,
      "contact_position_y": 1.55176,
      "contact_position_z": 0.09101,
      "pitch_trajectory_xc0": 55.04949,
      "pitch_trajectory_xc1": -131.91699,
      "pitch_trajectory_xc2": 14.13601,
      "pitch_trajectory_yc0": 5.93005,
      "pitch_trajectory_yc1": -7.41894,
      "pitch_trajectory_yc2": -7.08922,
      "pitch_trajectory_zc0": 1.15271,
      "pitch_trajectory_zc1": -4.5825,
      "pitch_trajectory_zc2": 4.9257,
      "hit_spin_axis": 230.38405,
      "hit_trajectory_xc0": 1.84136,
      "hit_trajectory_xc1": 122.91395,
      "hit_trajectory_xc2": -21.49305,
      "hit_trajectory_xc3": 4.788,
      "hit_trajectory_xc4": -0.91129,
      "hit_trajectory_xc5": 0.15697,
      "hit_trajectory_xc6": -0.04838,
      "hit_trajectory_xc7": 0.0244,
      "hit_trajectory_xc8": -0.00552,
      "hit_trajectory_yc0": 1.55177,
      "hit_trajectory_yc1": 16.23433,
      "hit_trajectory_yc2": -11.31222,
      "hit_trajectory_yc3": -0.57696,
      "hit_trajectory_yc4": 0.27789,
      "hit_trajectory_yc5": -0.17589,
      "hit_trajectory_yc6": 0.19267,
      "hit_trajectory_yc7": -0.11327,
      "hit_trajectory_yc8": 0.02415,
      "hit_trajectory_zc0": 0.09102,
      "hit_trajectory_zc1": 34.16164,
      "hit_trajectory_zc3": -1.08454,
      "hit_trajectory_zc4": 0.28634,
      "hit_trajectory_zc5": -0.10126,
      "hit_trajectory_zc6": 0.07807,
      "pitcher_throws": "Left",
      "pitcher_team_code": "HP",
      "batter_side": "Right",
      "batter_team_code": "YOR",
      "pitcher_set": null,
      "catcher_throws": "Right",
      "top_or_bottom": "Bottom",
      "tagged_pitch_type": "Undefined",
      "auto_pitch_type": "Four-Seam",
      "pitch_call": "InPlay",
      "k_or_bb": "Undefined",
      "tagged_hit_type": "LineDrive",
      "play_result": "Single",
      "notes": "NaN",
      "auto_hit_type": "GroundBall",
      "tilt": "11:00",
      "catcher_throw_catch_confidence": null,
      "catcher_throw_release_confidence": null,
      "catcher_throw_location_confidence": null,
      "pitch_release_confidence": "High",
      "pitch_location_confidence": "High",
      "pitch_movement_confidence": "High",
      "hit_launch_confidence": "High",
      "hit_landing_confidence": "High",
      "detected_shift": null,
      "first_b_position_at_release_x": null,
      "first_b_position_at_release_z": null,
      "second_b_position_at_release_x": null,
      "second_b_position_at_release_z": null,
      "third_b_position_at_release_x": null,
      "third_b_position_at_release_z": null,
      "ss_position_at_release_x": null,
      "ss_position_at_release_z": null,
      "lf_position_at_release_x": null,
      "lf_position_at_release_z": null,
      "cf_position_at_release_x": null,
      "cf_position_at_release_z": null,
      "rf_position_at_release_x": null,
      "rf_position_at_release_z": null,
      "first_b_player_id": null,
      "second_b_player_id": null,
      "third_b_player_id": null,
      "ss_player_id": null,
      "lf_player_id": null,
      "cf_player_id": null,
      "rf_player_id": null
    },
    {
      "hit_trajectory_zc2": 5.93403,
      "pitcher_id": "7763c7cb-5807-4817-971c-3cc611aaa33c",
      "batter_id": "7cf15cf8-3c4f-48a1-b5f8-e6be0558f933",
      "game_id": "561e2eae-7c4d-4c45-8fa7-df426b8ecebb",
      "date": "2024-07-20",
      "time": "20:40:24.88",
      "pa_of_inning": 5,
      "pitch_of_pa": 3,
      "hit_trajectory_zc7": 0.00025,
      "hit_trajectory_zc8": -1e-05,
      "throw_speed": null,
      "pop_time": null,
      "exchange_time": null,
      "time_to_base": null,
      "catch_position_x": null,
      "catch_position_y": null,
      "catch_position_z": null,
      "throw_position_x": null,
      "throw_position_y": null,
      "throw_position_z": null,
      "base_position_x": null,
      "base_position_y": null,
      "base_position_z": null,
      "throw_trajectory_xc0": null,
      "throw_trajectory_xc1": null,
      "throw_trajectory_xc2": null,
      "throw_trajectory_yc0": null,
      "throw_trajectory_yc1": null,
      "throw_trajectory_yc2": null,
      "throw_trajectory_zc0": null,
      "throw_trajectory_zc1": null,
      "throw_trajectory_zc2": null,
      "inning": 7,
      "outs": 1,
      "balls": 1,
      "strikes": 1,
      "outs_on_play": 1,
      "runs_scored": 0,
      "y0": 50.0,
      "local_date_time": "2024-07-20T20:40:24.8860000-04:00",
      "catcher_id": "3e9c18fb-e229-4a45-9d85-ae3d8483207f",
      "pitch_number": 231,
      "rel_speed": 86.34442,
      "vert_rel_angle": -0.846689,
      "horz_rel_angle": -0.495241,
      "spin_rate": 2073.615,
      "spin_axis": 199.58305,
      "rel_height": 5.79869,
      "rel_side": 0.62503,
      "extension": 5.75674,
      "vert_break": -22.96419,
      "induced_vert_break": 14.81426,
      "horz_break": 4.82925,
      "plate_loc_height": 3.09678,
      "plate_loc_side": 0.56646,
      "zone_speed": 78.68384,
      "vert_appr_angle": -5.158121,
      "horz_appr_angle": 0.369612,
      "zone_time": 0.442378,
      "exit_speed": 95.20267,
      "angle": 39.518658,
      "direction": -11.608416,
      "hit_spin_rate": 4219.0786,
      "position_at_110_x": 108.05427,
      "position_at_110_y": 86.52973,
      "position_at_110_z": -20.5973,
      "distance": 340.766,
      "last_tracked_distance": 340.766,
      "bearing": -8.501684,
      "hang_time": 5.776548,
      "pfxx": -2.62252,
      "pfxz": 8.17087,
      "x0": -0.58703,
      "z0": 5.71467,
      "vx0": 0.88616,
      "vy0": -125.37318,
      "vz0": -2.57581,
      "ax0": -4.15468,
      "ay0": 26.44963,
      "az0": -19.22939,
      "effective_velo": 85.20417,
      "max_height": 119.61343,
      "measured_duration": null,
      "speed_drop": 7.66058,
      "pitch_last_measured_x": null,
      "pitch_last_measured_y": null,
      "pitch_last_measured_z": null,
      "contact_position_x": 2.73012,
      "contact_position_y": 3.19337,
      "contact_position_z": -0.57821,
      "pitch_trajectory_xc0": 54.74238,
      "pitch_trajectory_xc1": -126.3697,
      "pitch_trajectory_xc2": 13.22481,
      "pitch_trajectory_yc0": 5.79807,
      "pitch_trajectory_yc1": -1.85132,
      "pitch_trajectory_yc2": -9.6147,
      "pitch_trajectory_zc0": -0.62337,
      "pitch_trajectory_zc1": 1.04269,
      "pitch_trajectory_zc2": -2.07734,
      "hit_spin_axis": 184.42192,
      "hit_trajectory_xc0": 2.73799,
      "hit_trajectory_xc1": 105.36286,
      "hit_trajectory_xc2": -22.79164,
      "hit_trajectory_xc3": 5.26227,
      "hit_trajectory_xc4": -0.71878,
      "hit_trajectory_xc5": 0.02723,
      "hit_trajectory_xc6": 0.0071,
      "hit_trajectory_xc7": -0.00099,
      "hit_trajectory_xc8": 4e-05,
      "hit_trajectory_yc0": 3.19013,
      "hit_trajectory_yc1": 88.90237,
      "hit_trajectory_yc2": -19.38082,
      "hit_trajectory_yc3": 1.25375,
      "hit_trajectory_yc4": -0.1267,
      "hit_trajectory_yc5": -0.02849,
      "hit_trajectory_yc6": 0.01501,
      "hit_trajectory_yc7": -0.00229,
      "hit_trajectory_yc8": 0.00012,
      "hit_trajectory_zc0": -0.58033,
      "hit_trajectory_zc1": -21.63565,
      "hit_trajectory_zc3": -1.29122,
      "hit_trajectory_zc4": 0.16203,
      "hit_trajectory_zc5": -0.00281,
      "hit_trajectory_zc6": -0.00214,
      "pitcher_throws": "Right",
      "pitcher_team_code": "LEX_LEG",
      "batter_side": "Right",
      "batter_team_code": "YOR",
      "pitcher_set": null,
      "catcher_throws": "Right",
      "top_or_bottom": "Bottom",
      "tagged_pitch_type": "Undefined",
      "auto_pitch_type": "Four-Seam",
      "pitch_call": "InPlay",
      "k_or_bb": "Undefined",
      "tagged_hit_type": "FlyBall",
      "play_result": "Out",
      "notes": "NaN",
      "auto_hit_type": "FlyBall",
      "tilt": "12:45",
      "catcher_throw_catch_confidence": null,
      "catcher_throw_release_confidence": null,
      "catcher_throw_location_confidence": null,
      "pitch_release_confidence": "High",
      "pitch_location_confidence": "High",
      "pitch_movement_confidence": "High",
      "hit_launch_confidence": "High",
      "hit_landing_confidence": "Medium",
      "detected_shift": null,
      "first_b_position_at_release_x": null,
      "first_b_position_at_release_z": null,
      "second_b_position_at_release_x": null,
      "second_b_position_at_release_z": null,
      "third_b_position_at_release_x": null,
      "third_b_position_at_release_z": null,
      "ss_position_at_release_x": null,
      "ss_position_at_release_z": null,
      "lf_position_at_release_x": null,
      "lf_position_at_release_z": null,
      "cf_position_at_release_x": null,
      "cf_position_at_release_z": null,
      "rf_position_at_release_x": null,
      "rf_position_at_release_z": null,
      "first_b_player_id": null,
      "second_b_player_id": null,
      "third_b_player_id": null,
      "ss_player_id": null,
      "lf_player_id": null,
      "cf_player_id": null,
      "rf_player_id": null
    },
    {
      "hit_trajectory_zc2": null,
      "pitcher_id": "7763c7cb-5807-4817-971c-3cc611aaa33c",
      "batter_id": "7cf15cf8-3c4f-48a1-b5f8-e6be0558f933",
      "game_id": "561e2eae-7c4d-4c45-8fa7-df426b8ecebb",
      "date": "2024-07-20",
      "time": "20:39:50.37",
      "pa_of_inning": 5,
      "pitch_of_pa": 2,
      "hit_trajectory_zc7": null,
      "hit_trajectory_zc8": null,
      "throw_speed": 79.10819,
      "pop_time": 1.933796,
      "exchange_time": 0.676301,
      "time_to_base": 1.257495,
      "catch_position_x": -1.43578,
      "catch_position_y": 2.51315,
      "catch_position_z": 1.02044,
      "throw_position_x": -1.11133,
      "throw_position_y": 6.05724,
      "throw_position_z": 1.68111,
      "base_position_x": 127.27869,
      "base_position_y": 0.17922,
      "base_position_z": 1.36296,
      "throw_trajectory_xc0": -0.95793,
      "throw_trajectory_xc1": 114.08038,
      "throw_trajectory_xc2": -9.70234,
      "throw_trajectory_yc0": 6.05018,
      "throw_trajectory_yc1": 8.06518,
      "throw_trajectory_yc2": -10.12522,
      "throw_trajectory_zc0": 1.66858,
      "throw_trajectory_zc1": -1.0482,
      "throw_trajectory_zc2": 0.64654,
      "inning": 7,
      "outs": 1,
      "balls": 1,
      "strikes": 0,
      "outs_on_play": 0,
      "runs_scored": 0,
      "y0": 50.0,
      "local_date_time": "2024-07-20T20:39:50.3750000-04:00",
      "catcher_id": "3e9c18fb-e229-4a45-9d85-ae3d8483207f",
      "pitch_number": 230,
      "rel_speed": 86.74758,
      "vert_rel_angle": -1.450885,
      "horz_rel_angle": -2.054913,
      "spin_rate": 2099.5251,
      "spin_axis": 196.04529,
      "rel_height": 5.85615,
      "rel_side": 0.58384,
      "extension": 5.86478,
      "vert_break": -20.65505,
      "induced_vert_break": 16.50532,
      "horz_break": 4.4087,
      "plate_loc_height": 2.78592,
      "plate_loc_side": -0.95853,
      "zone_speed": 79.40033,
      "vert_appr_angle": -5.340538,
      "horz_appr_angle": -1.264597,
      "zone_time": 0.438744,
      "exit_speed": null,
      "angle": null,
      "direction": null,
      "hit_spin_rate": null,
      "position_at_110_x": null,
      "position_at_110_y": null,
      "position_at_110_z": null,
      "distance": null,
      "last_tracked_distance": null,
      "bearing": null,
      "hang_time": null,
      "pfxx": -2.8126,
      "pfxz": 9.19406,
      "x0": -0.4198,
      "z0": 5.72648,
      "vx0": 4.33463,
      "vy0": -125.90918,
      "vz0": -3.81386,
      "ax0": -4.51976,
      "ay0": 25.31324,
      "az0": -17.39943,
      "effective_velo": 85.90982,
      "max_height": null,
      "measured_duration": null,
      "speed_drop": 7.34725,
      "pitch_last_measured_x": null,
      "pitch_last_measured_y": null,
      "pitch_last_measured_z": null,
      "contact_position_x": null,
      "contact_position_y": null,
      "contact_position_z": null,
      "pitch_trajectory_xc0": 54.63305,
      "pitch_trajectory_xc1": -126.83721,
      "pitch_trajectory_xc2": 12.65662,
      "pitch_trajectory_yc0": 5.85461,
      "pitch_trajectory_yc1": -3.17597,
      "pitch_trajectory_yc2": -8.69971,
      "pitch_trajectory_zc0": -0.58175,
      "pitch_trajectory_zc1": 4.50033,
      "pitch_trajectory_zc2": -2.25988,
      "hit_spin_axis": null,
      "hit_trajectory_xc0": null,
      "hit_trajectory_xc1": null,
      "hit_trajectory_xc2": null,
      "hit_trajectory_xc3": null,
      "hit_trajectory_xc4": null,
      "hit_trajectory_xc5": null,
      "hit_trajectory_xc6": null,
      "hit_trajectory_xc7": null,
      "hit_trajectory_xc8": null,
      "hit_trajectory_yc0": null,
      "hit_trajectory_yc1": null,
      "hit_trajectory_yc2": null,
      "hit_trajectory_yc3": null,
      "hit_trajectory_yc4": null,
      "hit_trajectory_yc5": null,
      "hit_trajectory_yc6": null,
      "hit_trajectory_yc7": null,
      "hit_trajectory_yc8": null,
      "hit_trajectory_zc0": null,
      "hit_trajectory_zc1": null,
      "hit_trajectory_zc3": null,
      "hit_trajectory_zc4": null,
      "hit_trajectory_zc5": null,
      "hit_trajectory_zc6": null,
      "pitcher_throws": "Right",
      "pitcher_team_code": "LEX_LEG",
      "batter_side": "Right",
      "batter_team_code": "YOR",
      "pitcher_set": null,
      "catcher_throws": "Right",
      "top_or_bottom": "Bottom",
      "tagged_pitch_type": "Undefined",
      "auto_pitch_type": "Four-Seam",
      "pitch_call": "StrikeSwinging",
      "k_or_bb": "Undefined",
      "tagged_hit_type": "Undefined",
      "play_result": "Undefined",
      "notes": "NaN",
      "auto_hit_type": null,
      "tilt": "12:30",
      "catcher_throw_catch_confidence": "High",
      "catcher_throw_release_confidence": "High",
      "catcher_throw_location_confidence": "High",
      "pitch_release_confidence": "High",
      "pitch_location_confidence": "High",
      "pitch_movement_confidence": "High",
      "hit_launch_confidence": null,
      "hit_landing_confidence": null,
      "detected_shift": null,
      "first_b_position_at_release_x": null,
      "first_b_position_at_release_z": null,
      "second_b_position_at_release_x": null,
      "second_b_position_at_release_z": null,
      "third_b_position_at_release_x": null,
      "third_b_position_at_release_z": null,
      "ss_position_at_release_x": null,
      "ss_position_at_release_z": null,
      "lf_position_at_release_x": null,
      "lf_position_at_release_z": null,
      "cf_position_at_release_x": null,
      "cf_position_at_release_z": null,
      "rf_position_at_release_x": null,
      "rf_position_at_release_z": null,
      "first_b_player_id": null,
      "second_b_player_id": null,
      "third_b_player_id": null,
      "ss_player_id": null,
      "lf_player_id": null,
      "cf_player_id": null,
      "rf_player_id": null
    },
    {
      "hit_trajectory_zc2": null,
      "pitcher_id": "7763c7cb-5807-4817-971c-3cc611aaa33c",
      "batter_id": "7cf15cf8-3c4f-48a1-b5f8-e6be0558f933",
      "game_id": "561e2eae-7c4d-4c45-8fa7-df426b8ecebb",
      "date": "2024-07-20",
      "time": "20:39:35.90",
      "pa_of_inning": 5,
      "pitch_of_pa": 1,
      "hit_trajectory_zc7": null,
      "hit_trajectory_zc8": null,
      "throw_speed": null,
      "pop_time": null,
      "exchange_time": null,
      "time_to_base": null,
      "catch_position_x": null,
      "catch_position_y": null,
      "catch_position_z": null,
      "throw_position_x": null,
      "throw_position_y": null,
      "throw_position_z": null,
      "base_position_x": null,
      "base_position_y": null,
      "base_position_z": null,
      "throw_trajectory_xc0": null,
      "throw_trajectory_xc1": null,
      "throw_trajectory_xc2": null,
      "throw_trajectory_yc0": null,
      "throw_trajectory_yc1": null,
      "throw_trajectory_yc2": null,
      "throw_trajectory_zc0": null,
      "throw_trajectory_zc1": null,
      "throw_trajectory_zc2": null,
      "inning": 7,
      "outs": 1,
      "balls": 0,
      "strikes": 0,
      "outs_on_play": 0,
      "runs_scored": 0,
      "y0": 50.0,
      "local_date_time": "2024-07-20T20:39:35.9020000-04:00",
      "catcher_id": "3e9c18fb-e229-4a45-9d85-ae3d8483207f",
      "pitch_number": 229,
      "rel_speed": 86.53672,
      "vert_rel_angle": -1.466387,
      "horz_rel_angle": -3.122152,
      "spin_rate": 2135.639,
      "spin_axis": 207.71248,
      "rel_height": 5.68468,
      "rel_side": 0.75519,
      "extension": 5.92697,
      "vert_break": -22.61576,
      "induced_vert_break": 15.05398,
      "horz_break": 7.22091,
      "plate_loc_height": 2.43708,
      "plate_loc_side": -1.54292,
      "zone_speed": 78.47983,
      "vert_appr_angle": -5.732476,
      "horz_appr_angle": -1.82767,
      "zone_time": 0.441741,
      "exit_speed": null,
      "angle": null,
      "direction": null,
      "hit_spin_rate": null,
      "position_at_110_x": null,
      "position_at_110_y": null,
      "position_at_110_z": null,
      "distance": null,
      "last_tracked_distance": null,
      "bearing": null,
      "hang_time": null,
      "pfxx": -4.63181,
      "pfxz": 8.54119,
      "x0": -0.50935,
      "z0": 5.55455,
      "vx0": 6.539,
      "vy0": -125.38641,
      "vz0": -3.89739,
      "ax0": -7.30757,
      "ay0": 27.4782,
      "az0": -18.69868,
      "effective_velo": 85.32698,
      "max_height": null,
      "measured_duration": null,
      "speed_drop": 8.05689,
      "pitch_last_measured_x": null,
      "pitch_last_measured_y": null,
      "pitch_last_measured_z": null,
      "contact_position_x": null,
      "contact_position_y": null,
      "contact_position_z": null,
      "pitch_trajectory_xc0": 54.56963,
      "pitch_trajectory_xc1": -126.38387,
      "pitch_trajectory_xc2": 13.7391,
      "pitch_trajectory_yc0": 5.6837,
      "pitch_trajectory_yc1": -3.21863,
      "pitch_trajectory_yc2": -9.34934,
      "pitch_trajectory_zc0": -0.75153,
      "pitch_trajectory_zc1": 6.80427,
      "pitch_trajectory_zc2": -3.65378,
      "hit_spin_axis": null,
      "hit_trajectory_xc0": null,
      "hit_trajectory_xc1": null,
      "hit_trajectory_xc2": null,
      "hit_trajectory_xc3": null,
      "hit_trajectory_xc4": null,
      "hit_trajectory_xc5": null,
      "hit_trajectory_xc6": null,
      "hit_trajectory_xc7": null,
      "hit_trajectory_xc8": null,
      "hit_trajectory_yc0": null,
      "hit_trajectory_yc1": null,
      "hit_trajectory_yc2": null,
      "hit_trajectory_yc3": null,
      "hit_trajectory_yc4": null,
      "hit_trajectory_yc5": null,
      "hit_trajectory_yc6": null,
      "hit_trajectory_yc7": null,
      "hit_trajectory_yc8": null,
      "hit_trajectory_zc0": null,
      "hit_trajectory_zc1": null,
      "hit_trajectory_zc3": null,
      "hit_trajectory_zc4": null,
      "hit_trajectory_zc5": null,
      "hit_trajectory_zc6": null,
      "pitcher_throws": "Right",
      "pitcher_team_code": "LEX_LEG",
      "batter_side": "Right",
      "batter_team_code": "YOR",
      "pitcher_set": null,
      "catcher_throws": "Right",
      "top_or_bottom": "Bottom",
      "tagged_pitch_type": "Undefined",
      "auto_pitch_type": "Four-Seam",
      "pitch_call": "BallCalled",
      "k_or_bb": "Undefined",
      "tagged_hit_type": "Undefined",
      "play_result": "Undefined",
      "notes": "NaN",
      "auto_hit_type": null,
      "tilt": "1:00",
      "catcher_throw_catch_confidence": null,
      "catcher_throw_release_confidence": null,
      "catcher_throw_location_confidence": null,
      "pitch_release_confidence": "High",
      "pitch_location_confidence": "High",
      "pitch_movement_confidence": "High",
      "hit_launch_confidence": null,
      "hit_landing_confidence": null,
      "detected_shift": null,
      "first_b_position_at_release_x": null,
      "first_b_position_at_release_z": null,
      "second_b_position_at_release_x": null,
      "second_b_position_at_release_z": null,
      "third_b_position_at_release_x": null,
      "third_b_position_at_release_z": null,
      "ss_position_at_release_x": null,
      "ss_position_at_release_z": null,
      "lf_position_at_release_x": null,
      "lf_position_at_release_z": null,
      "cf_position_at_release_x": null,
      "cf_position_at_release_z": null,
      "rf_position_at_release_x": null,
      "rf_position_at_release_z": null,
      "first_b_player_id": null,
      "second_b_player_id": null,
      "third_b_player_id": null,
      "ss_player_id": null,
      "lf_player_id": null,
      "cf_player_id": null,
      "rf_player_id": null
    },
    {
      "hit_trajectory_zc2": 5.66059,
      "pitcher_id": "55018d2c-cb35-497a-bd02-cb5638edc87a",
      "batter_id": "7cf15cf8-3c4f-48a1-b5f8-e6be0558f933",
      "game_id": "561e2eae-7c4d-4c45-8fa7-df426b8ecebb",
      "date": "2024-07-20",
      "time": "20:17:11.09",
      "pa_of_inning": 5,
      "pitch_of_pa": 2,
      "hit_trajectory_zc7": null,
      "hit_trajectory_zc8": null,
      "throw_speed": null,
      "pop_time": null,
      "exchange_time": null,
      "time_to_base": null,
      "catch_position_x": null,
      "catch_position_y": null,
      "catch_position_z": null,
      "throw_position_x": null,
      "throw_position_y": null,
      "throw_position_z": null,
      "base_position_x": null,
      "base_position_y": null,
      "base_position_z": null,
      "throw_trajectory_xc0": null,
      "throw_trajectory_xc1": null,
      "throw_trajectory_xc2": null,
      "throw_trajectory_yc0": null,
      "throw_trajectory_yc1": null,
      "throw_trajectory_yc2": null,
      "throw_trajectory_zc0": null,
      "throw_trajectory_zc1": null,
      "throw_trajectory_zc2": null,
      "inning": 6,
      "outs": 0,
      "balls": 0,
      "strikes": 1,
      "outs_on_play": 1,
      "runs_scored": 0,
      "y0": 50.0,
      "local_date_time": "2024-07-20T20:17:11.0930000-04:00",
      "catcher_id": "3e9c18fb-e229-4a45-9d85-ae3d8483207f",
      "pitch_number": 188,
      "rel_speed": 91.04038,
      "vert_rel_angle": -0.798107,
      "horz_rel_angle": -2.620684,
      "spin_rate": 2180.6409,
      "spin_axis": 231.13377,
      "rel_height": 5.1396,
      "rel_side": 2.3886,
      "extension": 5.33977,
      "vert_break": -23.92726,
      "induced_vert_break": 10.70268,
      "horz_break": 11.84249,
      "plate_loc_height": 2.3961,
      "plate_loc_side": 0.91522,
      "zone_speed": 82.75743,
      "vert_appr_angle": -5.234052,
      "horz_appr_angle": -0.518714,
      "zone_time": 0.423543,
      "exit_speed": 110.48175,
      "angle": 6.242008,
      "direction": -35.405552,
      "hit_spin_rate": 2557.6565,
      "position_at_110_x": 86.66388,
      "position_at_110_y": 3.94101,
      "position_at_110_z": -67.74469,
      "distance": 138.56178,
      "last_tracked_distance": 120.31704,
      "bearing": -38.892105,
      "hang_time": 0.975671,
      "pfxx": -6.76378,
      "pfxz": 5.93733,
      "x0": -2.16112,
      "z0": 5.05063,
      "vx0": 5.50423,
      "vy0": -131.97945,
      "vz0": -2.71842,
      "ax0": -11.86154,
      "ay0": 29.59483,
      "az0": -21.76184,
      "effective_velo": 88.99326,
      "max_height": 6.28166,
      "measured_duration": null,
      "speed_drop": 8.28295,
      "pitch_last_measured_x": null,
      "pitch_last_measured_y": null,
      "pitch_last_measured_z": null,
      "contact_position_x": 2.81989,
      "contact_position_y": 2.8897,
      "contact_position_z": -1.18985,
      "pitch_trajectory_xc0": 55.16003,
      "pitch_trajectory_xc1": -133.1315,
      "pitch_trajectory_xc2": 14.79742,
      "pitch_trajectory_yc0": 5.13996,
      "pitch_trajectory_yc1": -1.87129,
      "pitch_trajectory_yc2": -10.88092,
      "pitch_trajectory_zc0": -2.38437,
      "pitch_trajectory_zc1": 5.96596,
      "pitch_trajectory_zc2": -5.93077,
      "hit_spin_axis": null,
      "hit_trajectory_xc0": 3.00905,
      "hit_trajectory_xc1": 128.61417,
      "hit_trajectory_xc2": -21.86613,
      "hit_trajectory_xc3": null,
      "hit_trajectory_xc4": null,
      "hit_trajectory_xc5": null,
      "hit_trajectory_xc6": null,
      "hit_trajectory_xc7": null,
      "hit_trajectory_xc8": null,
      "hit_trajectory_yc0": 3.00642,
      "hit_trajectory_yc1": 15.96473,
      "hit_trajectory_yc2": -19.6298,
      "hit_trajectory_yc3": null,
      "hit_trajectory_yc4": null,
      "hit_trajectory_yc5": null,
      "hit_trajectory_yc6": null,
      "hit_trajectory_yc7": null,
      "hit_trajectory_yc8": null,
      "hit_trajectory_zc0": -1.1797,
      "hit_trajectory_zc1": -93.48633,
      "hit_trajectory_zc3": null,
      "hit_trajectory_zc4": null,
      "hit_trajectory_zc5": null,
      "hit_trajectory_zc6": null,
      "pitcher_throws": "Right",
      "pitcher_team_code": "LEX_LEG",
      "batter_side": "Right",
      "batter_team_code": "YOR",
      "pitcher_set": null,
      "catcher_throws": "Right",
      "top_or_bottom": "Bottom",
      "tagged_pitch_type": "Undefined",
      "auto_pitch_type": "Sinker",
      "pitch_call": "InPlay",
      "k_or_bb": "Undefined",
      "tagged_hit_type": "LineDrive",
      "play_result": "Out",
      "notes": "NaN",
      "auto_hit_type": "GroundBall",
      "tilt": "1:45",
      "catcher_throw_catch_confidence": null,
      "catcher_throw_release_confidence": null,
      "catcher_throw_location_confidence": null,
      "pitch_release_confidence": "High",
      "pitch_location_confidence": "High",
      "pitch_movement_confidence": "High",
      "hit_launch_confidence": "High",
      "hit_landing_confidence": "High",
      "detected_shift": null,
      "first_b_position_at_release_x": null,
      "first_b_position_at_release_z": null,
      "second_b_position_at_release_x": null,
      "second_b_position_at_release_z": null,
      "third_b_position_at_release_x": null,
      "third_b_position_at_release_z": null,
      "ss_position_at_release_x": null,
      "ss_position_at_release_z": null,
      "lf_position_at_release_x": null,
      "lf_position_at_release_z": null,
      "cf_position_at_release_x": null,
      "cf_position_at_release_z": null,
      "rf_position_at_release_x": null,
      "rf_position_at_release_z": null,
      "first_b_player_id": null,
      "second_b_player_id": null,
      "third_b_player_id": null,
      "ss_player_id": null,
      "lf_player_id": null,
      "cf_player_id": null,
      "rf_player_id": null
    },
    {
      "hit_trajectory_zc2": null,
      "pitcher_id": "55018d2c-cb35-497a-bd02-cb5638edc87a",
      "batter_id": "7cf15cf8-3c4f-48a1-b5f8-e6be0558f933",
      "game_id": "561e2eae-7c4d-4c45-8fa7-df426b8ecebb",
      "date": "2024-07-20",
      "time": "20:16:55.77",
      "pa_of_inning": 5,
      "pitch_of_pa": 1,
      "hit_trajectory_zc7": null,
      "hit_trajectory_zc8": null,
      "throw_speed": null,
      "pop_time": null,
      "exchange_time": null,
      "time_to_base": null,
      "catch_position_x": null,
      "catch_position_y": null,
      "catch_position_z": null,
      "throw_position_x": null,
      "throw_position_y": null,
      "throw_position_z": null,
      "base_position_x": null,
      "base_position_y": null,
      "base_position_z": null,
      "throw_trajectory_xc0": null,
      "throw_trajectory_xc1": null,
      "throw_trajectory_xc2": null,
      "throw_trajectory_yc0": null,
      "throw_trajectory_yc1": null,
      "throw_trajectory_yc2": null,
      "throw_trajectory_zc0": null,
      "throw_trajectory_zc1": null,
      "throw_trajectory_zc2": null,
      "inning": 6,
      "outs": 0,
      "balls": 0,
      "strikes": 0,
      "outs_on_play": 0,
      "runs_scored": 0,
      "y0": 50.0,
      "local_date_time": "2024-07-20T20:16:55.7790000-04:00",
      "catcher_id": "3e9c18fb-e229-4a45-9d85-ae3d8483207f",
      "pitch_number": 187,
      "rel_speed": 91.20703,
      "vert_rel_angle": -1.538184,
      "horz_rel_angle": -3.622478,
      "spin_rate": 2126.9182,
      "spin_axis": 213.84425,
      "rel_height": 5.07815,
      "rel_side": 2.44956,
      "extension": 5.6535,
      "vert_break": -23.67619,
      "induced_vert_break": 10.36245,
      "horz_break": 6.21418,
      "plate_loc_height": 1.66733,
      "plate_loc_side": -0.41561,
      "zone_speed": 83.34574,
      "vert_appr_angle": -5.932272,
      "horz_appr_angle": -2.514982,
      "zone_time": 0.419911,
      "exit_speed": null,
      "angle": null,
      "direction": null,
      "hit_spin_rate": null,
      "position_at_110_x": null,
      "position_at_110_y": null,
      "position_at_110_z": null,
      "distance": null,
      "last_tracked_distance": null,
      "bearing": null,
      "hang_time": null,
      "pfxx": -4.18992,
      "pfxz": 6.01969,
      "x0": -2.14637,
      "z0": 4.93261,
      "vx0": 8.09446,
      "vy0": -132.16585,
      "vz0": -4.38879,
      "ax0": -7.40145,
      "ay0": 28.5119,
      "az0": -21.54038,
      "effective_velo": 89.76287,
      "max_height": null,
      "measured_duration": null,
      "speed_drop": 7.86129,
      "pitch_last_measured_x": null,
      "pitch_last_measured_y": null,
      "pitch_last_measured_z": null,
      "contact_position_x": null,
      "contact_position_y": null,
      "contact_position_z": null,
      "pitch_trajectory_xc0": 54.84593,
      "pitch_trajectory_xc1": -133.20715,
      "pitch_trajectory_xc2": 14.25595,
      "pitch_trajectory_yc0": 5.07853,
      "pitch_trajectory_yc1": -3.6021,
      "pitch_trajectory_yc2": -10.77019,
      "pitch_trajectory_zc0": -2.44693,
      "pitch_trajectory_zc1": 8.36477,
      "pitch_trajectory_zc2": -3.70072,
      "hit_spin_axis": null,
      "hit_trajectory_xc0": null,
      "hit_trajectory_xc1": null,
      "hit_trajectory_xc2": null,
      "hit_trajectory_xc3": null,
      "hit_trajectory_xc4": null,
      "hit_trajectory_xc5": null,
      "hit_trajectory_xc6": null,
      "hit_trajectory_xc7": null,
      "hit_trajectory_xc8": null,
      "hit_trajectory_yc0": null,
      "hit_trajectory_yc1": null,
      "hit_trajectory_yc2": null,
      "hit_trajectory_yc3": null,
      "hit_trajectory_yc4": null,
      "hit_trajectory_yc5": null,
      "hit_trajectory_yc6": null,
      "hit_trajectory_yc7": null,
      "hit_trajectory_yc8": null,
      "hit_trajectory_zc0": null,
      "hit_trajectory_zc1": null,
      "hit_trajectory_zc3": null,
      "hit_trajectory_zc4": null,
      "hit_trajectory_zc5": null,
      "hit_trajectory_zc6": null,
      "pitcher_throws": "Right",
      "pitcher_team_code": "LEX_LEG",
      "batter_side": "Right",
      "batter_team_code": "YOR",
      "pitcher_set": null,
      "catcher_throws": "Right",
      "top_or_bottom": "Bottom",
      "tagged_pitch_type": "Undefined",
      "auto_pitch_type": "Four-Seam",
      "pitch_call": "FoulBallNotFieldable",
      "k_or_bb": "Undefined",
      "tagged_hit_type": "Undefined",
      "play_result": "Undefined",
      "notes": "NaN",
      "auto_hit_type": null,
      "tilt": "1:15",
      "catcher_throw_catch_confidence": null,
      "catcher_throw_release_confidence": null,
      "catcher_throw_location_confidence": null,
      "pitch_release_confidence": "High",
      "pitch_location_confidence": "High",
      "pitch_movement_confidence": "High",
      "hit_launch_confidence": null,
      "hit_landing_confidence": null,
      "detected_shift": null,
      "first_b_position_at_release_x": null,
      "first_b_position_at_release_z": null,
      "second_b_position_at_release_x": null,
      "second_b_position_at_release_z": null,
      "third_b_position_at_release_x": null,
      "third_b_position_at_release_z": null,
      "ss_position_at_release_x": null,
      "ss_position_at_release_z": null,
      "lf_position_at_release_x": null,
      "lf_position_at_release_z": null,
      "cf_position_at_release_x": null,
      "cf_position_at_release_z": null,
      "rf_position_at_release_x": null,
      "rf_position_at_release_z": null,
      "first_b_player_id": null,
      "second_b_player_id": null,
      "third_b_player_id": null,
      "ss_player_id": null,
      "lf_player_id": null,
      "cf_player_id": null,
      "rf_player_id": null
    },
    {
      "hit_trajectory_zc2": null,
      "pitcher_id": "abddbb04-7e47-4363-b364-9149795538af",
      "batter_id": "7cf15cf8-3c4f-48a1-b5f8-e6be0558f933",
      "game_id": "561e2eae-7c4d-4c45-8fa7-df426b8ecebb",
      "date": "2024-07-20",
      "time": "19:43:01.38",
      "pa_of_inning": 4,
      "pitch_of_pa": 2,
      "hit_trajectory_zc7": null,
      "hit_trajectory_zc8": null,
      "throw_speed": null,
      "pop_time": null,
      "exchange_time": null,
      "time_to_base": null,
      "catch_position_x": null,
      "catch_position_y": null,
      "catch_position_z": null,
      "throw_position_x": null,
      "throw_position_y": null,
      "throw_position_z": null,
      "base_position_x": null,
      "base_position_y": null,
      "base_position_z": null,
      "throw_trajectory_xc0": null,
      "throw_trajectory_xc1": null,
      "throw_trajectory_xc2": null,
      "throw_trajectory_yc0": null,
      "throw_trajectory_yc1": null,
      "throw_trajectory_yc2": null,
      "throw_trajectory_zc0": null,
      "throw_trajectory_zc1": null,
      "throw_trajectory_zc2": null,
      "inning": 4,
      "outs": 2,
      "balls": 1,
      "strikes": 0,
      "outs_on_play": 1,
      "runs_scored": 0,
      "y0": 50.0,
      "local_date_time": "2024-07-20T19:43:01.3880000-04:00",
      "catcher_id": "3e9c18fb-e229-4a45-9d85-ae3d8483207f",
      "pitch_number": 135,
      "rel_speed": 90.89012,
      "vert_rel_angle": -3.09346,
      "horz_rel_angle": -2.615932,
      "spin_rate": 2326.3672,
      "spin_axis": 217.75513,
      "rel_height": 5.85927,
      "rel_side": 1.88606,
      "extension": 5.87252,
      "vert_break": -20.38281,
      "induced_vert_break": 13.99485,
      "horz_break": 9.87812,
      "plate_loc_height": 1.28161,
      "plate_loc_side": 0.27779,
      "zone_speed": 82.2481,
      "vert_appr_angle": -6.931882,
      "horz_appr_angle": -0.844614,
      "zone_time": 0.421997,
      "exit_speed": 89.5369,
      "angle": -8.163895,
      "direction": -19.985954,
      "hit_spin_rate": null,
      "position_at_110_x": null,
      "position_at_110_y": null,
      "position_at_110_z": null,
      "distance": 11.42242,
      "last_tracked_distance": 10.24383,
      "bearing": -17.255478,
      "hang_time": 0.068206,
      "pfxx": -5.90835,
      "pfxz": 8.50626,
      "x0": -1.68019,
      "z0": 5.5969,
      "vx0": 5.58864,
      "vy0": -131.58766,
      "vz0": -7.76951,
      "ax0": -10.22133,
      "ay0": 31.3967,
      "az0": -17.4584,
      "effective_velo": 89.31915,
      "max_height": 1.27312,
      "measured_duration": null,
      "speed_drop": 8.64202,
      "pitch_last_measured_x": null,
      "pitch_last_measured_y": null,
      "pitch_last_measured_z": null,
      "contact_position_x": 2.56834,
      "contact_position_y": 1.27312,
      "contact_position_z": -0.35508,
      "pitch_trajectory_xc0": 54.62586,
      "pitch_trajectory_xc1": -132.68678,
      "pitch_trajectory_xc2": 15.69835,
      "pitch_trajectory_yc0": 5.8582,
      "pitch_trajectory_yc1": -7.15833,
      "pitch_trajectory_yc2": -8.7292,
      "pitch_trajectory_zc0": -1.8821,
      "pitch_trajectory_zc1": 5.94646,
      "pitch_trajectory_zc2": -5.11067,
      "hit_spin_axis": 180.0,
      "hit_trajectory_xc0": 2.56708,
      "hit_trajectory_xc1": 122.27623,
      "hit_trajectory_xc2": null,
      "hit_trajectory_xc3": null,
      "hit_trajectory_xc4": null,
      "hit_trajectory_xc5": null,
      "hit_trajectory_xc6": null,
      "hit_trajectory_xc7": null,
      "hit_trajectory_xc8": null,
      "hit_trajectory_yc0": 1.27331,
      "hit_trajectory_yc1": -18.66575,
      "hit_trajectory_yc2": null,
      "hit_trajectory_yc3": null,
      "hit_trajectory_yc4": null,
      "hit_trajectory_yc5": null,
      "hit_trajectory_yc6": null,
      "hit_trajectory_yc7": null,
      "hit_trajectory_yc8": null,
      "hit_trajectory_zc0": -0.35462,
      "hit_trajectory_zc1": -44.47097,
      "hit_trajectory_zc3": null,
      "hit_trajectory_zc4": null,
      "hit_trajectory_zc5": null,
      "hit_trajectory_zc6": null,
      "pitcher_throws": "Right",
      "pitcher_team_code": "LEX_LEG",
      "batter_side": "Right",
      "batter_team_code": "YOR",
      "pitcher_set": null,
      "catcher_throws": "Right",
      "top_or_bottom": "Bottom",
      "tagged_pitch_type": "Undefined",
      "auto_pitch_type": "Four-Seam",
      "pitch_call": "InPlay",
      "k_or_bb": "Undefined",
      "tagged_hit_type": "GroundBall",
      "play_result": "Out",
      "notes": "NaN",
      "auto_hit_type": "GroundBall",
      "tilt": "1:15",
      "catcher_throw_catch_confidence": null,
      "catcher_throw_release_confidence": null,
      "catcher_throw_location_confidence": null,
      "pitch_release_confidence": "High",
      "pitch_location_confidence": "High",
      "pitch_movement_confidence": "High",
      "hit_launch_confidence": "Low",
      "hit_landing_confidence": "Low",
      "detected_shift": null,
      "first_b_position_at_release_x": null,
      "first_b_position_at_release_z": null,
      "second_b_position_at_release_x": null,
      "second_b_position_at_release_z": null,
      "third_b_position_at_release_x": null,
      "third_b_position_at_release_z": null,
      "ss_position_at_release_x": null,
      "ss_position_at_release_z": null,
      "lf_position_at_release_x": null,
      "lf_position_at_release_z": null,
      "cf_position_at_release_x": null,
      "cf_position_at_release_z": null,
      "rf_position_at_release_x": null,
      "rf_position_at_release_z": null,
      "first_b_player_id": null,
      "second_b_player_id": null,
      "third_b_player_id": null,
      "ss_player_id": null,
      "lf_player_id": null,
      "cf_player_id": null,
      "rf_player_id": null
    },
    {
      "hit_trajectory_zc2": null,
      "pitcher_id": "abddbb04-7e47-4363-b364-9149795538af",
      "batter_id": "7cf15cf8-3c4f-48a1-b5f8-e6be0558f933",
      "game_id": "561e2eae-7c4d-4c45-8fa7-df426b8ecebb",
      "date": "2024-07-20",
      "time": "19:42:46.88",
      "pa_of_inning": 4,
      "pitch_of_pa": 1,
      "hit_trajectory_zc7": null,
      "hit_trajectory_zc8": null,
      "throw_speed": null,
      "pop_time": null,
      "exchange_time": null,
      "time_to_base": null,
      "catch_position_x": null,
      "catch_position_y": null,
      "catch_position_z": null,
      "throw_position_x": null,
      "throw_position_y": null,
      "throw_position_z": null,
      "base_position_x": null,
      "base_position_y": null,
      "base_position_z": null,
      "throw_trajectory_xc0": null,
      "throw_trajectory_xc1": null,
      "throw_trajectory_xc2": null,
      "throw_trajectory_yc0": null,
      "throw_trajectory_yc1": null,
      "throw_trajectory_yc2": null,
      "throw_trajectory_zc0": null,
      "throw_trajectory_zc1": null,
      "throw_trajectory_zc2": null,
      "inning": 4,
      "outs": 2,
      "balls": 0,
      "strikes": 0,
      "outs_on_play": 0,
      "runs_scored": 0,
      "y0": 50.0,
      "local_date_time": "2024-07-20T19:42:46.8880000-04:00",
      "catcher_id": "3e9c18fb-e229-4a45-9d85-ae3d8483207f",
      "pitch_number": 134,
      "rel_speed": 90.87146,
      "vert_rel_angle": -2.914623,
      "horz_rel_angle": -2.912807,
      "spin_rate": 2419.3125,
      "spin_axis": 192.56631,
      "rel_height": 5.92948,
      "rel_side": 1.70915,
      "extension": 6.1265,
      "vert_break": -16.29115,
      "induced_vert_break": 17.49588,
      "horz_break": 3.64827,
      "plate_loc_height": 1.87179,
      "plate_loc_side": -0.68174,
      "zone_speed": 82.82242,
      "vert_appr_angle": -6.021223,
      "horz_appr_angle": -2.256354,
      "zone_time": 0.418356,
      "exit_speed": null,
      "angle": null,
      "direction": null,
      "hit_spin_rate": null,
      "position_at_110_x": null,
      "position_at_110_y": null,
      "position_at_110_z": null,
      "distance": null,
      "last_tracked_distance": null,
      "bearing": null,
      "hang_time": null,
      "pfxx": -2.7126,
      "pfxz": 10.19831,
      "x0": -1.48802,
      "z0": 5.6975,
      "vx0": 6.54402,
      "vy0": -131.66843,
      "vz0": -7.16531,
      "ax0": -4.74375,
      "ay0": 28.95557,
      "az0": -14.33934,
      "effective_velo": 90.09649,
      "max_height": null,
      "measured_duration": null,
      "speed_drop": 8.04904,
      "pitch_last_measured_x": null,
      "pitch_last_measured_y": null,
      "pitch_last_measured_z": null,
      "contact_position_x": null,
      "contact_position_y": null,
      "contact_position_z": null,
      "pitch_trajectory_xc0": 54.37036,
      "pitch_trajectory_xc1": -132.62605,
      "pitch_trajectory_xc2": 14.47779,
      "pitch_trajectory_yc0": 5.92663,
      "pitch_trajectory_yc1": -6.69108,
      "pitch_trajectory_yc2": -7.16967,
      "pitch_trajectory_zc0": -1.70704,
      "pitch_trajectory_zc1": 6.7009,
      "pitch_trajectory_zc2": -2.37187,
      "hit_spin_axis": null,
      "hit_trajectory_xc0": null,
      "hit_trajectory_xc1": null,
      "hit_trajectory_xc2": null,
      "hit_trajectory_xc3": null,
      "hit_trajectory_xc4": null,
      "hit_trajectory_xc5": null,
      "hit_trajectory_xc6": null,
      "hit_trajectory_xc7": null,
      "hit_trajectory_xc8": null,
      "hit_trajectory_yc0": null,
      "hit_trajectory_yc1": null,
      "hit_trajectory_yc2": null,
      "hit_trajectory_yc3": null,
      "hit_trajectory_yc4": null,
      "hit_trajectory_yc5": null,
      "hit_trajectory_yc6": null,
      "hit_trajectory_yc7": null,
      "hit_trajectory_yc8": null,
      "hit_trajectory_zc0": null,
      "hit_trajectory_zc1": null,
      "hit_trajectory_zc3": null,
      "hit_trajectory_zc4": null,
      "hit_trajectory_zc5": null,
      "hit_trajectory_zc6": null,
      "pitcher_throws": "Right",
      "pitcher_team_code": "LEX_LEG",
      "batter_side": "Right",
      "batter_team_code": "YOR",
      "pitcher_set": null,
      "catcher_throws": "Right",
      "top_or_bottom": "Bottom",
      "tagged_pitch_type": "Undefined",
      "auto_pitch_type": "Four-Seam",
      "pitch_call": "BallCalled",
      "k_or_bb": "Undefined",
      "tagged_hit_type": "Undefined",
      "play_result": "Undefined",
      "notes": "NaN",
      "auto_hit_type": null,
      "tilt": "12:30",
      "catcher_throw_catch_confidence": null,
      "catcher_throw_release_confidence": null,
      "catcher_throw_location_confidence": null,
      "pitch_release_confidence": "High",
      "pitch_location_confidence": "High",
      "pitch_movement_confidence": "High",
      "hit_launch_confidence": null,
      "hit_landing_confidence": null,
      "detected_shift": null,
      "first_b_position_at_release_x": null,
      "first_b_position_at_release_z": null,
      "second_b_position_at_release_x": null,
      "second_b_position_at_release_z": null,
      "third_b_position_at_release_x": null,
      "third_b_position_at_release_z": null,
      "ss_position_at_release_x": null,
      "ss_position_at_release_z": null,
      "lf_position_at_release_x": null,
      "lf_position_at_release_z": null,
      "cf_position_at_release_x": null,
      "cf_position_at_release_z": null,
      "rf_position_at_release_x": null,
      "rf_position_at_release_z": null,
      "first_b_player_id": null,
      "second_b_player_id": null,
      "third_b_player_id": null,
      "ss_player_id": null,
      "lf_player_id": null,
      "cf_player_id": null,
      "rf_player_id": null
    },
    {
      "hit_trajectory_zc2": -1.81884,
      "pitcher_id": "abddbb04-7e47-4363-b364-9149795538af",
      "batter_id": "7cf15cf8-3c4f-48a1-b5f8-e6be0558f933",
      "game_id": "561e2eae-7c4d-4c45-8fa7-df426b8ecebb",
      "date": "2024-07-20",
      "time": "19:12:17.99",
      "pa_of_inning": 6,
      "pitch_of_pa": 1,
      "hit_trajectory_zc7": 0.00471,
      "hit_trajectory_zc8": -0.0005,
      "throw_speed": null,
      "pop_time": null,
      "exchange_time": null,
      "time_to_base": null,
      "catch_position_x": null,
      "catch_position_y": null,
      "catch_position_z": null,
      "throw_position_x": null,
      "throw_position_y": null,
      "throw_position_z": null,
      "base_position_x": null,
      "base_position_y": null,
      "base_position_z": null,
      "throw_trajectory_xc0": null,
      "throw_trajectory_xc1": null,
      "throw_trajectory_xc2": null,
      "throw_trajectory_yc0": null,
      "throw_trajectory_yc1": null,
      "throw_trajectory_yc2": null,
      "throw_trajectory_zc0": null,
      "throw_trajectory_zc1": null,
      "throw_trajectory_zc2": null,
      "inning": 2,
      "outs": 2,
      "balls": 0,
      "strikes": 0,
      "outs_on_play": 0,
      "runs_scored": 0,
      "y0": 50.0,
      "local_date_time": "2024-07-20T19:12:17.9920000-04:00",
      "catcher_id": "3e9c18fb-e229-4a45-9d85-ae3d8483207f",
      "pitch_number": 81,
      "rel_speed": 90.89343,
      "vert_rel_angle": -2.869425,
      "horz_rel_angle": -2.696981,
      "spin_rate": 2314.4863,
      "spin_axis": 199.1786,
      "rel_height": 6.05033,
      "rel_side": 1.75486,
      "extension": 6.04212,
      "vert_break": -18.48277,
      "induced_vert_break": 15.59958,
      "horz_break": 5.00658,
      "plate_loc_height": 1.84822,
      "plate_loc_side": -0.32682,
      "zone_speed": 82.36607,
      "vert_appr_angle": -6.37678,
      "horz_appr_angle": -1.796963,
      "zone_time": 0.420181,
      "exit_speed": 61.88034,
      "angle": 34.268852,
      "direction": 32.96403,
      "hit_spin_rate": 5330.663,
      "position_at_110_x": 87.24074,
      "position_at_110_y": 40.124,
      "position_at_110_z": 67.0003,
      "distance": 181.20917,
      "last_tracked_distance": 177.20917,
      "bearing": 40.67517,
      "hang_time": 3.318104,
      "pfxx": -3.42406,
      "pfxz": 9.28394,
      "x0": -1.54723,
      "z0": 5.8164,
      "vx0": 5.99109,
      "vy0": -131.65848,
      "vz0": -7.15926,
      "ax0": -5.94186,
      "ay0": 30.91232,
      "az0": -16.06334,
      "effective_velo": 89.70533,
      "max_height": 40.69196,
      "measured_duration": null,
      "speed_drop": 8.52736,
      "pitch_last_measured_x": null,
      "pitch_last_measured_y": null,
      "pitch_last_measured_z": null,
      "contact_position_x": 2.14817,
      "contact_position_y": 2.01265,
      "contact_position_z": 0.32615,
      "pitch_trajectory_xc0": 54.45586,
      "pitch_trajectory_xc1": -132.70055,
      "pitch_trajectory_xc2": 15.45616,
      "pitch_trajectory_yc0": 6.04862,
      "pitch_trajectory_yc1": -6.61775,
      "pitch_trajectory_yc2": -8.03167,
      "pitch_trajectory_zc0": -1.75258,
      "pitch_trajectory_zc1": 6.1914,
      "pitch_trajectory_zc2": -2.97093,
      "hit_spin_axis": 218.33537,
      "hit_trajectory_xc0": 2.14813,
      "hit_trajectory_xc1": 62.93193,
      "hit_trajectory_xc2": -12.07836,
      "hit_trajectory_xc3": 2.90749,
      "hit_trajectory_xc4": -0.66799,
      "hit_trajectory_xc5": 0.18666,
      "hit_trajectory_xc6": -0.06854,
      "hit_trajectory_xc7": 0.01641,
      "hit_trajectory_xc8": -0.0015,
      "hit_trajectory_yc0": 2.01292,
      "hit_trajectory_yc1": 51.09191,
      "hit_trajectory_yc2": -18.24446,
      "hit_trajectory_yc3": 0.93888,
      "hit_trajectory_yc4": 0.10099,
      "hit_trajectory_yc5": -0.17878,
      "hit_trajectory_yc6": 0.08337,
      "hit_trajectory_yc7": -0.01709,
      "hit_trajectory_yc8": 0.0013,
      "hit_trajectory_zc0": 0.32632,
      "hit_trajectory_zc1": 40.80442,
      "hit_trajectory_zc3": -0.09982,
      "hit_trajectory_zc4": 0.07412,
      "hit_trajectory_zc5": 0.00742,
      "hit_trajectory_zc6": -0.01461,
      "pitcher_throws": "Right",
      "pitcher_team_code": "LEX_LEG",
      "batter_side": "Right",
      "batter_team_code": "YOR",
      "pitcher_set": null,
      "catcher_throws": "Right",
      "top_or_bottom": "Bottom",
      "tagged_pitch_type": "Undefined",
      "auto_pitch_type": "Four-Seam",
      "pitch_call": "InPlay",
      "k_or_bb": "Undefined",
      "tagged_hit_type": "Popup",
      "play_result": "Single",
      "notes": "NaN",
      "auto_hit_type": "Popup",
      "tilt": "12:45",
      "catcher_throw_catch_confidence": null,
      "catcher_throw_release_confidence": null,
      "catcher_throw_location_confidence": null,
      "pitch_release_confidence": "High",
      "pitch_location_confidence": "High",
      "pitch_movement_confidence": "High",
      "hit_launch_confidence": "High",
      "hit_landing_confidence": "Medium",
      "detected_shift": null,
      "first_b_position_at_release_x": null,
      "first_b_position_at_release_z": null,
      "second_b_position_at_release_x": null,
      "second_b_position_at_release_z": null,
      "third_b_position_at_release_x": null,
      "third_b_position_at_release_z": null,
      "ss_position_at_release_x": null,
      "ss_position_at_release_z": null,
      "lf_position_at_release_x": null,
      "lf_position_at_release_z": null,
      "cf_position_at_release_x": null,
      "cf_position_at_release_z": null,
      "rf_position_at_release_x": null,
      "rf_position_at_release_z": null,
      "first_b_player_id": null,
      "second_b_player_id": null,
      "third_b_player_id": null,
      "ss_player_id": null,
      "lf_player_id": null,
      "cf_player_id": null,
      "rf_player_id": null
    }
  ],
  "meta": {
    "page": 1,
    "limit": 1000,
    "total": 13
  }
}