{
  "success": true,
  "message": "Pitches retrieved successfully",
  "data": [
    {
      "hit_trajectory_zc2": -0.95718,
      "pitcher_id": "09037653-3d07-462d-9c5e-fb18fd0e3169",
      "batter_id": "85eb0b07-97ba-4d0f-b1df-1aa53769c51a",
      "game_id": "323308a1-bd2c-49fd-b887-303e76b2f292",
      "date": "2024-07-23",
      "time": "21:30:14.95",
      "pa_of_inning": 1,
      "pitch_of_pa": 2,
      "hit_trajectory_zc7": 0.00722,
      "hit_trajectory_zc8": -0.00068,
      "throw_speed": null,
      "pop_time": null,
      "exchange_time": null,
      "time_to_base": null,
      "catch_position_x": null,
      "catch_position_y": null,
      "catch_position_z": null,
      "throw_position_x": null,
      "throw_position_y": null,
      "throw_position_z": null,
      "base_position_x": null,
      "base_position_y": null,
      "base_position_z": null,
      "throw_trajectory_xc0": null,
      "throw_trajectory_xc1": null,
      "throw_trajectory_xc2": null,
      "throw_trajectory_yc0": null,
      "throw_trajectory_yc1": null,
      "throw_trajectory_yc2": null,
      "throw_trajectory_zc0": null,
      "throw_trajectory_zc1": null,
      "throw_trajectory_zc2": null,
      "inning": 9,
      "outs": 0,
      "balls": 1,
      "strikes": 0,
      "outs_on_play": 0,
      "runs_scored": 0,
      "y0": 50.0,
      "local_date_time": "2024-07-23T21:30:14.9570140-04:00",
      "catcher_id": "65fa5fdb-90bf-445f-b30a-79c876774d4b",
      "pitch_number": 313,
      "rel_speed": 87.07856,
      "vert_rel_angle": -1.686031,
      "horz_rel_angle": 2.93152,
      "spin_rate": 2196.2236,
      "spin_axis": 123.90627,
      "rel_height": 6.00653,
      "rel_side": -1.6423,
      "extension": 4.82577,
      "vert_break": -26.03627,
      "induced_vert_break": 12.92906,
      "horz_break": -17.11284,
      "plate_loc_height": 2.23748,
      "plate_loc_side": -0.28955,
      "zone_speed": 78.58956,
      "vert_appr_angle": -6.483255,
      "horz_appr_angle": -0.077741,
      "zone_time": 0.449273,
      "exit_speed": 80.94352,
      "angle": 18.834583,
      "direction": -29.573513,
      "hit_spin_rate": 2327.7795,
      "position_at_110_x": 92.86721,
      "position_at_110_y": 22.48859,
      "position_at_110_z": -58.95386,
      "distance": 209.81702,
      "last_tracked_distance": 175.55824,
      "bearing": -36.32747,
      "hang_time": 2.310935,
      "pfxx": 9.44375,
      "pfxz": 7.30083,
      "x0": 1.36733,
      "z0": 5.81746,
      "vx0": -5.66196,
      "vy0": -125.94116,
      "vz0": -4.68278,
      "ax0": 14.95215,
      "ay0": 28.96881,
      "az0": -20.6147,
      "effective_velo": 83.89646,
      "max_height": 22.4909,
      "measured_duration": null,
      "speed_drop": 8.489,
      "pitch_last_measured_x": null,
      "pitch_last_measured_y": null,
      "pitch_last_measured_z": null,
      "contact_position_x": 3.65756,
      "contact_position_y": 2.4745,
      "contact_position_z": 0.31947,
      "pitch_trajectory_xc0": 55.67229,
      "pitch_trajectory_xc1": -127.2392,
      "pitch_trajectory_xc2": 14.48441,
      "pitch_trajectory_yc0": 6.00659,
      "pitch_trajectory_yc1": -3.75907,
      "pitch_trajectory_yc2": -10.30735,
      "pitch_trajectory_zc0": 1.63604,
      "pitch_trajectory_zc1": -6.33194,
      "pitch_trajectory_zc2": 7.47608,
      "hit_spin_axis": 104.71504,
      "hit_trajectory_xc0": 3.65758,
      "hit_trajectory_xc1": 97.72147,
      "hit_trajectory_xc2": -16.39763,
      "hit_trajectory_xc3": 3.34489,
      "hit_trajectory_xc4": -0.58237,
      "hit_trajectory_xc5": -0.02456,
      "hit_trajectory_xc6": 0.06088,
      "hit_trajectory_xc7": -0.02066,
      "hit_trajectory_xc8": 0.00255,
      "hit_trajectory_yc0": 2.47449,
      "hit_trajectory_yc1": 38.32668,
      "hit_trajectory_yc2": -19.83421,
      "hit_trajectory_yc3": 1.65634,
      "hit_trajectory_yc4": -0.31271,
      "hit_trajectory_yc5": 0.09394,
      "hit_trajectory_yc6": -0.0346,
      "hit_trajectory_yc7": 0.00955,
      "hit_trajectory_yc8": -0.00114,
      "hit_trajectory_zc0": 0.31945,
      "hit_trajectory_zc1": -55.45225,
      "hit_trajectory_zc3": 1.39975,
      "hit_trajectory_zc4": -0.51699,
      "hit_trajectory_zc5": 0.15017,
      "hit_trajectory_zc6": -0.03793,
      "pitcher_throws": "Right",
      "pitcher_team_code": "LI",
      "batter_side": "Right",
      "batter_team_code": "STA_YAN",
      "pitcher_set": null,
      "catcher_throws": "Right",
      "top_or_bottom": "Bottom",
      "tagged_pitch_type": "Undefined",
      "auto_pitch_type": "Sinker",
      "pitch_call": "InPlay",
      "k_or_bb": "Undefined",
      "tagged_hit_type": "LineDrive",
      "play_result": "Single",
      "notes": "NaN",
      "auto_hit_type": "LineDrive",
      "tilt": "10:15",
      "catcher_throw_catch_confidence": null,
      "catcher_throw_release_confidence": null,
      "catcher_throw_location_confidence": null,
      "pitch_release_confidence": "High",
      "pitch_location_confidence": "High",
      "pitch_movement_confidence": "High",
      "hit_launch_confidence": "High",
      "hit_landing_confidence": "Medium",
      "detected_shift": null,
      "first_b_position_at_release_x": null,
      "first_b_position_at_release_z": null,
      "second_b_position_at_release_x": null,
      "second_b_position_at_release_z": null,
      "third_b_position_at_release_x": null,
      "third_b_position_at_release_z": null,
      "ss_position_at_release_x": null,
      "ss_position_at_release_z": null,
      "lf_position_at_release_x": null,
      "lf_position_at_release_z": null,
      "cf_position_at_release_x": null,
      "cf_position_at_release_z": null,
      "rf_position_at_release_x": null,
      "rf_position_at_release_z": null,
      "first_b_player_id": null,
      "second_b_player_id": null,
      "third_b_player_id": null,
      "ss_player_id": null,
      "lf_player_id": null,
      "cf_player_id": null,
      "rf_player_id": null
    },
    {
      "hit_trajectory_zc2": null,
      "pitcher_id": "09037653-3d07-462d-9c5e-fb18fd0e3169",
      "batter_id": "85eb0b07-97ba-4d0f-b1df-1aa53769c51a",
      "game_id": "323308a1-bd2c-49fd-b887-303e76b2f292",
      "date": "2024-07-23",
      "time": "21:30:00.18",
      "pa_of_inning": 1,
      "pitch_of_pa": 1,
      "hit_trajectory_zc7": null,
      "hit_trajectory_zc8": null,
      "throw_speed": null,
      "pop_time": null,
      "exchange_time": null,
      "time_to_base": null,
      "catch_position_x": null,
      "catch_position_y": null,
      "catch_position_z": null,
      "throw_position_x": null,
      "throw_position_y": null,
      "throw_position_z": null,
      "base_position_x": null,
      "base_position_y": null,
      "base_position_z": null,
      "throw_trajectory_xc0": null,
      "throw_trajectory_xc1": null,
      "throw_trajectory_xc2": null,
      "throw_trajectory_yc0": null,
      "throw_trajectory_yc1": null,
      "throw_trajectory_yc2": null,
      "throw_trajectory_zc0": null,
      "throw_trajectory_zc1": null,
      "throw_trajectory_zc2": null,
      "inning": 9,
      "outs": 0,
      "balls": 0,
      "strikes": 0,
      "outs_on_play": 0,
      "runs_scored": 0,
      "y0": 50.0,
      "local_date_time": "2024-07-23T21:30:00.1846364-04:00",
      "catcher_id": "65fa5fdb-90bf-445f-b30a-79c876774d4b",
      "pitch_number": 312,
      "rel_speed": 87.65612,
      "vert_rel_angle": -2.292583,
      "horz_rel_angle": 5.398904,
      "spin_rate": 2250.8826,
      "spin_axis": 109.97179,
      "rel_height": 5.97597,
      "rel_side": -1.74869,
      "extension": 4.86549,
      "vert_break": -29.64006,
      "induced_vert_break": 8.62367,
      "horz_break": -20.13485,
      "plate_loc_height": 1.32546,
      "plate_loc_side": 1.69803,
      "zone_speed": 79.87861,
      "vert_appr_angle": -7.686516,
      "horz_appr_angle": 1.869745,
      "zone_time": 0.44521,
      "exit_speed": null,
      "angle": null,
      "direction": null,
      "hit_spin_rate": null,
      "position_at_110_x": null,
      "position_at_110_y": null,
      "position_at_110_z": null,
      "distance": null,
      "last_tracked_distance": null,
      "bearing": null,
      "hang_time": null,
      "pfxx": 11.60481,
      "pfxz": 5.26441,
      "x0": 1.23411,
      "z0": 5.72421,
      "vx0": -11.03981,
      "vy0": -126.51872,
      "vz0": -6.23399,
      "ax0": 18.73976,
      "ay0": 26.7114,
      "az0": -23.67295,
      "effective_velo": 84.66216,
      "max_height": null,
      "measured_duration": null,
      "speed_drop": 7.77751,
      "pitch_last_measured_x": null,
      "pitch_last_measured_y": null,
      "pitch_last_measured_z": null,
      "contact_position_x": null,
      "contact_position_y": null,
      "contact_position_z": null,
      "pitch_trajectory_xc0": 55.63478,
      "pitch_trajectory_xc1": -127.70283,
      "pitch_trajectory_xc2": 13.3557,
      "pitch_trajectory_yc0": 5.9773,
      "pitch_trajectory_yc1": -5.18457,
      "pitch_trajectory_yc2": -11.83647,
      "pitch_trajectory_zc0": 1.74191,
      "pitch_trajectory_zc1": -11.87054,
      "pitch_trajectory_zc2": 9.36988,
      "hit_spin_axis": null,
      "hit_trajectory_xc0": null,
      "hit_trajectory_xc1": null,
      "hit_trajectory_xc2": null,
      "hit_trajectory_xc3": null,
      "hit_trajectory_xc4": null,
      "hit_trajectory_xc5": null,
      "hit_trajectory_xc6": null,
      "hit_trajectory_xc7": null,
      "hit_trajectory_xc8": null,
      "hit_trajectory_yc0": null,
      "hit_trajectory_yc1": null,
      "hit_trajectory_yc2": null,
      "hit_trajectory_yc3": null,
      "hit_trajectory_yc4": null,
      "hit_trajectory_yc5": null,
      "hit_trajectory_yc6": null,
      "hit_trajectory_yc7": null,
      "hit_trajectory_yc8": null,
      "hit_trajectory_zc0": null,
      "hit_trajectory_zc1": null,
      "hit_trajectory_zc3": null,
      "hit_trajectory_zc4": null,
      "hit_trajectory_zc5": null,
      "hit_trajectory_zc6": null,
      "pitcher_throws": "Right",
      "pitcher_team_code": "LI",
      "batter_side": "Right",
      "batter_team_code": "STA_YAN",
      "pitcher_set": null,
      "catcher_throws": "Right",
      "top_or_bottom": "Bottom",
      "tagged_pitch_type": "Undefined",
      "auto_pitch_type": "Changeup",
      "pitch_call": "BallCalled",
      "k_or_bb": "Undefined",
      "tagged_hit_type": "Undefined",
      "play_result": "Undefined",
      "notes": "NaN",
      "auto_hit_type": null,
      "tilt": "9:45",
      "catcher_throw_catch_confidence": null,
      "catcher_throw_release_confidence": null,
      "catcher_throw_location_confidence": null,
      "pitch_release_confidence": "High",
      "pitch_location_confidence": "High",
      "pitch_movement_confidence": "High",
      "hit_launch_confidence": null,
      "hit_landing_confidence": null,
      "detected_shift": null,
      "first_b_position_at_release_x": null,
      "first_b_position_at_release_z": null,
      "second_b_position_at_release_x": null,
      "second_b_position_at_release_z": null,
      "third_b_position_at_release_x": null,
      "third_b_position_at_release_z": null,
      "ss_position_at_release_x": null,
      "ss_position_at_release_z": null,
      "lf_position_at_release_x": null,
      "lf_position_at_release_z": null,
      "cf_position_at_release_x": null,
      "cf_position_at_release_z": null,
      "rf_position_at_release_x": null,
      "rf_position_at_release_z": null,
      "first_b_player_id": null,
      "second_b_player_id": null,
      "third_b_player_id": null,
      "ss_player_id": null,
      "lf_player_id": null,
      "cf_player_id": null,
      "rf_player_id": null
    },
    {
      "hit_trajectory_zc2": null,
      "pitcher_id": "09037653-3d07-462d-9c5e-fb18fd0e3169",
      "batter_id": "85eb0b07-97ba-4d0f-b1df-1aa53769c51a",
      "game_id": "323308a1-bd2c-49fd-b887-303e76b2f292",
      "date": "2024-07-23",
      "time": "20:36:58.17",
      "pa_of_inning": 2,
      "pitch_of_pa": 3,
      "hit_trajectory_zc7": null,
      "hit_trajectory_zc8": null,
      "throw_speed": null,
      "pop_time": null,
      "exchange_time": null,
      "time_to_base": null,
      "catch_position_x": null,
      "catch_position_y": null,
      "catch_position_z": null,
      "throw_position_x": null,
      "throw_position_y": null,
      "throw_position_z": null,
      "base_position_x": null,
      "base_position_y": null,
      "base_position_z": null,
      "throw_trajectory_xc0": null,
      "throw_trajectory_xc1": null,
      "throw_trajectory_xc2": null,
      "throw_trajectory_yc0": null,
      "throw_trajectory_yc1": null,
      "throw_trajectory_yc2": null,
      "throw_trajectory_zc0": null,
      "throw_trajectory_zc1": null,
      "throw_trajectory_zc2": null,
      "inning": 7,
      "outs": 0,
      "balls": 0,
      "strikes": 2,
      "outs_on_play": 0,
      "runs_scored": 0,
      "y0": 50.0,
      "local_date_time": "2024-07-23T20:36:58.1715548-04:00",
      "catcher_id": "65fa5fdb-90bf-445f-b30a-79c876774d4b",
      "pitch_number": 224,
      "rel_speed": 86.41108,
      "vert_rel_angle": -1.98033,
      "horz_rel_angle": -2.350263,
      "spin_rate": 2312.3306,
      "spin_axis": 217.68536,
      "rel_height": 6.01763,
      "rel_side": 1.42603,
      "extension": 5.27739,
      "vert_break": -17.65855,
      "induced_vert_break": 21.316,
      "horz_break": 15.33745,
      "plate_loc_height": 2.68386,
      "plate_loc_side": 0.49555,
      "zone_speed": 77.70366,
      "vert_appr_angle": -5.347621,
      "horz_appr_angle": 0.369114,
      "zone_time": 0.449326,
      "exit_speed": null,
      "angle": null,
      "direction": null,
      "hit_spin_rate": null,
      "position_at_110_x": null,
      "position_at_110_y": null,
      "position_at_110_z": null,
      "distance": null,
      "last_tracked_distance": null,
      "bearing": null,
      "hang_time": null,
      "pfxx": -8.40957,
      "pfxz": 11.70497,
      "x0": -1.22312,
      "z0": 5.82452,
      "vx0": 4.44276,
      "vy0": -125.03207,
      "vz0": -4.85248,
      "ax0": -13.09762,
      "ay0": 29.0042,
      "az0": -13.944,
      "effective_velo": 83.88656,
      "max_height": null,
      "measured_duration": null,
      "speed_drop": 8.70742,
      "pitch_last_measured_x": null,
      "pitch_last_measured_y": null,
      "pitch_last_measured_z": null,
      "contact_position_x": null,
      "contact_position_y": null,
      "contact_position_z": null,
      "pitch_trajectory_xc0": 55.21784,
      "pitch_trajectory_xc1": -126.23667,
      "pitch_trajectory_xc2": 14.5021,
      "pitch_trajectory_yc0": 6.01403,
      "pitch_trajectory_yc1": -4.27336,
      "pitch_trajectory_yc2": -6.972,
      "pitch_trajectory_zc0": -1.41893,
      "pitch_trajectory_zc1": 4.98673,
      "pitch_trajectory_zc2": -6.54881,
      "hit_spin_axis": null,
      "hit_trajectory_xc0": null,
      "hit_trajectory_xc1": null,
      "hit_trajectory_xc2": null,
      "hit_trajectory_xc3": null,
      "hit_trajectory_xc4": null,
      "hit_trajectory_xc5": null,
      "hit_trajectory_xc6": null,
      "hit_trajectory_xc7": null,
      "hit_trajectory_xc8": null,
      "hit_trajectory_yc0": null,
      "hit_trajectory_yc1": null,
      "hit_trajectory_yc2": null,
      "hit_trajectory_yc3": null,
      "hit_trajectory_yc4": null,
      "hit_trajectory_yc5": null,
      "hit_trajectory_yc6": null,
      "hit_trajectory_yc7": null,
      "hit_trajectory_yc8": null,
      "hit_trajectory_zc0": null,
      "hit_trajectory_zc1": null,
      "hit_trajectory_zc3": null,
      "hit_trajectory_zc4": null,
      "hit_trajectory_zc5": null,
      "hit_trajectory_zc6": null,
      "pitcher_throws": "Right",
      "pitcher_team_code": "LI",
      "batter_side": "Right",
      "batter_team_code": "STA_YAN",
      "pitcher_set": null,
      "catcher_throws": "Right",
      "top_or_bottom": "Bottom",
      "tagged_pitch_type": "Undefined",
      "auto_pitch_type": "Four-Seam",
      "pitch_call": "StrikeSwinging",
      "k_or_bb": "Strikeout",
      "tagged_hit_type": "Undefined",
      "play_result": "Undefined",
      "notes": "NaN",
      "auto_hit_type": null,
      "tilt": "1:15",
      "catcher_throw_catch_confidence": null,
      "catcher_throw_release_confidence": null,
      "catcher_throw_location_confidence": null,
      "pitch_release_confidence": "High",
      "pitch_location_confidence": "High",
      "pitch_movement_confidence": "High",
      "hit_launch_confidence": null,
      "hit_landing_confidence": null,
      "detected_shift": null,
      "first_b_position_at_release_x": null,
      "first_b_position_at_release_z": null,
      "second_b_position_at_release_x": null,
      "second_b_position_at_release_z": null,
      "third_b_position_at_release_x": null,
      "third_b_position_at_release_z": null,
      "ss_position_at_release_x": null,
      "ss_position_at_release_z": null,
      "lf_position_at_release_x": null,
      "lf_position_at_release_z": null,
      "cf_position_at_release_x": null,
      "cf_position_at_release_z": null,
      "rf_position_at_release_x": null,
      "rf_position_at_release_z": null,
      "first_b_player_id": null,
      "second_b_player_id": null,
      "third_b_player_id": null,
      "ss_player_id": null,
      "lf_player_id": null,
      "cf_player_id": null,
      "rf_player_id": null
    },
    {
      "hit_trajectory_zc2": null,
      "pitcher_id": "09037653-3d07-462d-9c5e-fb18fd0e3169",
      "batter_id": "85eb0b07-97ba-4d0f-b1df-1aa53769c51a",
      "game_id": "323308a1-bd2c-49fd-b887-303e76b2f292",
      "date": "2024-07-23",
      "time": "20:36:36.20",
      "pa_of_inning": 2,
      "pitch_of_pa": 2,
      "hit_trajectory_zc7": null,
      "hit_trajectory_zc8": null,
      "throw_speed": null,
      "pop_time": null,
      "exchange_time": null,
      "time_to_base": null,
      "catch_position_x": null,
      "catch_position_y": null,
      "catch_position_z": null,
      "throw_position_x": null,
      "throw_position_y": null,
      "throw_position_z": null,
      "base_position_x": null,
      "base_position_y": null,
      "base_position_z": null,
      "throw_trajectory_xc0": null,
      "throw_trajectory_xc1": null,
      "throw_trajectory_xc2": null,
      "throw_trajectory_yc0": null,
      "throw_trajectory_yc1": null,
      "throw_trajectory_yc2": null,
      "throw_trajectory_zc0": null,
      "throw_trajectory_zc1": null,
      "throw_trajectory_zc2": null,
      "inning": 7,
      "outs": 0,
      "balls": 0,
      "strikes": 1,
      "outs_on_play": 0,
      "runs_scored": 0,
      "y0": 50.0,
      "local_date_time": "2024-07-23T20:36:36.2099804-04:00",
      "catcher_id": "65fa5fdb-90bf-445f-b30a-79c876774d4b",
      "pitch_number": 223,
      "rel_speed": 85.90488,
      "vert_rel_angle": -0.443086,
      "horz_rel_angle": -3.129095,
      "spin_rate": 2311.2883,
      "spin_axis": 222.32648,
      "rel_height": 6.00199,
      "rel_side": 1.52511,
      "extension": 5.67207,
      "vert_break": -21.51241,
      "induced_vert_break": 17.32977,
      "horz_break": 14.47713,
      "plate_loc_height": 3.79557,
      "plate_loc_side": -0.18866,
      "zone_speed": 77.19727,
      "vert_appr_angle": -4.528235,
      "horz_appr_angle": -0.546052,
      "zone_time": 0.448563,
      "exit_speed": null,
      "angle": null,
      "direction": null,
      "hit_spin_rate": null,
      "position_at_110_x": null,
      "position_at_110_y": null,
      "position_at_110_z": null,
      "distance": null,
      "last_tracked_distance": null,
      "bearing": null,
      "hang_time": null,
      "pfxx": -8.32063,
      "pfxz": 9.33284,
      "x0": -1.26999,
      "z0": 5.95136,
      "vx0": 6.17674,
      "vy0": -124.3719,
      "vz0": -1.60957,
      "ax0": -12.82355,
      "ay0": 28.68188,
      "az0": -17.7905,
      "effective_velo": 84.02939,
      "max_height": null,
      "measured_duration": null,
      "speed_drop": 8.70762,
      "pitch_last_measured_x": null,
      "pitch_last_measured_y": null,
      "pitch_last_measured_z": null,
      "contact_position_x": null,
      "contact_position_y": null,
      "contact_position_z": null,
      "pitch_trajectory_xc0": 54.82287,
      "pitch_trajectory_xc1": -125.47919,
      "pitch_trajectory_xc2": 14.34094,
      "pitch_trajectory_yc0": 6.00024,
      "pitch_trajectory_yc1": -0.92275,
      "pitch_trajectory_yc2": -8.89525,
      "pitch_trajectory_zc0": -1.518,
      "pitch_trajectory_zc1": 6.67181,
      "pitch_trajectory_zc2": -6.41178,
      "hit_spin_axis": null,
      "hit_trajectory_xc0": null,
      "hit_trajectory_xc1": null,
      "hit_trajectory_xc2": null,
      "hit_trajectory_xc3": null,
      "hit_trajectory_xc4": null,
      "hit_trajectory_xc5": null,
      "hit_trajectory_xc6": null,
      "hit_trajectory_xc7": null,
      "hit_trajectory_xc8": null,
      "hit_trajectory_yc0": null,
      "hit_trajectory_yc1": null,
      "hit_trajectory_yc2": null,
      "hit_trajectory_yc3": null,
      "hit_trajectory_yc4": null,
      "hit_trajectory_yc5": null,
      "hit_trajectory_yc6": null,
      "hit_trajectory_yc7": null,
      "hit_trajectory_yc8": null,
      "hit_trajectory_zc0": null,
      "hit_trajectory_zc1": null,
      "hit_trajectory_zc3": null,
      "hit_trajectory_zc4": null,
      "hit_trajectory_zc5": null,
      "hit_trajectory_zc6": null,
      "pitcher_throws": "Right",
      "pitcher_team_code": "LI",
      "batter_side": "Right",
      "batter_team_code": "STA_YAN",
      "pitcher_set": null,
      "catcher_throws": "Right",
      "top_or_bottom": "Bottom",
      "tagged_pitch_type": "Undefined",
      "auto_pitch_type": "Four-Seam",
      "pitch_call": "StrikeSwinging",
      "k_or_bb": "Undefined",
      "tagged_hit_type": "Undefined",
      "play_result": "Undefined",
      "notes": "NaN",
      "auto_hit_type": null,
      "tilt": "1:30",
      "catcher_throw_catch_confidence": null,
      "catcher_throw_release_confidence": null,
      "catcher_throw_location_confidence": null,
      "pitch_release_confidence": "High",
      "pitch_location_confidence": "High",
      "pitch_movement_confidence": "High",
      "hit_launch_confidence": null,
      "hit_landing_confidence": null,
      "detected_shift": null,
      "first_b_position_at_release_x": null,
      "first_b_position_at_release_z": null,
      "second_b_position_at_release_x": null,
      "second_b_position_at_release_z": null,
      "third_b_position_at_release_x": null,
      "third_b_position_at_release_z": null,
      "ss_position_at_release_x": null,
      "ss_position_at_release_z": null,
      "lf_position_at_release_x": null,
      "lf_position_at_release_z": null,
      "cf_position_at_release_x": null,
      "cf_position_at_release_z": null,
      "rf_position_at_release_x": null,
      "rf_position_at_release_z": null,
      "first_b_player_id": null,
      "second_b_player_id": null,
      "third_b_player_id": null,
      "ss_player_id": null,
      "lf_player_id": null,
      "cf_player_id": null,
      "rf_player_id": null
    },
    {
      "hit_trajectory_zc2": null,
      "pitcher_id": "09037653-3d07-462d-9c5e-fb18fd0e3169",
      "batter_id": "85eb0b07-97ba-4d0f-b1df-1aa53769c51a",
      "game_id": "323308a1-bd2c-49fd-b887-303e76b2f292",
      "date": "2024-07-23",
      "time": "20:35:17.21",
      "pa_of_inning": 2,
      "pitch_of_pa": 1,
      "hit_trajectory_zc7": null,
      "hit_trajectory_zc8": null,
      "throw_speed": null,
      "pop_time": null,
      "exchange_time": null,
      "time_to_base": null,
      "catch_position_x": null,
      "catch_position_y": null,
      "catch_position_z": null,
      "throw_position_x": null,
      "throw_position_y": null,
      "throw_position_z": null,
      "base_position_x": null,
      "base_position_y": null,
      "base_position_z": null,
      "throw_trajectory_xc0": null,
      "throw_trajectory_xc1": null,
      "throw_trajectory_xc2": null,
      "throw_trajectory_yc0": null,
      "throw_trajectory_yc1": null,
      "throw_trajectory_yc2": null,
      "throw_trajectory_zc0": null,
      "throw_trajectory_zc1": null,
      "throw_trajectory_zc2": null,
      "inning": 7,
      "outs": 0,
      "balls": 0,
      "strikes": 0,
      "outs_on_play": 0,
      "runs_scored": 0,
      "y0": 50.0,
      "local_date_time": "2024-07-23T20:35:17.2134492-04:00",
      "catcher_id": "65fa5fdb-90bf-445f-b30a-79c876774d4b",
      "pitch_number": 222,
      "rel_speed": 83.48296,
      "vert_rel_angle": -0.41927,
      "horz_rel_angle": -2.330479,
      "spin_rate": 2259.3264,
      "spin_axis": 224.20035,
      "rel_height": 5.91535,
      "rel_side": 1.66931,
      "extension": 5.67114,
      "vert_break": -23.87682,
      "induced_vert_break": 17.40359,
      "horz_break": 15.38635,
      "plate_loc_height": 3.53439,
      "plate_loc_side": 0.77754,
      "zone_speed": 74.74811,
      "vert_appr_angle": -4.950887,
      "horz_appr_angle": 0.41773,
      "zone_time": 0.462427,
      "exit_speed": null,
      "angle": null,
      "direction": null,
      "hit_spin_rate": null,
      "position_at_110_x": null,
      "position_at_110_y": null,
      "position_at_110_z": null,
      "distance": null,
      "last_tracked_distance": null,
      "bearing": null,
      "hang_time": null,
      "pfxx": -8.69548,
      "pfxz": 9.43776,
      "x0": -1.48282,
      "z0": 5.86544,
      "vx0": 4.30136,
      "vy0": -120.92303,
      "vz0": -1.59666,
      "ax0": -12.58464,
      "ay0": 28.5389,
      "az0": -18.51511,
      "effective_velo": 81.51,
      "max_height": null,
      "measured_duration": null,
      "speed_drop": 8.73486,
      "pitch_last_measured_x": null,
      "pitch_last_measured_y": null,
      "pitch_last_measured_z": null,
      "contact_position_x": null,
      "contact_position_y": null,
      "contact_position_z": null,
      "pitch_trajectory_xc0": 54.82595,
      "pitch_trajectory_xc1": -122.05668,
      "pitch_trajectory_xc2": 14.26945,
      "pitch_trajectory_yc0": 5.91426,
      "pitch_trajectory_yc1": -0.86118,
      "pitch_trajectory_yc2": -9.25755,
      "pitch_trajectory_zc0": -1.66361,
      "pitch_trajectory_zc1": 4.80126,
      "pitch_trajectory_zc2": -6.29232,
      "hit_spin_axis": null,
      "hit_trajectory_xc0": null,
      "hit_trajectory_xc1": null,
      "hit_trajectory_xc2": null,
      "hit_trajectory_xc3": null,
      "hit_trajectory_xc4": null,
      "hit_trajectory_xc5": null,
      "hit_trajectory_xc6": null,
      "hit_trajectory_xc7": null,
      "hit_trajectory_xc8": null,
      "hit_trajectory_yc0": null,
      "hit_trajectory_yc1": null,
      "hit_trajectory_yc2": null,
      "hit_trajectory_yc3": null,
      "hit_trajectory_yc4": null,
      "hit_trajectory_yc5": null,
      "hit_trajectory_yc6": null,
      "hit_trajectory_yc7": null,
      "hit_trajectory_yc8": null,
      "hit_trajectory_zc0": null,
      "hit_trajectory_zc1": null,
      "hit_trajectory_zc3": null,
      "hit_trajectory_zc4": null,
      "hit_trajectory_zc5": null,
      "hit_trajectory_zc6": null,
      "pitcher_throws": "Right",
      "pitcher_team_code": "LI",
      "batter_side": "Right",
      "batter_team_code": "STA_YAN",
      "pitcher_set": null,
      "catcher_throws": "Right",
      "top_or_bottom": "Bottom",
      "tagged_pitch_type": "Undefined",
      "auto_pitch_type": "Changeup",
      "pitch_call": "FoulBallNotFieldable",
      "k_or_bb": "Undefined",
      "tagged_hit_type": "Undefined",
      "play_result": "Undefined",
      "notes": "NaN",
      "auto_hit_type": null,
      "tilt": "1:30",
      "catcher_throw_catch_confidence": null,
      "catcher_throw_release_confidence": null,
      "catcher_throw_location_confidence": null,
      "pitch_release_confidence": "High",
      "pitch_location_confidence": "High",
      "pitch_movement_confidence": "High",
      "hit_launch_confidence": null,
      "hit_landing_confidence": null,
      "detected_shift": null,
      "first_b_position_at_release_x": null,
      "first_b_position_at_release_z": null,
      "second_b_position_at_release_x": null,
      "second_b_position_at_release_z": null,
      "third_b_position_at_release_x": null,
      "third_b_position_at_release_z": null,
      "ss_position_at_release_x": null,
      "ss_position_at_release_z": null,
      "lf_position_at_release_x": null,
      "lf_position_at_release_z": null,
      "cf_position_at_release_x": null,
      "cf_position_at_release_z": null,
      "rf_position_at_release_x": null,
      "rf_position_at_release_z": null,
      "first_b_player_id": null,
      "second_b_player_id": null,
      "third_b_player_id": null,
      "ss_player_id": null,
      "lf_player_id": null,
      "cf_player_id": null,
      "rf_player_id": null
    },
    {
      "hit_trajectory_zc2": null,
      "pitcher_id": "a52ddf12-b257-422c-8a11-03687c660f9f",
      "batter_id": "85eb0b07-97ba-4d0f-b1df-1aa53769c51a",
      "game_id": "323308a1-bd2c-49fd-b887-303e76b2f292",
      "date": "2024-07-23",
      "time": "19:56:34.94",
      "pa_of_inning": 1,
      "pitch_of_pa": 4,
      "hit_trajectory_zc7": null,
      "hit_trajectory_zc8": null,
      "throw_speed": 63.35304,
      "pop_time": null,
      "exchange_time": null,
      "time_to_base": 1.106274,
      "catch_position_x": null,
      "catch_position_y": null,
      "catch_position_z": null,
      "throw_position_x": 0.56494,
      "throw_position_y": 5.85302,
      "throw_position_z": 3.32656,
      "base_position_x": 73.46201,
      "base_position_y": 10.29281,
      "base_position_z": -51.5272,
      "throw_trajectory_xc0": 0.68331,
      "throw_trajectory_xc1": 70.1984,
      "throw_trajectory_xc2": -3.94518,
      "throw_trajectory_yc0": 5.95034,
      "throw_trajectory_yc1": 18.78729,
      "throw_trajectory_yc2": -13.39705,
      "throw_trajectory_zc0": 3.15237,
      "throw_trajectory_zc1": -54.97211,
      "throw_trajectory_zc2": 4.95072,
      "inning": 5,
      "outs": 0,
      "balls": 1,
      "strikes": 2,
      "outs_on_play": 0,
      "runs_scored": 0,
      "y0": 50.0,
      "local_date_time": "2024-07-23T19:56:34.9400000-04:00",
      "catcher_id": "65fa5fdb-90bf-445f-b30a-79c876774d4b",
      "pitch_number": 157,
      "rel_speed": 90.12899,
      "vert_rel_angle": -0.311004,
      "horz_rel_angle": 2.485176,
      "spin_rate": 2124.8652,
      "spin_axis": 134.4461,
      "rel_height": 5.62501,
      "rel_side": -1.62491,
      "extension": 6.09584,
      "vert_break": -20.64005,
      "induced_vert_break": 13.57879,
      "horz_break": -12.71434,
      "plate_loc_height": 3.61708,
      "plate_loc_side": -0.38443,
      "zone_speed": 82.09236,
      "vert_appr_angle": -4.216417,
      "horz_appr_angle": 0.196593,
      "zone_time": 0.421021,
      "exit_speed": null,
      "angle": null,
      "direction": null,
      "hit_spin_rate": null,
      "position_at_110_x": null,
      "position_at_110_y": null,
      "position_at_110_z": null,
      "distance": null,
      "last_tracked_distance": null,
      "bearing": null,
      "hang_time": null,
      "pfxx": 7.23685,
      "pfxz": 7.42067,
      "x0": 1.43991,
      "z0": 5.59013,
      "vx0": -5.14232,
      "vy0": -130.84596,
      "vz0": -1.34318,
      "ax0": 12.51315,
      "ay0": 28.28673,
      "az0": -19.34308,
      "effective_velo": 89.52622,
      "max_height": null,
      "measured_duration": null,
      "speed_drop": 8.03663,
      "pitch_last_measured_x": null,
      "pitch_last_measured_y": null,
      "pitch_last_measured_z": null,
      "contact_position_x": null,
      "contact_position_y": null,
      "contact_position_z": null,
      "pitch_trajectory_xc0": 54.40138,
      "pitch_trajectory_xc1": -131.79404,
      "pitch_trajectory_xc2": 14.14337,
      "pitch_trajectory_yc0": 5.62429,
      "pitch_trajectory_yc1": -0.69487,
      "pitch_trajectory_yc2": -9.67154,
      "pitch_trajectory_zc0": 1.61929,
      "pitch_trajectory_zc1": -5.56172,
      "pitch_trajectory_zc2": 6.25658,
      "hit_spin_axis": null,
      "hit_trajectory_xc0": null,
      "hit_trajectory_xc1": null,
      "hit_trajectory_xc2": null,
      "hit_trajectory_xc3": null,
      "hit_trajectory_xc4": null,
      "hit_trajectory_xc5": null,
      "hit_trajectory_xc6": null,
      "hit_trajectory_xc7": null,
      "hit_trajectory_xc8": null,
      "hit_trajectory_yc0": null,
      "hit_trajectory_yc1": null,
      "hit_trajectory_yc2": null,
      "hit_trajectory_yc3": null,
      "hit_trajectory_yc4": null,
      "hit_trajectory_yc5": null,
      "hit_trajectory_yc6": null,
      "hit_trajectory_yc7": null,
      "hit_trajectory_yc8": null,
      "hit_trajectory_zc0": null,
      "hit_trajectory_zc1": null,
      "hit_trajectory_zc3": null,
      "hit_trajectory_zc4": null,
      "hit_trajectory_zc5": null,
      "hit_trajectory_zc6": null,
      "pitcher_throws": "Left",
      "pitcher_team_code": "LI",
      "batter_side": "Right",
      "batter_team_code": "STA_YAN",
      "pitcher_set": null,
      "catcher_throws": "Right",
      "top_or_bottom": "Bottom",
      "tagged_pitch_type": "Undefined",
      "auto_pitch_type": "Sinker",
      "pitch_call": "StrikeSwinging",
      "k_or_bb": "Strikeout",
      "tagged_hit_type": "Undefined",
      "play_result": "Undefined",
      "notes": "NaN",
      "auto_hit_type": null,
      "tilt": "10:30",
      "catcher_throw_catch_confidence": "High",
      "catcher_throw_release_confidence": "Medium",
      "catcher_throw_location_confidence": "High",
      "pitch_release_confidence": "High",
      "pitch_location_confidence": "High",
      "pitch_movement_confidence": "High",
      "hit_launch_confidence": null,
      "hit_landing_confidence": null,
      "detected_shift": null,
      "first_b_position_at_release_x": null,
      "first_b_position_at_release_z": null,
      "second_b_position_at_release_x": null,
      "second_b_position_at_release_z": null,
      "third_b_position_at_release_x": null,
      "third_b_position_at_release_z": null,
      "ss_position_at_release_x": null,
      "ss_position_at_release_z": null,
      "lf_position_at_release_x": null,
      "lf_position_at_release_z": null,
      "cf_position_at_release_x": null,
      "cf_position_at_release_z": null,
      "rf_position_at_release_x": null,
      "rf_position_at_release_z": null,
      "first_b_player_id": null,
      "second_b_player_id": null,
      "third_b_player_id": null,
      "ss_player_id": null,
      "lf_player_id": null,
      "cf_player_id": null,
      "rf_player_id": null
    },
    {
      "hit_trajectory_zc2": null,
      "pitcher_id": "a52ddf12-b257-422c-8a11-03687c660f9f",
      "batter_id": "85eb0b07-97ba-4d0f-b1df-1aa53769c51a",
      "game_id": "323308a1-bd2c-49fd-b887-303e76b2f292",
      "date": "2024-07-23",
      "time": "19:56:17.55",
      "pa_of_inning": 1,
      "pitch_of_pa": 3,
      "hit_trajectory_zc7": null,
      "hit_trajectory_zc8": null,
      "throw_speed": null,
      "pop_time": null,
      "exchange_time": null,
      "time_to_base": null,
      "catch_position_x": null,
      "catch_position_y": null,
      "catch_position_z": null,
      "throw_position_x": null,
      "throw_position_y": null,
      "throw_position_z": null,
      "base_position_x": null,
      "base_position_y": null,
      "base_position_z": null,
      "throw_trajectory_xc0": null,
      "throw_trajectory_xc1": null,
      "throw_trajectory_xc2": null,
      "throw_trajectory_yc0": null,
      "throw_trajectory_yc1": null,
      "throw_trajectory_yc2": null,
      "throw_trajectory_zc0": null,
      "throw_trajectory_zc1": null,
      "throw_trajectory_zc2": null,
      "inning": 5,
      "outs": 0,
      "balls": 0,
      "strikes": 2,
      "outs_on_play": 0,
      "runs_scored": 0,
      "y0": 50.0,
      "local_date_time": "2024-07-23T19:56:17.5542364-04:00",
      "catcher_id": "65fa5fdb-90bf-445f-b30a-79c876774d4b",
      "pitch_number": 156,
      "rel_speed": 89.57502,
      "vert_rel_angle": 0.726002,
      "horz_rel_angle": 2.10721,
      "spin_rate": 2236.5305,
      "spin_axis": 151.60544,
      "rel_height": 5.65773,
      "rel_side": -1.51321,
      "extension": 6.20869,
      "vert_break": -16.15796,
      "induced_vert_break": 18.65107,
      "horz_break": -9.4254,
      "plate_loc_height": 4.98178,
      "plate_loc_side": -0.35294,
      "zone_speed": 80.72015,
      "vert_appr_angle": -2.407898,
      "horz_appr_angle": 0.40726,
      "zone_time": 0.424637,
      "exit_speed": null,
      "angle": null,
      "direction": null,
      "hit_spin_rate": null,
      "position_at_110_x": null,
      "position_at_110_y": null,
      "position_at_110_z": null,
      "distance": null,
      "last_tracked_distance": null,
      "bearing": null,
      "hang_time": null,
      "pfxx": 5.48087,
      "pfxz": 9.73989,
      "x0": 1.35931,
      "z0": 5.70385,
      "vx0": -4.37944,
      "vy0": -129.93245,
      "vz0": 1.2387,
      "ax0": 9.25691,
      "ay0": 30.28304,
      "az0": -15.72395,
      "effective_velo": 88.76394,
      "max_height": null,
      "measured_duration": null,
      "speed_drop": 8.85486,
      "pitch_last_measured_x": null,
      "pitch_last_measured_y": null,
      "pitch_last_measured_z": null,
      "contact_position_x": null,
      "contact_position_y": null,
      "contact_position_z": null,
      "pitch_trajectory_xc0": 54.28546,
      "pitch_trajectory_xc1": -130.92744,
      "pitch_trajectory_xc2": 15.14152,
      "pitch_trajectory_yc0": 5.65466,
      "pitch_trajectory_yc1": 1.75533,
      "pitch_trajectory_yc2": -7.86197,
      "pitch_trajectory_zc0": 1.5082,
      "pitch_trajectory_zc1": -4.68359,
      "pitch_trajectory_zc2": 4.62845,
      "hit_spin_axis": null,
      "hit_trajectory_xc0": null,
      "hit_trajectory_xc1": null,
      "hit_trajectory_xc2": null,
      "hit_trajectory_xc3": null,
      "hit_trajectory_xc4": null,
      "hit_trajectory_xc5": null,
      "hit_trajectory_xc6": null,
      "hit_trajectory_xc7": null,
      "hit_trajectory_xc8": null,
      "hit_trajectory_yc0": null,
      "hit_trajectory_yc1": null,
      "hit_trajectory_yc2": null,
      "hit_trajectory_yc3": null,
      "hit_trajectory_yc4": null,
      "hit_trajectory_yc5": null,
      "hit_trajectory_yc6": null,
      "hit_trajectory_yc7": null,
      "hit_trajectory_yc8": null,
      "hit_trajectory_zc0": null,
      "hit_trajectory_zc1": null,
      "hit_trajectory_zc3": null,
      "hit_trajectory_zc4": null,
      "hit_trajectory_zc5": null,
      "hit_trajectory_zc6": null,
      "pitcher_throws": "Left",
      "pitcher_team_code": "LI",
      "batter_side": "Right",
      "batter_team_code": "STA_YAN",
      "pitcher_set": null,
      "catcher_throws": "Right",
      "top_or_bottom": "Bottom",
      "tagged_pitch_type": "Undefined",
      "auto_pitch_type": "Four-Seam",
      "pitch_call": "BallCalled",
      "k_or_bb": "Undefined",
      "tagged_hit_type": "Undefined",
      "play_result": "Undefined",
      "notes": "NaN",
      "auto_hit_type": null,
      "tilt": "11:00",
      "catcher_throw_catch_confidence": null,
      "catcher_throw_release_confidence": null,
      "catcher_throw_location_confidence": null,
      "pitch_release_confidence": "High",
      "pitch_location_confidence": "High",
      "pitch_movement_confidence": "High",
      "hit_launch_confidence": null,
      "hit_landing_confidence": null,
      "detected_shift": null,
      "first_b_position_at_release_x": null,
      "first_b_position_at_release_z": null,
      "second_b_position_at_release_x": null,
      "second_b_position_at_release_z": null,
      "third_b_position_at_release_x": null,
      "third_b_position_at_release_z": null,
      "ss_position_at_release_x": null,
      "ss_position_at_release_z": null,
      "lf_position_at_release_x": null,
      "lf_position_at_release_z": null,
      "cf_position_at_release_x": null,
      "cf_position_at_release_z": null,
      "rf_position_at_release_x": null,
      "rf_position_at_release_z": null,
      "first_b_player_id": null,
      "second_b_player_id": null,
      "third_b_player_id": null,
      "ss_player_id": null,
      "lf_player_id": null,
      "cf_player_id": null,
      "rf_player_id": null
    },
    {
      "hit_trajectory_zc2": -1.10009,
      "pitcher_id": "a52ddf12-b257-422c-8a11-03687c660f9f",
      "batter_id": "85eb0b07-97ba-4d0f-b1df-1aa53769c51a",
      "game_id": "323308a1-bd2c-49fd-b887-303e76b2f292",
      "date": "2024-07-23",
      "time": "19:55:55.29",
      "pa_of_inning": 1,
      "pitch_of_pa": 2,
      "hit_trajectory_zc7": -0.0094,
      "hit_trajectory_zc8": 0.00106,
      "throw_speed": null,
      "pop_time": null,
      "exchange_time": null,
      "time_to_base": null,
      "catch_position_x": null,
      "catch_position_y": null,
      "catch_position_z": null,
      "throw_position_x": null,
      "throw_position_y": null,
      "throw_position_z": null,
      "base_position_x": null,
      "base_position_y": null,
      "base_position_z": null,
      "throw_trajectory_xc0": null,
      "throw_trajectory_xc1": null,
      "throw_trajectory_xc2": null,
      "throw_trajectory_yc0": null,
      "throw_trajectory_yc1": null,
      "throw_trajectory_yc2": null,
      "throw_trajectory_zc0": null,
      "throw_trajectory_zc1": null,
      "throw_trajectory_zc2": null,
      "inning": 5,
      "outs": 0,
      "balls": 0,
      "strikes": 1,
      "outs_on_play": 0,
      "runs_scored": 0,
      "y0": 50.0,
      "local_date_time": "2024-07-23T19:55:55.2910428-04:00",
      "catcher_id": "65fa5fdb-90bf-445f-b30a-79c876774d4b",
      "pitch_number": 155,
      "rel_speed": 87.63796,
      "vert_rel_angle": 0.184155,
      "horz_rel_angle": 2.382267,
      "spin_rate": 2016.6791,
      "spin_axis": 124.53806,
      "rel_height": 5.47417,
      "rel_side": -1.77471,
      "extension": 6.64814,
      "vert_break": -29.01187,
      "induced_vert_break": 6.54705,
      "horz_break": -7.79882,
      "plate_loc_height": 3.22522,
      "plate_loc_side": -0.24293,
      "zone_speed": 79.68923,
      "vert_appr_angle": -5.293433,
      "horz_appr_angle": 0.963334,
      "zone_time": 0.429186,
      "exit_speed": 77.27841,
      "angle": 57.568066,
      "direction": 56.680428,
      "hit_spin_rate": 4796.234,
      "position_at_110_x": null,
      "position_at_110_y": null,
      "position_at_110_z": null,
      "distance": null,
      "last_tracked_distance": 85.60273,
      "bearing": null,
      "hang_time": null,
      "pfxx": 4.8502,
      "pfxz": 3.72953,
      "x0": 1.61718,
      "z0": 5.47486,
      "vx0": -5.01011,
      "vy0": -127.33671,
      "vz0": -0.43665,
      "ax0": 7.89879,
      "ay0": 28.13312,
      "az0": -26.10031,
      "effective_velo": 87.82306,
      "max_height": 103.57122,
      "measured_duration": null,
      "speed_drop": 7.94873,
      "pitch_last_measured_x": null,
      "pitch_last_measured_y": null,
      "pitch_last_measured_z": null,
      "contact_position_x": 2.48478,
      "contact_position_y": 3.27147,
      "contact_position_z": 0.26278,
      "pitch_trajectory_xc0": 53.85053,
      "pitch_trajectory_xc1": -128.1846,
      "pitch_trajectory_xc2": 14.06656,
      "pitch_trajectory_yc0": 5.47616,
      "pitch_trajectory_yc1": 0.34998,
      "pitch_trajectory_yc2": -13.05015,
      "pitch_trajectory_zc0": 1.77177,
      "pitch_trajectory_zc1": -5.24817,
      "pitch_trajectory_zc2": 3.94939,
      "hit_spin_axis": 214.3658,
      "hit_trajectory_xc0": 2.48478,
      "hit_trajectory_xc1": 33.38957,
      "hit_trajectory_xc2": -13.37216,
      "hit_trajectory_xc3": 2.58437,
      "hit_trajectory_xc4": -0.54585,
      "hit_trajectory_xc5": 0.07572,
      "hit_trajectory_xc6": -0.00814,
      "hit_trajectory_xc7": -1e-05,
      "hit_trajectory_xc8": 0.00026,
      "hit_trajectory_yc0": 3.27147,
      "hit_trajectory_yc1": 95.66352,
      "hit_trajectory_yc2": -26.26297,
      "hit_trajectory_yc3": 3.48975,
      "hit_trajectory_yc4": -0.74896,
      "hit_trajectory_yc5": 0.14219,
      "hit_trajectory_yc6": -0.02227,
      "hit_trajectory_yc7": 0.00312,
      "hit_trajectory_yc8": -0.00018,
      "hit_trajectory_zc0": 0.26278,
      "hit_trajectory_zc1": 50.79293,
      "hit_trajectory_zc3": -1.62741,
      "hit_trajectory_zc4": 0.61502,
      "hit_trajectory_zc5": -0.1917,
      "hit_trajectory_zc6": 0.04469,
      "pitcher_throws": "Left",
      "pitcher_team_code": "LI",
      "batter_side": "Right",
      "batter_team_code": "STA_YAN",
      "pitcher_set": null,
      "catcher_throws": "Right",
      "top_or_bottom": "Bottom",
      "tagged_pitch_type": "Undefined",
      "auto_pitch_type": "Sinker",
      "pitch_call": "FoulBallNotFieldable",
      "k_or_bb": "Undefined",
      "tagged_hit_type": "Undefined",
      "play_result": "Undefined",
      "notes": "NaN",
      "auto_hit_type": null,
      "tilt": "10:15",
      "catcher_throw_catch_confidence": null,
      "catcher_throw_release_confidence": null,
      "catcher_throw_location_confidence": null,
      "pitch_release_confidence": "High",
      "pitch_location_confidence": "High",
      "pitch_movement_confidence": "High",
      "hit_launch_confidence": "Medium",
      "hit_landing_confidence": "Low",
      "detected_shift": null,
      "first_b_position_at_release_x": null,
      "first_b_position_at_release_z": null,
      "second_b_position_at_release_x": null,
      "second_b_position_at_release_z": null,
      "third_b_position_at_release_x": null,
      "third_b_position_at_release_z": null,
      "ss_position_at_release_x": null,
      "ss_position_at_release_z": null,
      "lf_position_at_release_x": null,
      "lf_position_at_release_z": null,
      "cf_position_at_release_x": null,
      "cf_position_at_release_z": null,
      "rf_position_at_release_x": null,
      "rf_position_at_release_z": null,
      "first_b_player_id": null,
      "second_b_player_id": null,
      "third_b_player_id": null,
      "ss_player_id": null,
      "lf_player_id": null,
      "cf_player_id": null,
      "rf_player_id": null
    },
    {
      "hit_trajectory_zc2": null,
      "pitcher_id": "a52ddf12-b257-422c-8a11-03687c660f9f",
      "batter_id": "85eb0b07-97ba-4d0f-b1df-1aa53769c51a",
      "game_id": "323308a1-bd2c-49fd-b887-303e76b2f292",
      "date": "2024-07-23",
      "time": "19:55:41.54",
      "pa_of_inning": 1,
      "pitch_of_pa": 1,
      "hit_trajectory_zc7": null,
      "hit_trajectory_zc8": null,
      "throw_speed": null,
      "pop_time": null,
      "exchange_time": null,
      "time_to_base": null,
      "catch_position_x": null,
      "catch_position_y": null,
      "catch_position_z": null,
      "throw_position_x": null,
      "throw_position_y": null,
      "throw_position_z": null,
      "base_position_x": null,
      "base_position_y": null,
      "base_position_z": null,
      "throw_trajectory_xc0": null,
      "throw_trajectory_xc1": null,
      "throw_trajectory_xc2": null,
      "throw_trajectory_yc0": null,
      "throw_trajectory_yc1": null,
      "throw_trajectory_yc2": null,
      "throw_trajectory_zc0": null,
      "throw_trajectory_zc1": null,
      "throw_trajectory_zc2": null,
      "inning": 5,
      "outs": 0,
      "balls": 0,
      "strikes": 0,
      "outs_on_play": 0,
      "runs_scored": 0,
      "y0": 50.0,
      "local_date_time": "2024-07-23T19:55:41.5444572-04:00",
      "catcher_id": "65fa5fdb-90bf-445f-b30a-79c876774d4b",
      "pitch_number": 154,
      "rel_speed": 88.43132,
      "vert_rel_angle": -1.62774,
      "horz_rel_angle": 3.253497,
      "spin_rate": 2360.8457,
      "spin_axis": 140.48817,
      "rel_height": 5.74117,
      "rel_side": -1.66371,
      "extension": 6.22781,
      "vert_break": -16.60564,
      "induced_vert_break": 19.28261,
      "horz_break": -14.80832,
      "plate_loc_height": 2.85277,
      "plate_loc_side": 0.1072,
      "zone_speed": 79.55234,
      "vert_appr_angle": -4.847798,
      "horz_appr_angle": 0.583921,
      "zone_time": 0.431169,
      "exit_speed": null,
      "angle": null,
      "direction": null,
      "hit_spin_rate": null,
      "position_at_110_x": null,
      "position_at_110_y": null,
      "position_at_110_z": null,
      "distance": null,
      "last_tracked_distance": null,
      "bearing": null,
      "hang_time": null,
      "pfxx": 8.68241,
      "pfxz": 10.87863,
      "x0": 1.42737,
      "z0": 5.61103,
      "vx0": -6.67087,
      "vy0": -128.10995,
      "vz0": -4.06361,
      "ax0": 14.19841,
      "ay0": 30.41704,
      "az0": -14.38415,
      "effective_velo": 87.41918,
      "max_height": null,
      "measured_duration": null,
      "speed_drop": 8.87898,
      "pitch_last_measured_x": null,
      "pitch_last_measured_y": null,
      "pitch_last_measured_z": null,
      "contact_position_x": null,
      "contact_position_y": null,
      "contact_position_z": null,
      "pitch_trajectory_xc0": 54.2677,
      "pitch_trajectory_xc1": -129.11925,
      "pitch_trajectory_xc2": 15.20852,
      "pitch_trajectory_yc0": 5.73795,
      "pitch_trajectory_yc1": -3.58631,
      "pitch_trajectory_yc2": -7.19207,
      "pitch_trajectory_zc0": 1.65654,
      "pitch_trajectory_zc1": -7.142,
      "pitch_trajectory_zc2": 7.09921,
      "hit_spin_axis": null,
      "hit_trajectory_xc0": null,
      "hit_trajectory_xc1": null,
      "hit_trajectory_xc2": null,
      "hit_trajectory_xc3": null,
      "hit_trajectory_xc4": null,
      "hit_trajectory_xc5": null,
      "hit_trajectory_xc6": null,
      "hit_trajectory_xc7": null,
      "hit_trajectory_xc8": null,
      "hit_trajectory_yc0": null,
      "hit_trajectory_yc1": null,
      "hit_trajectory_yc2": null,
      "hit_trajectory_yc3": null,
      "hit_trajectory_yc4": null,
      "hit_trajectory_yc5": null,
      "hit_trajectory_yc6": null,
      "hit_trajectory_yc7": null,
      "hit_trajectory_yc8": null,
      "hit_trajectory_zc0": null,
      "hit_trajectory_zc1": null,
      "hit_trajectory_zc3": null,
      "hit_trajectory_zc4": null,
      "hit_trajectory_zc5": null,
      "hit_trajectory_zc6": null,
      "pitcher_throws": "Left",
      "pitcher_team_code": "LI",
      "batter_side": "Right",
      "batter_team_code": "STA_YAN",
      "pitcher_set": null,
      "catcher_throws": "Right",
      "top_or_bottom": "Bottom",
      "tagged_pitch_type": "Undefined",
      "auto_pitch_type": "Four-Seam",
      "pitch_call": "StrikeSwinging",
      "k_or_bb": "Undefined",
      "tagged_hit_type": "Undefined",
      "play_result": "Undefined",
      "notes": "NaN",
      "auto_hit_type": null,
      "tilt": "10:45",
      "catcher_throw_catch_confidence": null,
      "catcher_throw_release_confidence": null,
      "catcher_throw_location_confidence": null,
      "pitch_release_confidence": "High",
      "pitch_location_confidence": "High",
      "pitch_movement_confidence": "High",
      "hit_launch_confidence": null,
      "hit_landing_confidence": null,
      "detected_shift": null,
      "first_b_position_at_release_x": null,
      "first_b_position_at_release_z": null,
      "second_b_position_at_release_x": null,
      "second_b_position_at_release_z": null,
      "third_b_position_at_release_x": null,
      "third_b_position_at_release_z": null,
      "ss_position_at_release_x": null,
      "ss_position_at_release_z": null,
      "lf_position_at_release_x": null,
      "lf_position_at_release_z": null,
      "cf_position_at_release_x": null,
      "cf_position_at_release_z": null,
      "rf_position_at_release_x": null,
      "rf_position_at_release_z": null,
      "first_b_player_id": null,
      "second_b_player_id": null,
      "third_b_player_id": null,
      "ss_player_id": null,
      "lf_player_id": null,
      "cf_player_id": null,
      "rf_player_id": null
    },
    {
      "hit_trajectory_zc2": null,
      "pitcher_id": "a52ddf12-b257-422c-8a11-03687c660f9f",
      "batter_id": "85eb0b07-97ba-4d0f-b1df-1aa53769c51a",
      "game_id": "323308a1-bd2c-49fd-b887-303e76b2f292",
      "date": "2024-07-23",
      "time": "19:19:09.42",
      "pa_of_inning": 1,
      "pitch_of_pa": 6,
      "hit_trajectory_zc7": null,
      "hit_trajectory_zc8": null,
      "throw_speed": null,
      "pop_time": null,
      "exchange_time": null,
      "time_to_base": null,
      "catch_position_x": null,
      "catch_position_y": null,
      "catch_position_z": null,
      "throw_position_x": null,
      "throw_position_y": null,
      "throw_position_z": null,
      "base_position_x": null,
      "base_position_y": null,
      "base_position_z": null,
      "throw_trajectory_xc0": null,
      "throw_trajectory_xc1": null,
      "throw_trajectory_xc2": null,
      "throw_trajectory_yc0": null,
      "throw_trajectory_yc1": null,
      "throw_trajectory_yc2": null,
      "throw_trajectory_zc0": null,
      "throw_trajectory_zc1": null,
      "throw_trajectory_zc2": null,
      "inning": 3,
      "outs": 0,
      "balls": 3,
      "strikes": 2,
      "outs_on_play": 0,
      "runs_scored": 0,
      "y0": 50.0,
      "local_date_time": "2024-07-23T19:19:09.4238812-04:00",
      "catcher_id": "65fa5fdb-90bf-445f-b30a-79c876774d4b",
      "pitch_number": 87,
      "rel_speed": 89.1892,
      "vert_rel_angle": -2.778129,
      "horz_rel_angle": 2.98102,
      "spin_rate": 2235.8965,
      "spin_axis": 135.02289,
      "rel_height": 5.52039,
      "rel_side": -1.45399,
      "extension": 6.5488,
      "vert_break": -19.26391,
      "induced_vert_break": 15.11796,
      "horz_break": -13.98993,
      "plate_loc_height": 1.36205,
      "plate_loc_side": 0.11627,
      "zone_speed": 81.57615,
      "vert_appr_angle": -6.446403,
      "horz_appr_angle": 0.44128,
      "zone_time": 0.422023,
      "exit_speed": null,
      "angle": null,
      "direction": null,
      "hit_spin_rate": null,
      "position_at_110_x": null,
      "position_at_110_y": null,
      "position_at_110_z": null,
      "distance": null,
      "last_tracked_distance": null,
      "bearing": null,
      "hang_time": null,
      "pfxx": 8.20241,
      "pfxz": 9.06611,
      "x0": 1.25348,
      "z0": 5.31968,
      "vx0": -6.20518,
      "vy0": -129.41734,
      "vz0": -6.80942,
      "ax0": 13.88821,
      "ay0": 27.42679,
      "az0": -16.8234,
      "effective_velo": 89.31371,
      "max_height": null,
      "measured_duration": null,
      "speed_drop": 7.61305,
      "pitch_last_measured_x": null,
      "pitch_last_measured_y": null,
      "pitch_last_measured_z": null,
      "contact_position_x": null,
      "contact_position_y": null,
      "contact_position_z": null,
      "pitch_trajectory_xc0": 53.95008,
      "pitch_trajectory_xc1": -130.25177,
      "pitch_trajectory_xc2": 13.7134,
      "pitch_trajectory_yc0": 5.51906,
      "pitch_trajectory_yc1": -6.29758,
      "pitch_trajectory_yc2": -8.4117,
      "pitch_trajectory_zc0": 1.44869,
      "pitch_trajectory_zc1": -6.62771,
      "pitch_trajectory_zc2": 6.9441,
      "hit_spin_axis": null,
      "hit_trajectory_xc0": null,
      "hit_trajectory_xc1": null,
      "hit_trajectory_xc2": null,
      "hit_trajectory_xc3": null,
      "hit_trajectory_xc4": null,
      "hit_trajectory_xc5": null,
      "hit_trajectory_xc6": null,
      "hit_trajectory_xc7": null,
      "hit_trajectory_xc8": null,
      "hit_trajectory_yc0": null,
      "hit_trajectory_yc1": null,
      "hit_trajectory_yc2": null,
      "hit_trajectory_yc3": null,
      "hit_trajectory_yc4": null,
      "hit_trajectory_yc5": null,
      "hit_trajectory_yc6": null,
      "hit_trajectory_yc7": null,
      "hit_trajectory_yc8": null,
      "hit_trajectory_zc0": null,
      "hit_trajectory_zc1": null,
      "hit_trajectory_zc3": null,
      "hit_trajectory_zc4": null,
      "hit_trajectory_zc5": null,
      "hit_trajectory_zc6": null,
      "pitcher_throws": "Left",
      "pitcher_team_code": "LI",
      "batter_side": "Right",
      "batter_team_code": "STA_YAN",
      "pitcher_set": null,
      "catcher_throws": "Right",
      "top_or_bottom": "Bottom",
      "tagged_pitch_type": "Undefined",
      "auto_pitch_type": "Sinker",
      "pitch_call": "BallCalled",
      "k_or_bb": "Walk",
      "tagged_hit_type": "Undefined",
      "play_result": "Undefined",
      "notes": "NaN",
      "auto_hit_type": null,
      "tilt": "10:30",
      "catcher_throw_catch_confidence": null,
      "catcher_throw_release_confidence": null,
      "catcher_throw_location_confidence": null,
      "pitch_release_confidence": "High",
      "pitch_location_confidence": "High",
      "pitch_movement_confidence": "High",
      "hit_launch_confidence": null,
      "hit_landing_confidence": null,
      "detected_shift": null,
      "first_b_position_at_release_x": null,
      "first_b_position_at_release_z": null,
      "second_b_position_at_release_x": null,
      "second_b_position_at_release_z": null,
      "third_b_position_at_release_x": null,
      "third_b_position_at_release_z": null,
      "ss_position_at_release_x": null,
      "ss_position_at_release_z": null,
      "lf_position_at_release_x": null,
      "lf_position_at_release_z": null,
      "cf_position_at_release_x": null,
      "cf_position_at_release_z": null,
      "rf_position_at_release_x": null,
      "rf_position_at_release_z": null,
      "first_b_player_id": null,
      "second_b_player_id": null,
      "third_b_player_id": null,
      "ss_player_id": null,
      "lf_player_id": null,
      "cf_player_id": null,
      "rf_player_id": null
    },
    {
      "hit_trajectory_zc2": null,
      "pitcher_id": "a52ddf12-b257-422c-8a11-03687c660f9f",
      "batter_id": "85eb0b07-97ba-4d0f-b1df-1aa53769c51a",
      "game_id": "323308a1-bd2c-49fd-b887-303e76b2f292",
      "date": "2024-07-23",
      "time": "19:18:54.05",
      "pa_of_inning": 1,
      "pitch_of_pa": 5,
      "hit_trajectory_zc7": null,
      "hit_trajectory_zc8": null,
      "throw_speed": null,
      "pop_time": null,
      "exchange_time": null,
      "time_to_base": null,
      "catch_position_x": null,
      "catch_position_y": null,
      "catch_position_z": null,
      "throw_position_x": null,
      "throw_position_y": null,
      "throw_position_z": null,
      "base_position_x": null,
      "base_position_y": null,
      "base_position_z": null,
      "throw_trajectory_xc0": null,
      "throw_trajectory_xc1": null,
      "throw_trajectory_xc2": null,
      "throw_trajectory_yc0": null,
      "throw_trajectory_yc1": null,
      "throw_trajectory_yc2": null,
      "throw_trajectory_zc0": null,
      "throw_trajectory_zc1": null,
      "throw_trajectory_zc2": null,
      "inning": 3,
      "outs": 0,
      "balls": 2,
      "strikes": 2,
      "outs_on_play": 0,
      "runs_scored": 0,
      "y0": 50.0,
      "local_date_time": "2024-07-23T19:18:54.0587612-04:00",
      "catcher_id": "65fa5fdb-90bf-445f-b30a-79c876774d4b",
      "pitch_number": 86,
      "rel_speed": 90.83559,
      "vert_rel_angle": -0.038403,
      "horz_rel_angle": 4.257598,
      "spin_rate": 2338.701,
      "spin_axis": 135.38698,
      "rel_height": 5.6037,
      "rel_side": -1.63705,
      "extension": 5.84745,
      "vert_break": -17.68426,
      "induced_vert_break": 16.46977,
      "horz_break": -15.13505,
      "plate_loc_height": 4.09423,
      "plate_loc_side": 1.06536,
      "zone_speed": 82.47308,
      "vert_appr_angle": -3.400551,
      "horz_appr_angle": 1.554145,
      "zone_time": 0.420622,
      "exit_speed": null,
      "angle": null,
      "direction": null,
      "hit_spin_rate": null,
      "position_at_110_x": null,
      "position_at_110_y": null,
      "position_at_110_z": null,
      "distance": null,
      "last_tracked_distance": null,
      "bearing": null,
      "hang_time": null,
      "pfxx": 8.90697,
      "pfxz": 8.7417,
      "x0": 1.29895,
      "z0": 5.59024,
      "vx0": -9.12732,
      "vy0": -131.57536,
      "vz0": -0.62363,
      "ax0": 15.56715,
      "ay0": 28.70215,
      "az0": -16.89573,
      "effective_velo": 89.61109,
      "max_height": null,
      "measured_duration": null,
      "speed_drop": 8.3625,
      "pitch_last_measured_x": null,
      "pitch_last_measured_y": null,
      "pitch_last_measured_z": null,
      "contact_position_x": null,
      "contact_position_y": null,
      "contact_position_z": null,
      "pitch_trajectory_xc0": 54.64963,
      "pitch_trajectory_xc1": -132.58575,
      "pitch_trajectory_xc2": 14.35108,
      "pitch_trajectory_yc0": 5.60172,
      "pitch_trajectory_yc1": -0.02885,
      "pitch_trajectory_yc2": -8.44787,
      "pitch_trajectory_zc0": 1.6299,
      "pitch_trajectory_zc1": -9.67533,
      "pitch_trajectory_zc2": 7.78357,
      "hit_spin_axis": null,
      "hit_trajectory_xc0": null,
      "hit_trajectory_xc1": null,
      "hit_trajectory_xc2": null,
      "hit_trajectory_xc3": null,
      "hit_trajectory_xc4": null,
      "hit_trajectory_xc5": null,
      "hit_trajectory_xc6": null,
      "hit_trajectory_xc7": null,
      "hit_trajectory_xc8": null,
      "hit_trajectory_yc0": null,
      "hit_trajectory_yc1": null,
      "hit_trajectory_yc2": null,
      "hit_trajectory_yc3": null,
      "hit_trajectory_yc4": null,
      "hit_trajectory_yc5": null,
      "hit_trajectory_yc6": null,
      "hit_trajectory_yc7": null,
      "hit_trajectory_yc8": null,
      "hit_trajectory_zc0": null,
      "hit_trajectory_zc1": null,
      "hit_trajectory_zc3": null,
      "hit_trajectory_zc4": null,
      "hit_trajectory_zc5": null,
      "hit_trajectory_zc6": null,
      "pitcher_throws": "Left",
      "pitcher_team_code": "LI",
      "batter_side": "Right",
      "batter_team_code": "STA_YAN",
      "pitcher_set": null,
      "catcher_throws": "Right",
      "top_or_bottom": "Bottom",
      "tagged_pitch_type": "Undefined",
      "auto_pitch_type": "Four-Seam",
      "pitch_call": "BallCalled",
      "k_or_bb": "Undefined",
      "tagged_hit_type": "Undefined",
      "play_result": "Undefined",
      "notes": "NaN",
      "auto_hit_type": null,
      "tilt": "10:30",
      "catcher_throw_catch_confidence": null,
      "catcher_throw_release_confidence": null,
      "catcher_throw_location_confidence": null,
      "pitch_release_confidence": "High",
      "pitch_location_confidence": "High",
      "pitch_movement_confidence": "High",
      "hit_launch_confidence": null,
      "hit_landing_confidence": null,
      "detected_shift": null,
      "first_b_position_at_release_x": null,
      "first_b_position_at_release_z": null,
      "second_b_position_at_release_x": null,
      "second_b_position_at_release_z": null,
      "third_b_position_at_release_x": null,
      "third_b_position_at_release_z": null,
      "ss_position_at_release_x": null,
      "ss_position_at_release_z": null,
      "lf_position_at_release_x": null,
      "lf_position_at_release_z": null,
      "cf_position_at_release_x": null,
      "cf_position_at_release_z": null,
      "rf_position_at_release_x": null,
      "rf_position_at_release_z": null,
      "first_b_player_id": null,
      "second_b_player_id": null,
      "third_b_player_id": null,
      "ss_player_id": null,
      "lf_player_id": null,
      "cf_player_id": null,
      "rf_player_id": null
    },
    {
      "hit_trajectory_zc2": null,
      "pitcher_id": "a52ddf12-b257-422c-8a11-03687c660f9f",
      "batter_id": "85eb0b07-97ba-4d0f-b1df-1aa53769c51a",
      "game_id": "323308a1-bd2c-49fd-b887-303e76b2f292",
      "date": "2024-07-23",
      "time": "19:18:26.80",
      "pa_of_inning": 1,
      "pitch_of_pa": 4,
      "hit_trajectory_zc7": null,
      "hit_trajectory_zc8": null,
      "throw_speed": null,
      "pop_time": null,
      "exchange_time": null,
      "time_to_base": null,
      "catch_position_x": null,
      "catch_position_y": null,
      "catch_position_z": null,
      "throw_position_x": null,
      "throw_position_y": null,
      "throw_position_z": null,
      "base_position_x": null,
      "base_position_y": null,
      "base_position_z": null,
      "throw_trajectory_xc0": null,
      "throw_trajectory_xc1": null,
      "throw_trajectory_xc2": null,
      "throw_trajectory_yc0": null,
      "throw_trajectory_yc1": null,
      "throw_trajectory_yc2": null,
      "throw_trajectory_zc0": null,
      "throw_trajectory_zc1": null,
      "throw_trajectory_zc2": null,
      "inning": 3,
      "outs": 0,
      "balls": 1,
      "strikes": 2,
      "outs_on_play": 0,
      "runs_scored": 0,
      "y0": 50.0,
      "local_date_time": "2024-07-23T19:18:26.8081244-04:00",
      "catcher_id": "65fa5fdb-90bf-445f-b30a-79c876774d4b",
      "pitch_number": 85,
      "rel_speed": 84.25216,
      "vert_rel_angle": 2.332457,
      "horz_rel_angle": 1.890648,
      "spin_rate": 2129.5767,
      "spin_axis": 90.98954,
      "rel_height": 5.01171,
      "rel_side": -2.3292,
      "extension": 5.96641,
      "vert_break": -37.80384,
      "induced_vert_break": 1.57402,
      "horz_break": -18.4156,
      "plate_loc_height": 4.02636,
      "plate_loc_side": -2.11024,
      "zone_speed": 76.73454,
      "vert_appr_angle": -4.676074,
      "horz_appr_angle": -1.416988,
      "zone_time": 0.451645,
      "exit_speed": null,
      "angle": null,
      "direction": null,
      "hit_spin_rate": null,
      "position_at_110_x": null,
      "position_at_110_y": null,
      "position_at_110_z": null,
      "distance": null,
      "last_tracked_distance": null,
      "bearing": null,
      "hang_time": null,
      "pfxx": 9.93272,
      "pfxz": 0.54854,
      "x0": 2.18928,
      "z0": 5.1759,
      "vx0": -3.293,
      "vy0": -122.2845,
      "vz0": 3.72353,
      "ax0": 14.99422,
      "ay0": 24.80034,
      "az0": -31.34601,
      "effective_velo": 83.45584,
      "max_height": null,
      "measured_duration": null,
      "speed_drop": 7.51761,
      "pitch_last_measured_x": null,
      "pitch_last_measured_y": null,
      "pitch_last_measured_z": null,
      "contact_position_x": null,
      "contact_position_y": null,
      "contact_position_z": null,
      "pitch_trajectory_xc0": 54.53257,
      "pitch_trajectory_xc1": -123.20031,
      "pitch_trajectory_xc2": 12.40017,
      "pitch_trajectory_yc0": 5.01703,
      "pitch_trajectory_yc1": 4.88106,
      "pitch_trajectory_yc2": -15.67301,
      "pitch_trajectory_zc0": 2.3211,
      "pitch_trajectory_zc1": -3.8467,
      "pitch_trajectory_zc2": 7.49711,
      "hit_spin_axis": null,
      "hit_trajectory_xc0": null,
      "hit_trajectory_xc1": null,
      "hit_trajectory_xc2": null,
      "hit_trajectory_xc3": null,
      "hit_trajectory_xc4": null,
      "hit_trajectory_xc5": null,
      "hit_trajectory_xc6": null,
      "hit_trajectory_xc7": null,
      "hit_trajectory_xc8": null,
      "hit_trajectory_yc0": null,
      "hit_trajectory_yc1": null,
      "hit_trajectory_yc2": null,
      "hit_trajectory_yc3": null,
      "hit_trajectory_yc4": null,
      "hit_trajectory_yc5": null,
      "hit_trajectory_yc6": null,
      "hit_trajectory_yc7": null,
      "hit_trajectory_yc8": null,
      "hit_trajectory_zc0": null,
      "hit_trajectory_zc1": null,
      "hit_trajectory_zc3": null,
      "hit_trajectory_zc4": null,
      "hit_trajectory_zc5": null,
      "hit_trajectory_zc6": null,
      "pitcher_throws": "Left",
      "pitcher_team_code": "LI",
      "batter_side": "Right",
      "batter_team_code": "STA_YAN",
      "pitcher_set": null,
      "catcher_throws": "Right",
      "top_or_bottom": "Bottom",
      "tagged_pitch_type": "Undefined",
      "auto_pitch_type": "Changeup",
      "pitch_call": "BallCalled",
      "k_or_bb": "Undefined",
      "tagged_hit_type": "Undefined",
      "play_result": "Undefined",
      "notes": "NaN",
      "auto_hit_type": null,
      "tilt": "9:00",
      "catcher_throw_catch_confidence": null,
      "catcher_throw_release_confidence": null,
      "catcher_throw_location_confidence": null,
      "pitch_release_confidence": "High",
      "pitch_location_confidence": "High",
      "pitch_movement_confidence": "High",
      "hit_launch_confidence": null,
      "hit_landing_confidence": null,
      "detected_shift": null,
      "first_b_position_at_release_x": null,
      "first_b_position_at_release_z": null,
      "second_b_position_at_release_x": null,
      "second_b_position_at_release_z": null,
      "third_b_position_at_release_x": null,
      "third_b_position_at_release_z": null,
      "ss_position_at_release_x": null,
      "ss_position_at_release_z": null,
      "lf_position_at_release_x": null,
      "lf_position_at_release_z": null,
      "cf_position_at_release_x": null,
      "cf_position_at_release_z": null,
      "rf_position_at_release_x": null,
      "rf_position_at_release_z": null,
      "first_b_player_id": null,
      "second_b_player_id": null,
      "third_b_player_id": null,
      "ss_player_id": null,
      "lf_player_id": null,
      "cf_player_id": null,
      "rf_player_id": null
    },
    {
      "hit_trajectory_zc2": null,
      "pitcher_id": "a52ddf12-b257-422c-8a11-03687c660f9f",
      "batter_id": "85eb0b07-97ba-4d0f-b1df-1aa53769c51a",
      "game_id": "323308a1-bd2c-49fd-b887-303e76b2f292",
      "date": "2024-07-23",
      "time": "19:18:10.45",
      "pa_of_inning": 1,
      "pitch_of_pa": 3,
      "hit_trajectory_zc7": null,
      "hit_trajectory_zc8": null,
      "throw_speed": null,
      "pop_time": null,
      "exchange_time": null,
      "time_to_base": null,
      "catch_position_x": null,
      "catch_position_y": null,
      "catch_position_z": null,
      "throw_position_x": null,
      "throw_position_y": null,
      "throw_position_z": null,
      "base_position_x": null,
      "base_position_y": null,
      "base_position_z": null,
      "throw_trajectory_xc0": null,
      "throw_trajectory_xc1": null,
      "throw_trajectory_xc2": null,
      "throw_trajectory_yc0": null,
      "throw_trajectory_yc1": null,
      "throw_trajectory_yc2": null,
      "throw_trajectory_zc0": null,
      "throw_trajectory_zc1": null,
      "throw_trajectory_zc2": null,
      "inning": 3,
      "outs": 0,
      "balls": 1,
      "strikes": 1,
      "outs_on_play": 0,
      "runs_scored": 0,
      "y0": 50.0,
      "local_date_time": "2024-07-23T19:18:10.4573532-04:00",
      "catcher_id": "65fa5fdb-90bf-445f-b30a-79c876774d4b",
      "pitch_number": 84,
      "rel_speed": 83.38655,
      "vert_rel_angle": -0.338968,
      "horz_rel_angle": 2.436138,
      "spin_rate": 2242.555,
      "spin_axis": 112.78278,
      "rel_height": 5.20776,
      "rel_side": -2.09715,
      "extension": 6.45076,
      "vert_break": -31.62994,
      "induced_vert_break": 7.8339,
      "horz_break": -15.59383,
      "plate_loc_height": 2.26023,
      "plate_loc_side": -1.15716,
      "zone_speed": 76.14007,
      "vert_appr_angle": -6.278383,
      "horz_appr_angle": -0.392257,
      "zone_time": 0.452138,
      "exit_speed": null,
      "angle": null,
      "direction": null,
      "hit_spin_rate": null,
      "position_at_110_x": null,
      "position_at_110_y": null,
      "position_at_110_z": null,
      "distance": null,
      "last_tracked_distance": null,
      "bearing": null,
      "hang_time": null,
      "pfxx": 8.81729,
      "pfxz": 4.59906,
      "x0": 1.93085,
      "z0": 5.16979,
      "vx0": -4.57312,
      "vy0": -121.13639,
      "vz0": -1.63626,
      "ax0": 13.04664,
      "ay0": 24.5896,
      "az0": -25.36895,
      "effective_velo": 83.36488,
      "max_height": null,
      "measured_duration": null,
      "speed_drop": 7.24648,
      "pitch_last_measured_x": null,
      "pitch_last_measured_y": null,
      "pitch_last_measured_z": null,
      "contact_position_x": null,
      "contact_position_y": null,
      "contact_position_z": null,
      "pitch_trajectory_xc0": 54.04709,
      "pitch_trajectory_xc1": -121.95515,
      "pitch_trajectory_xc2": 12.2948,
      "pitch_trajectory_yc0": 5.21021,
      "pitch_trajectory_yc1": -0.79155,
      "pitch_trajectory_yc2": -12.68448,
      "pitch_trajectory_zc0": 2.09036,
      "pitch_trajectory_zc1": -5.00753,
      "pitch_trajectory_zc2": 6.52332,
      "hit_spin_axis": null,
      "hit_trajectory_xc0": null,
      "hit_trajectory_xc1": null,
      "hit_trajectory_xc2": null,
      "hit_trajectory_xc3": null,
      "hit_trajectory_xc4": null,
      "hit_trajectory_xc5": null,
      "hit_trajectory_xc6": null,
      "hit_trajectory_xc7": null,
      "hit_trajectory_xc8": null,
      "hit_trajectory_yc0": null,
      "hit_trajectory_yc1": null,
      "hit_trajectory_yc2": null,
      "hit_trajectory_yc3": null,
      "hit_trajectory_yc4": null,
      "hit_trajectory_yc5": null,
      "hit_trajectory_yc6": null,
      "hit_trajectory_yc7": null,
      "hit_trajectory_yc8": null,
      "hit_trajectory_zc0": null,
      "hit_trajectory_zc1": null,
      "hit_trajectory_zc3": null,
      "hit_trajectory_zc4": null,
      "hit_trajectory_zc5": null,
      "hit_trajectory_zc6": null,
      "pitcher_throws": "Left",
      "pitcher_team_code": "LI",
      "batter_side": "Right",
      "batter_team_code": "STA_YAN",
      "pitcher_set": null,
      "catcher_throws": "Right",
      "top_or_bottom": "Bottom",
      "tagged_pitch_type": "Undefined",
      "auto_pitch_type": "Changeup",
      "pitch_call": "StrikeCalled",
      "k_or_bb": "Undefined",
      "tagged_hit_type": "Undefined",
      "play_result": "Undefined",
      "notes": "NaN",
      "auto_hit_type": null,
      "tilt": "9:45",
      "catcher_throw_catch_confidence": null,
      "catcher_throw_release_confidence": null,
      "catcher_throw_location_confidence": null,
      "pitch_release_confidence": "High",
      "pitch_location_confidence": "High",
      "pitch_movement_confidence": "High",
      "hit_launch_confidence": null,
      "hit_landing_confidence": null,
      "detected_shift": null,
      "first_b_position_at_release_x": null,
      "first_b_position_at_release_z": null,
      "second_b_position_at_release_x": null,
      "second_b_position_at_release_z": null,
      "third_b_position_at_release_x": null,
      "third_b_position_at_release_z": null,
      "ss_position_at_release_x": null,
      "ss_position_at_release_z": null,
      "lf_position_at_release_x": null,
      "lf_position_at_release_z": null,
      "cf_position_at_release_x": null,
      "cf_position_at_release_z": null,
      "rf_position_at_release_x": null,
      "rf_position_at_release_z": null,
      "first_b_player_id": null,
      "second_b_player_id": null,
      "third_b_player_id": null,
      "ss_player_id": null,
      "lf_player_id": null,
      "cf_player_id": null,
      "rf_player_id": null
    },
    {
      "hit_trajectory_zc2": null,
      "pitcher_id": "a52ddf12-b257-422c-8a11-03687c660f9f",
      "batter_id": "85eb0b07-97ba-4d0f-b1df-1aa53769c51a",
      "game_id": "323308a1-bd2c-49fd-b887-303e76b2f292",
      "date": "2024-07-23",
      "time": "19:17:56.18",
      "pa_of_inning": 1,
      "pitch_of_pa": 2,
      "hit_trajectory_zc7": null,
      "hit_trajectory_zc8": null,
      "throw_speed": null,
      "pop_time": null,
      "exchange_time": null,
      "time_to_base": null,
      "catch_position_x": null,
      "catch_position_y": null,
      "catch_position_z": null,
      "throw_position_x": null,
      "throw_position_y": null,
      "throw_position_z": null,
      "base_position_x": null,
      "base_position_y": null,
      "base_position_z": null,
      "throw_trajectory_xc0": null,
      "throw_trajectory_xc1": null,
      "throw_trajectory_xc2": null,
      "throw_trajectory_yc0": null,
      "throw_trajectory_yc1": null,
      "throw_trajectory_yc2": null,
      "throw_trajectory_zc0": null,
      "throw_trajectory_zc1": null,
      "throw_trajectory_zc2": null,
      "inning": 3,
      "outs": 0,
      "balls": 1,
      "strikes": 0,
      "outs_on_play": 0,
      "runs_scored": 0,
      "y0": 50.0,
      "local_date_time": "2024-07-23T19:17:56.1828444-04:00",
      "catcher_id": "65fa5fdb-90bf-445f-b30a-79c876774d4b",
      "pitch_number": 83,
      "rel_speed": 88.90965,
      "vert_rel_angle": -1.219655,
      "horz_rel_angle": 3.84443,
      "spin_rate": 2265.3684,
      "spin_axis": 134.79318,
      "rel_height": 5.61254,
      "rel_side": -1.67284,
      "extension": 6.14094,
      "vert_break": -18.67607,
      "induced_vert_break": 16.52056,
      "horz_break": -15.47245,
      "plate_loc_height": 2.92637,
      "plate_loc_side": 0.59587,
      "zone_speed": 80.96181,
      "vert_appr_angle": -4.776976,
      "horz_appr_angle": 1.062192,
      "zone_time": 0.426994,
      "exit_speed": null,
      "angle": null,
      "direction": null,
      "hit_spin_rate": null,
      "position_at_110_x": null,
      "position_at_110_y": null,
      "position_at_110_z": null,
      "distance": null,
      "last_tracked_distance": null,
      "bearing": null,
      "hang_time": null,
      "pfxx": 9.0604,
      "pfxz": 9.2206,
      "x0": 1.38717,
      "z0": 5.50964,
      "vx0": -8.0238,
      "vy0": -128.90208,
      "vz0": -3.28177,
      "ax0": 15.20677,
      "ay0": 27.40989,
      "az0": -16.69845,
      "effective_velo": 88.27386,
      "max_height": null,
      "measured_duration": null,
      "speed_drop": 7.94783,
      "pitch_last_measured_x": null,
      "pitch_last_measured_y": null,
      "pitch_last_measured_z": null,
      "contact_position_x": null,
      "contact_position_y": null,
      "contact_position_z": null,
      "pitch_trajectory_xc0": 54.35677,
      "pitch_trajectory_xc1": -129.82521,
      "pitch_trajectory_xc2": 13.70494,
      "pitch_trajectory_yc0": 5.61069,
      "pitch_trajectory_yc1": -2.71939,
      "pitch_trajectory_yc2": -8.34923,
      "pitch_trajectory_zc0": 1.66602,
      "pitch_trajectory_zc1": -8.53594,
      "pitch_trajectory_zc2": 7.60339,
      "hit_spin_axis": null,
      "hit_trajectory_xc0": null,
      "hit_trajectory_xc1": null,
      "hit_trajectory_xc2": null,
      "hit_trajectory_xc3": null,
      "hit_trajectory_xc4": null,
      "hit_trajectory_xc5": null,
      "hit_trajectory_xc6": null,
      "hit_trajectory_xc7": null,
      "hit_trajectory_xc8": null,
      "hit_trajectory_yc0": null,
      "hit_trajectory_yc1": null,
      "hit_trajectory_yc2": null,
      "hit_trajectory_yc3": null,
      "hit_trajectory_yc4": null,
      "hit_trajectory_yc5": null,
      "hit_trajectory_yc6": null,
      "hit_trajectory_yc7": null,
      "hit_trajectory_yc8": null,
      "hit_trajectory_zc0": null,
      "hit_trajectory_zc1": null,
      "hit_trajectory_zc3": null,
      "hit_trajectory_zc4": null,
      "hit_trajectory_zc5": null,
      "hit_trajectory_zc6": null,
      "pitcher_throws": "Left",
      "pitcher_team_code": "LI",
      "batter_side": "Right",
      "batter_team_code": "STA_YAN",
      "pitcher_set": null,
      "catcher_throws": "Right",
      "top_or_bottom": "Bottom",
      "tagged_pitch_type": "Undefined",
      "auto_pitch_type": "Sinker",
      "pitch_call": "StrikeSwinging",
      "k_or_bb": "Undefined",
      "tagged_hit_type": "Undefined",
      "play_result": "Undefined",
      "notes": "NaN",
      "auto_hit_type": null,
      "tilt": "10:30",
      "catcher_throw_catch_confidence": null,
      "catcher_throw_release_confidence": null,
      "catcher_throw_location_confidence": null,
      "pitch_release_confidence": "High",
      "pitch_location_confidence": "High",
      "pitch_movement_confidence": "High",
      "hit_launch_confidence": null,
      "hit_landing_confidence": null,
      "detected_shift": null,
      "first_b_position_at_release_x": null,
      "first_b_position_at_release_z": null,
      "second_b_position_at_release_x": null,
      "second_b_position_at_release_z": null,
      "third_b_position_at_release_x": null,
      "third_b_position_at_release_z": null,
      "ss_position_at_release_x": null,
      "ss_position_at_release_z": null,
      "lf_position_at_release_x": null,
      "lf_position_at_release_z": null,
      "cf_position_at_release_x": null,
      "cf_position_at_release_z": null,
      "rf_position_at_release_x": null,
      "rf_position_at_release_z": null,
      "first_b_player_id": null,
      "second_b_player_id": null,
      "third_b_player_id": null,
      "ss_player_id": null,
      "lf_player_id": null,
      "cf_player_id": null,
      "rf_player_id": null
    },
    {
      "hit_trajectory_zc2": null,
      "pitcher_id": "a52ddf12-b257-422c-8a11-03687c660f9f",
      "batter_id": "85eb0b07-97ba-4d0f-b1df-1aa53769c51a",
      "game_id": "323308a1-bd2c-49fd-b887-303e76b2f292",
      "date": "2024-07-23",
      "time": "19:17:42.08",
      "pa_of_inning": 1,
      "pitch_of_pa": 1,
      "hit_trajectory_zc7": null,
      "hit_trajectory_zc8": null,
      "throw_speed": null,
      "pop_time": null,
      "exchange_time": null,
      "time_to_base": null,
      "catch_position_x": null,
      "catch_position_y": null,
      "catch_position_z": null,
      "throw_position_x": null,
      "throw_position_y": null,
      "throw_position_z": null,
      "base_position_x": null,
      "base_position_y": null,
      "base_position_z": null,
      "throw_trajectory_xc0": null,
      "throw_trajectory_xc1": null,
      "throw_trajectory_xc2": null,
      "throw_trajectory_yc0": null,
      "throw_trajectory_yc1": null,
      "throw_trajectory_yc2": null,
      "throw_trajectory_zc0": null,
      "throw_trajectory_zc1": null,
      "throw_trajectory_zc2": null,
      "inning": 3,
      "outs": 0,
      "balls": 0,
      "strikes": 0,
      "outs_on_play": 0,
      "runs_scored": 0,
      "y0": 50.0,
      "local_date_time": "2024-07-23T19:17:42.0855388-04:00",
      "catcher_id": "65fa5fdb-90bf-445f-b30a-79c876774d4b",
      "pitch_number": 82,
      "rel_speed": 86.74977,
      "vert_rel_angle": -0.280922,
      "horz_rel_angle": 4.119734,
      "spin_rate": 2199.7195,
      "spin_axis": 176.20886,
      "rel_height": 5.33119,
      "rel_side": -2.04699,
      "extension": 6.17843,
      "vert_break": -27.48852,
      "induced_vert_break": 9.40591,
      "horz_break": -0.5461,
      "plate_loc_height": 2.78038,
      "plate_loc_side": 1.71853,
      "zone_speed": 79.3344,
      "vert_appr_angle": -5.417754,
      "horz_appr_angle": 4.021631,
      "zone_time": 0.437171,
      "exit_speed": null,
      "angle": null,
      "direction": null,
      "hit_spin_rate": null,
      "position_at_110_x": null,
      "position_at_110_y": null,
      "position_at_110_z": null,
      "distance": null,
      "last_tracked_distance": null,
      "bearing": null,
      "hang_time": null,
      "pfxx": 1.46673,
      "pfxz": 5.27622,
      "x0": 1.73557,
      "z0": 5.29581,
      "vx0": -9.04089,
      "vy0": -125.80589,
      "vz0": -1.46546,
      "ax0": 2.34429,
      "ay0": 26.16745,
      "az0": -23.74097,
      "effective_velo": 86.21891,
      "max_height": null,
      "measured_duration": null,
      "speed_drop": 7.41537,
      "pitch_last_measured_x": null,
      "pitch_last_measured_y": null,
      "pitch_last_measured_z": null,
      "contact_position_x": null,
      "contact_position_y": null,
      "contact_position_z": null,
      "pitch_trajectory_xc0": 54.32174,
      "pitch_trajectory_xc1": -126.70161,
      "pitch_trajectory_xc2": 13.08373,
      "pitch_trajectory_yc0": 5.33206,
      "pitch_trajectory_yc1": -0.65279,
      "pitch_trajectory_yc2": -11.87048,
      "pitch_trajectory_zc0": 2.04642,
      "pitch_trajectory_zc1": -9.12114,
      "pitch_trajectory_zc2": 1.17215,
      "hit_spin_axis": null,
      "hit_trajectory_xc0": null,
      "hit_trajectory_xc1": null,
      "hit_trajectory_xc2": null,
      "hit_trajectory_xc3": null,
      "hit_trajectory_xc4": null,
      "hit_trajectory_xc5": null,
      "hit_trajectory_xc6": null,
      "hit_trajectory_xc7": null,
      "hit_trajectory_xc8": null,
      "hit_trajectory_yc0": null,
      "hit_trajectory_yc1": null,
      "hit_trajectory_yc2": null,
      "hit_trajectory_yc3": null,
      "hit_trajectory_yc4": null,
      "hit_trajectory_yc5": null,
      "hit_trajectory_yc6": null,
      "hit_trajectory_yc7": null,
      "hit_trajectory_yc8": null,
      "hit_trajectory_zc0": null,
      "hit_trajectory_zc1": null,
      "hit_trajectory_zc3": null,
      "hit_trajectory_zc4": null,
      "hit_trajectory_zc5": null,
      "hit_trajectory_zc6": null,
      "pitcher_throws": "Left",
      "pitcher_team_code": "LI",
      "batter_side": "Right",
      "batter_team_code": "STA_YAN",
      "pitcher_set": null,
      "catcher_throws": "Right",
      "top_or_bottom": "Bottom",
      "tagged_pitch_type": "Undefined",
      "auto_pitch_type": "Cutter",
      "pitch_call": "BallCalled",
      "k_or_bb": "Undefined",
      "tagged_hit_type": "Undefined",
      "play_result": "Undefined",
      "notes": "NaN",
      "auto_hit_type": null,
      "tilt": "11:45",
      "catcher_throw_catch_confidence": null,
      "catcher_throw_release_confidence": null,
      "catcher_throw_location_confidence": null,
      "pitch_release_confidence": "High",
      "pitch_location_confidence": "High",
      "pitch_movement_confidence": "High",
      "hit_launch_confidence": null,
      "hit_landing_confidence": null,
      "detected_shift": null,
      "first_b_position_at_release_x": null,
      "first_b_position_at_release_z": null,
      "second_b_position_at_release_x": null,
      "second_b_position_at_release_z": null,
      "third_b_position_at_release_x": null,
      "third_b_position_at_release_z": null,
      "ss_position_at_release_x": null,
      "ss_position_at_release_z": null,
      "lf_position_at_release_x": null,
      "lf_position_at_release_z": null,
      "cf_position_at_release_x": null,
      "cf_position_at_release_z": null,
      "rf_position_at_release_x": null,
      "rf_position_at_release_z": null,
      "first_b_player_id": null,
      "second_b_player_id": null,
      "third_b_player_id": null,
      "ss_player_id": null,
      "lf_player_id": null,
      "cf_player_id": null,
      "rf_player_id": null
    }
  ],
  "meta": {
    "page": 1,
    "limit": 1000,
    "total": 15
  }
}