{
  "success": true,
  "message": "Pitches retrieved successfully",
  "data": [
    {
      "hit_trajectory_zc2": null,
      "pitcher_id": "1d72540c-d967-4528-a290-29a4c444bd4f",
      "batter_id": "9f4a121e-2007-44fb-b64e-51a83904efbb",
      "game_id": "e001364c-c94a-44b3-9a63-14544bbefed7",
      "date": "2024-05-07",
      "time": "21:03:18.01",
      "pa_of_inning": 10,
      "pitch_of_pa": 6,
      "hit_trajectory_zc7": null,
      "hit_trajectory_zc8": null,
      "throw_speed": null,
      "pop_time": null,
      "exchange_time": null,
      "time_to_base": null,
      "catch_position_x": null,
      "catch_position_y": null,
      "catch_position_z": null,
      "throw_position_x": null,
      "throw_position_y": null,
      "throw_position_z": null,
      "base_position_x": null,
      "base_position_y": null,
      "base_position_z": null,
      "throw_trajectory_xc0": null,
      "throw_trajectory_xc1": null,
      "throw_trajectory_xc2": null,
      "throw_trajectory_yc0": null,
      "throw_trajectory_yc1": null,
      "throw_trajectory_yc2": null,
      "throw_trajectory_zc0": null,
      "throw_trajectory_zc1": null,
      "throw_trajectory_zc2": null,
      "inning": 7,
      "outs": 2,
      "balls": 3,
      "strikes": 2,
      "outs_on_play": 0,
      "runs_scored": 0,
      "y0": 50.0,
      "local_date_time": "2024-05-07T21:03:18.0101326-04:00",
      "catcher_id": "f5bc2bff-8c30-47cd-9cf8-fbe6fadba999",
      "pitch_number": 237,
      "rel_speed": 94.95027,
      "vert_rel_angle": -2.514549,
      "horz_rel_angle": -3.338833,
      "spin_rate": 2518.6736,
      "spin_axis": 271.55048,
      "rel_height": 5.78474,
      "rel_side": 1.58272,
      "extension": 5.42728,
      "vert_break": -31.05321,
      "induced_vert_break": 0.60016,
      "horz_break": 14.80454,
      "plate_loc_height": 0.83637,
      "plate_loc_side": -0.31421,
      "zone_speed": 87.12396,
      "vert_appr_angle": -8.165542,
      "horz_appr_angle": -0.704174,
      "zone_time": 0.404931,
      "exit_speed": null,
      "angle": null,
      "direction": null,
      "hit_spin_rate": null,
      "position_at_110_x": null,
      "position_at_110_y": null,
      "position_at_110_z": null,
      "distance": null,
      "last_tracked_distance": null,
      "bearing": null,
      "hang_time": null,
      "pfxx": -8.38993,
      "pfxz": 1.3037,
      "x0": -1.29703,
      "z0": 5.53972,
      "vx0": 7.32537,
      "vy0": -137.5597,
      "vz0": -7.31635,
      "ax0": -16.07384,
      "ay0": 30.55258,
      "az0": -29.67637,
      "effective_velo": 93.08358,
      "max_height": null,
      "measured_duration": null,
      "speed_drop": 7.82631,
      "pitch_last_measured_x": null,
      "pitch_last_measured_y": null,
      "pitch_last_measured_z": null,
      "contact_position_x": null,
      "contact_position_y": null,
      "contact_position_z": null,
      "pitch_trajectory_xc0": 55.07242,
      "pitch_trajectory_xc1": -138.68173,
      "pitch_trajectory_xc2": 15.27629,
      "pitch_trajectory_yc0": 5.7884,
      "pitch_trajectory_yc1": -6.2265,
      "pitch_trajectory_yc2": -14.83819,
      "pitch_trajectory_zc0": -1.57689,
      "pitch_trajectory_zc1": 7.91567,
      "pitch_trajectory_zc2": -8.03692,
      "hit_spin_axis": null,
      "hit_trajectory_xc0": null,
      "hit_trajectory_xc1": null,
      "hit_trajectory_xc2": null,
      "hit_trajectory_xc3": null,
      "hit_trajectory_xc4": null,
      "hit_trajectory_xc5": null,
      "hit_trajectory_xc6": null,
      "hit_trajectory_xc7": null,
      "hit_trajectory_xc8": null,
      "hit_trajectory_yc0": null,
      "hit_trajectory_yc1": null,
      "hit_trajectory_yc2": null,
      "hit_trajectory_yc3": null,
      "hit_trajectory_yc4": null,
      "hit_trajectory_yc5": null,
      "hit_trajectory_yc6": null,
      "hit_trajectory_yc7": null,
      "hit_trajectory_yc8": null,
      "hit_trajectory_zc0": null,
      "hit_trajectory_zc1": null,
      "hit_trajectory_zc3": null,
      "hit_trajectory_zc4": null,
      "hit_trajectory_zc5": null,
      "hit_trajectory_zc6": null,
      "pitcher_throws": "Right",
      "pitcher_team_code": "LAN",
      "batter_side": "Right",
      "batter_team_code": "YOR_REV2",
      "pitcher_set": null,
      "catcher_throws": "Right",
      "top_or_bottom": "Top",
      "tagged_pitch_type": "Undefined",
      "auto_pitch_type": "Sinker",
      "pitch_call": "BallCalled",
      "k_or_bb": "Walk",
      "tagged_hit_type": "Undefined",
      "play_result": "Undefined",
      "notes": "NaN",
      "auto_hit_type": null,
      "tilt": "3:00",
      "catcher_throw_catch_confidence": null,
      "catcher_throw_release_confidence": null,
      "catcher_throw_location_confidence": null,
      "pitch_release_confidence": "High",
      "pitch_location_confidence": "High",
      "pitch_movement_confidence": "High",
      "hit_launch_confidence": null,
      "hit_landing_confidence": null,
      "detected_shift": null,
      "first_b_position_at_release_x": null,
      "first_b_position_at_release_z": null,
      "second_b_position_at_release_x": null,
      "second_b_position_at_release_z": null,
      "third_b_position_at_release_x": null,
      "third_b_position_at_release_z": null,
      "ss_position_at_release_x": null,
      "ss_position_at_release_z": null,
      "lf_position_at_release_x": null,
      "lf_position_at_release_z": null,
      "cf_position_at_release_x": null,
      "cf_position_at_release_z": null,
      "rf_position_at_release_x": null,
      "rf_position_at_release_z": null,
      "first_b_player_id": null,
      "second_b_player_id": null,
      "third_b_player_id": null,
      "ss_player_id": null,
      "lf_player_id": null,
      "cf_player_id": null,
      "rf_player_id": null
    },
    {
      "hit_trajectory_zc2": null,
      "pitcher_id": "1d72540c-d967-4528-a290-29a4c444bd4f",
      "batter_id": "9f4a121e-2007-44fb-b64e-51a83904efbb",
      "game_id": "e001364c-c94a-44b3-9a63-14544bbefed7",
      "date": "2024-05-07",
      "time": "21:02:58.69",
      "pa_of_inning": 10,
      "pitch_of_pa": 5,
      "hit_trajectory_zc7": null,
      "hit_trajectory_zc8": null,
      "throw_speed": null,
      "pop_time": null,
      "exchange_time": null,
      "time_to_base": null,
      "catch_position_x": null,
      "catch_position_y": null,
      "catch_position_z": null,
      "throw_position_x": null,
      "throw_position_y": null,
      "throw_position_z": null,
      "base_position_x": null,
      "base_position_y": null,
      "base_position_z": null,
      "throw_trajectory_xc0": null,
      "throw_trajectory_xc1": null,
      "throw_trajectory_xc2": null,
      "throw_trajectory_yc0": null,
      "throw_trajectory_yc1": null,
      "throw_trajectory_yc2": null,
      "throw_trajectory_zc0": null,
      "throw_trajectory_zc1": null,
      "throw_trajectory_zc2": null,
      "inning": 7,
      "outs": 2,
      "balls": 3,
      "strikes": 1,
      "outs_on_play": 0,
      "runs_scored": 0,
      "y0": 50.0,
      "local_date_time": "2024-05-07T21:02:58.6997966-04:00",
      "catcher_id": "f5bc2bff-8c30-47cd-9cf8-fbe6fadba999",
      "pitch_number": 236,
      "rel_speed": 95.40332,
      "vert_rel_angle": -1.243643,
      "horz_rel_angle": -3.12934,
      "spin_rate": 2553.6584,
      "spin_axis": 263.33676,
      "rel_height": 5.79458,
      "rel_side": 1.44202,
      "extension": 5.35675,
      "vert_break": -28.6332,
      "induced_vert_break": 2.79788,
      "horz_break": 15.28166,
      "plate_loc_height": 2.24025,
      "plate_loc_side": -0.22217,
      "zone_speed": 87.15052,
      "vert_appr_angle": -6.482499,
      "horz_appr_angle": -0.415172,
      "zone_time": 0.403507,
      "exit_speed": null,
      "angle": null,
      "direction": null,
      "hit_spin_rate": null,
      "position_at_110_x": null,
      "position_at_110_y": null,
      "position_at_110_z": null,
      "distance": null,
      "last_tracked_distance": null,
      "bearing": null,
      "hang_time": null,
      "pfxx": -8.52638,
      "pfxz": 2.07284,
      "x0": -1.17166,
      "z0": 5.66232,
      "vx0": 6.81708,
      "vy0": -138.287,
      "vz0": -4.18005,
      "ax0": -16.48669,
      "ay0": 31.25752,
      "az0": -28.16599,
      "effective_velo": 93.41212,
      "max_height": null,
      "measured_duration": null,
      "speed_drop": 8.25281,
      "pitch_last_measured_x": null,
      "pitch_last_measured_y": null,
      "pitch_last_measured_z": null,
      "contact_position_x": null,
      "contact_position_y": null,
      "contact_position_z": null,
      "pitch_trajectory_xc0": 55.14185,
      "pitch_trajectory_xc1": -139.44438,
      "pitch_trajectory_xc2": 15.62876,
      "pitch_trajectory_yc0": 5.79779,
      "pitch_trajectory_yc1": -3.13714,
      "pitch_trajectory_yc2": -14.083,
      "pitch_trajectory_zc0": -1.43538,
      "pitch_trajectory_zc1": 7.42755,
      "pitch_trajectory_zc2": -8.24334,
      "hit_spin_axis": null,
      "hit_trajectory_xc0": null,
      "hit_trajectory_xc1": null,
      "hit_trajectory_xc2": null,
      "hit_trajectory_xc3": null,
      "hit_trajectory_xc4": null,
      "hit_trajectory_xc5": null,
      "hit_trajectory_xc6": null,
      "hit_trajectory_xc7": null,
      "hit_trajectory_xc8": null,
      "hit_trajectory_yc0": null,
      "hit_trajectory_yc1": null,
      "hit_trajectory_yc2": null,
      "hit_trajectory_yc3": null,
      "hit_trajectory_yc4": null,
      "hit_trajectory_yc5": null,
      "hit_trajectory_yc6": null,
      "hit_trajectory_yc7": null,
      "hit_trajectory_yc8": null,
      "hit_trajectory_zc0": null,
      "hit_trajectory_zc1": null,
      "hit_trajectory_zc3": null,
      "hit_trajectory_zc4": null,
      "hit_trajectory_zc5": null,
      "hit_trajectory_zc6": null,
      "pitcher_throws": "Right",
      "pitcher_team_code": "LAN",
      "batter_side": "Right",
      "batter_team_code": "YOR_REV2",
      "pitcher_set": null,
      "catcher_throws": "Right",
      "top_or_bottom": "Top",
      "tagged_pitch_type": "Undefined",
      "auto_pitch_type": "Sinker",
      "pitch_call": "StrikeSwinging",
      "k_or_bb": "Undefined",
      "tagged_hit_type": "Undefined",
      "play_result": "Undefined",
      "notes": "NaN",
      "auto_hit_type": null,
      "tilt": "2:45",
      "catcher_throw_catch_confidence": null,
      "catcher_throw_release_confidence": null,
      "catcher_throw_location_confidence": null,
      "pitch_release_confidence": "High",
      "pitch_location_confidence": "High",
      "pitch_movement_confidence": "High",
      "hit_launch_confidence": null,
      "hit_landing_confidence": null,
      "detected_shift": null,
      "first_b_position_at_release_x": null,
      "first_b_position_at_release_z": null,
      "second_b_position_at_release_x": null,
      "second_b_position_at_release_z": null,
      "third_b_position_at_release_x": null,
      "third_b_position_at_release_z": null,
      "ss_position_at_release_x": null,
      "ss_position_at_release_z": null,
      "lf_position_at_release_x": null,
      "lf_position_at_release_z": null,
      "cf_position_at_release_x": null,
      "cf_position_at_release_z": null,
      "rf_position_at_release_x": null,
      "rf_position_at_release_z": null,
      "first_b_player_id": null,
      "second_b_player_id": null,
      "third_b_player_id": null,
      "ss_player_id": null,
      "lf_player_id": null,
      "cf_player_id": null,
      "rf_player_id": null
    },
    {
      "hit_trajectory_zc2": null,
      "pitcher_id": "1d72540c-d967-4528-a290-29a4c444bd4f",
      "batter_id": "9f4a121e-2007-44fb-b64e-51a83904efbb",
      "game_id": "e001364c-c94a-44b3-9a63-14544bbefed7",
      "date": "2024-05-07",
      "time": "21:02:41.29",
      "pa_of_inning": 10,
      "pitch_of_pa": 4,
      "hit_trajectory_zc7": null,
      "hit_trajectory_zc8": null,
      "throw_speed": null,
      "pop_time": null,
      "exchange_time": null,
      "time_to_base": null,
      "catch_position_x": null,
      "catch_position_y": null,
      "catch_position_z": null,
      "throw_position_x": null,
      "throw_position_y": null,
      "throw_position_z": null,
      "base_position_x": null,
      "base_position_y": null,
      "base_position_z": null,
      "throw_trajectory_xc0": null,
      "throw_trajectory_xc1": null,
      "throw_trajectory_xc2": null,
      "throw_trajectory_yc0": null,
      "throw_trajectory_yc1": null,
      "throw_trajectory_yc2": null,
      "throw_trajectory_zc0": null,
      "throw_trajectory_zc1": null,
      "throw_trajectory_zc2": null,
      "inning": 7,
      "outs": 2,
      "balls": 3,
      "strikes": 0,
      "outs_on_play": 0,
      "runs_scored": 0,
      "y0": 50.0,
      "local_date_time": "2024-05-07T21:02:41.2964558-04:00",
      "catcher_id": "f5bc2bff-8c30-47cd-9cf8-fbe6fadba999",
      "pitch_number": 235,
      "rel_speed": 94.7875,
      "vert_rel_angle": -1.878526,
      "horz_rel_angle": -3.25118,
      "spin_rate": 2374.376,
      "spin_axis": 265.87503,
      "rel_height": 5.90086,
      "rel_side": 1.4301,
      "extension": 6.07089,
      "vert_break": -29.0382,
      "induced_vert_break": 1.78217,
      "horz_break": 11.86725,
      "plate_loc_height": 1.73928,
      "plate_loc_side": -0.59268,
      "zone_speed": 87.28,
      "vert_appr_angle": -7.23493,
      "horz_appr_angle": -1.114883,
      "zone_time": 0.399568,
      "exit_speed": null,
      "angle": null,
      "direction": null,
      "hit_spin_rate": null,
      "position_at_110_x": null,
      "position_at_110_y": null,
      "position_at_110_z": null,
      "distance": null,
      "last_tracked_distance": null,
      "bearing": null,
      "hang_time": null,
      "pfxx": -6.9843,
      "pfxz": 1.70925,
      "x0": -1.18435,
      "z0": 5.7397,
      "vx0": 7.29931,
      "vy0": -137.5791,
      "vz0": -5.58314,
      "ax0": -13.44386,
      "ay0": 29.29776,
      "az0": -28.88393,
      "effective_velo": 94.33304,
      "max_height": null,
      "measured_duration": null,
      "speed_drop": 7.5075,
      "pitch_last_measured_x": null,
      "pitch_last_measured_y": null,
      "pitch_last_measured_z": null,
      "contact_position_x": null,
      "contact_position_y": null,
      "contact_position_z": null,
      "pitch_trajectory_xc0": 54.42896,
      "pitch_trajectory_xc1": -138.51904,
      "pitch_trajectory_xc2": 14.64888,
      "pitch_trajectory_yc0": 5.90396,
      "pitch_trajectory_yc1": -4.65647,
      "pitch_trajectory_yc2": -14.44197,
      "pitch_trajectory_zc0": -1.42545,
      "pitch_trajectory_zc1": 7.73062,
      "pitch_trajectory_zc2": -6.72193,
      "hit_spin_axis": null,
      "hit_trajectory_xc0": null,
      "hit_trajectory_xc1": null,
      "hit_trajectory_xc2": null,
      "hit_trajectory_xc3": null,
      "hit_trajectory_xc4": null,
      "hit_trajectory_xc5": null,
      "hit_trajectory_xc6": null,
      "hit_trajectory_xc7": null,
      "hit_trajectory_xc8": null,
      "hit_trajectory_yc0": null,
      "hit_trajectory_yc1": null,
      "hit_trajectory_yc2": null,
      "hit_trajectory_yc3": null,
      "hit_trajectory_yc4": null,
      "hit_trajectory_yc5": null,
      "hit_trajectory_yc6": null,
      "hit_trajectory_yc7": null,
      "hit_trajectory_yc8": null,
      "hit_trajectory_zc0": null,
      "hit_trajectory_zc1": null,
      "hit_trajectory_zc3": null,
      "hit_trajectory_zc4": null,
      "hit_trajectory_zc5": null,
      "hit_trajectory_zc6": null,
      "pitcher_throws": "Right",
      "pitcher_team_code": "LAN",
      "batter_side": "Right",
      "batter_team_code": "YOR_REV2",
      "pitcher_set": null,
      "catcher_throws": "Right",
      "top_or_bottom": "Top",
      "tagged_pitch_type": "Undefined",
      "auto_pitch_type": "Sinker",
      "pitch_call": "StrikeCalled",
      "k_or_bb": "Undefined",
      "tagged_hit_type": "Undefined",
      "play_result": "Undefined",
      "notes": "NaN",
      "auto_hit_type": null,
      "tilt": "2:45",
      "catcher_throw_catch_confidence": null,
      "catcher_throw_release_confidence": null,
      "catcher_throw_location_confidence": null,
      "pitch_release_confidence": "High",
      "pitch_location_confidence": "High",
      "pitch_movement_confidence": "High",
      "hit_launch_confidence": null,
      "hit_landing_confidence": null,
      "detected_shift": null,
      "first_b_position_at_release_x": null,
      "first_b_position_at_release_z": null,
      "second_b_position_at_release_x": null,
      "second_b_position_at_release_z": null,
      "third_b_position_at_release_x": null,
      "third_b_position_at_release_z": null,
      "ss_position_at_release_x": null,
      "ss_position_at_release_z": null,
      "lf_position_at_release_x": null,
      "lf_position_at_release_z": null,
      "cf_position_at_release_x": null,
      "cf_position_at_release_z": null,
      "rf_position_at_release_x": null,
      "rf_position_at_release_z": null,
      "first_b_player_id": null,
      "second_b_player_id": null,
      "third_b_player_id": null,
      "ss_player_id": null,
      "lf_player_id": null,
      "cf_player_id": null,
      "rf_player_id": null
    },
    {
      "hit_trajectory_zc2": null,
      "pitcher_id": "1d72540c-d967-4528-a290-29a4c444bd4f",
      "batter_id": "9f4a121e-2007-44fb-b64e-51a83904efbb",
      "game_id": "e001364c-c94a-44b3-9a63-14544bbefed7",
      "date": "2024-05-07",
      "time": "21:02:16.94",
      "pa_of_inning": 10,
      "pitch_of_pa": 3,
      "hit_trajectory_zc7": null,
      "hit_trajectory_zc8": null,
      "throw_speed": null,
      "pop_time": null,
      "exchange_time": null,
      "time_to_base": null,
      "catch_position_x": null,
      "catch_position_y": null,
      "catch_position_z": null,
      "throw_position_x": null,
      "throw_position_y": null,
      "throw_position_z": null,
      "base_position_x": null,
      "base_position_y": null,
      "base_position_z": null,
      "throw_trajectory_xc0": null,
      "throw_trajectory_xc1": null,
      "throw_trajectory_xc2": null,
      "throw_trajectory_yc0": null,
      "throw_trajectory_yc1": null,
      "throw_trajectory_yc2": null,
      "throw_trajectory_zc0": null,
      "throw_trajectory_zc1": null,
      "throw_trajectory_zc2": null,
      "inning": 7,
      "outs": 2,
      "balls": 2,
      "strikes": 0,
      "outs_on_play": 0,
      "runs_scored": 0,
      "y0": 50.0,
      "local_date_time": "2024-05-07T21:02:16.9495758-04:00",
      "catcher_id": "f5bc2bff-8c30-47cd-9cf8-fbe6fadba999",
      "pitch_number": 234,
      "rel_speed": 94.25402,
      "vert_rel_angle": -3.359919,
      "horz_rel_angle": -5.139016,
      "spin_rate": 2590.9248,
      "spin_axis": 242.26602,
      "rel_height": 5.8579,
      "rel_side": 1.54189,
      "extension": 5.44526,
      "vert_break": -27.58399,
      "induced_vert_break": 5.10957,
      "horz_break": 7.49721,
      "plate_loc_height": 0.39712,
      "plate_loc_side": -2.65779,
      "zone_speed": 85.47044,
      "vert_appr_angle": -8.407803,
      "horz_appr_angle": -3.811045,
      "zone_time": 0.411531,
      "exit_speed": null,
      "angle": null,
      "direction": null,
      "hit_spin_rate": null,
      "position_at_110_x": null,
      "position_at_110_y": null,
      "position_at_110_z": null,
      "distance": null,
      "last_tracked_distance": null,
      "bearing": null,
      "hang_time": null,
      "pfxx": -5.36362,
      "pfxz": 3.98776,
      "x0": -1.09197,
      "z0": 5.54086,
      "vx0": 11.86327,
      "vy0": -135.90154,
      "vz0": -9.09121,
      "ax0": -9.91176,
      "ay0": 33.08851,
      "az0": -24.80479,
      "effective_velo": 91.59077,
      "max_height": null,
      "measured_duration": null,
      "speed_drop": 8.78358,
      "pitch_last_measured_x": null,
      "pitch_last_measured_y": null,
      "pitch_last_measured_z": null,
      "contact_position_x": null,
      "contact_position_y": null,
      "contact_position_z": null,
      "pitch_trajectory_xc0": 55.05056,
      "pitch_trajectory_xc1": -137.12572,
      "pitch_trajectory_xc2": 16.54426,
      "pitch_trajectory_yc0": 5.86023,
      "pitch_trajectory_yc1": -8.17351,
      "pitch_trajectory_yc2": -12.4024,
      "pitch_trajectory_zc0": -1.53766,
      "pitch_trajectory_zc1": 12.22997,
      "pitch_trajectory_zc2": -4.95588,
      "hit_spin_axis": null,
      "hit_trajectory_xc0": null,
      "hit_trajectory_xc1": null,
      "hit_trajectory_xc2": null,
      "hit_trajectory_xc3": null,
      "hit_trajectory_xc4": null,
      "hit_trajectory_xc5": null,
      "hit_trajectory_xc6": null,
      "hit_trajectory_xc7": null,
      "hit_trajectory_xc8": null,
      "hit_trajectory_yc0": null,
      "hit_trajectory_yc1": null,
      "hit_trajectory_yc2": null,
      "hit_trajectory_yc3": null,
      "hit_trajectory_yc4": null,
      "hit_trajectory_yc5": null,
      "hit_trajectory_yc6": null,
      "hit_trajectory_yc7": null,
      "hit_trajectory_yc8": null,
      "hit_trajectory_zc0": null,
      "hit_trajectory_zc1": null,
      "hit_trajectory_zc3": null,
      "hit_trajectory_zc4": null,
      "hit_trajectory_zc5": null,
      "hit_trajectory_zc6": null,
      "pitcher_throws": "Right",
      "pitcher_team_code": "LAN",
      "batter_side": "Right",
      "batter_team_code": "YOR_REV2",
      "pitcher_set": null,
      "catcher_throws": "Right",
      "top_or_bottom": "Top",
      "tagged_pitch_type": "Undefined",
      "auto_pitch_type": "Sinker",
      "pitch_call": "BallCalled",
      "k_or_bb": "Undefined",
      "tagged_hit_type": "Undefined",
      "play_result": "Undefined",
      "notes": "NaN",
      "auto_hit_type": null,
      "tilt": "2:00",
      "catcher_throw_catch_confidence": null,
      "catcher_throw_release_confidence": null,
      "catcher_throw_location_confidence": null,
      "pitch_release_confidence": "High",
      "pitch_location_confidence": "High",
      "pitch_movement_confidence": "High",
      "hit_launch_confidence": null,
      "hit_landing_confidence": null,
      "detected_shift": null,
      "first_b_position_at_release_x": null,
      "first_b_position_at_release_z": null,
      "second_b_position_at_release_x": null,
      "second_b_position_at_release_z": null,
      "third_b_position_at_release_x": null,
      "third_b_position_at_release_z": null,
      "ss_position_at_release_x": null,
      "ss_position_at_release_z": null,
      "lf_position_at_release_x": null,
      "lf_position_at_release_z": null,
      "cf_position_at_release_x": null,
      "cf_position_at_release_z": null,
      "rf_position_at_release_x": null,
      "rf_position_at_release_z": null,
      "first_b_player_id": null,
      "second_b_player_id": null,
      "third_b_player_id": null,
      "ss_player_id": null,
      "lf_player_id": null,
      "cf_player_id": null,
      "rf_player_id": null
    },
    {
      "hit_trajectory_zc2": null,
      "pitcher_id": "1d72540c-d967-4528-a290-29a4c444bd4f",
      "batter_id": "9f4a121e-2007-44fb-b64e-51a83904efbb",
      "game_id": "e001364c-c94a-44b3-9a63-14544bbefed7",
      "date": "2024-05-07",
      "time": "21:01:58.00",
      "pa_of_inning": 10,
      "pitch_of_pa": 2,
      "hit_trajectory_zc7": null,
      "hit_trajectory_zc8": null,
      "throw_speed": null,
      "pop_time": null,
      "exchange_time": null,
      "time_to_base": null,
      "catch_position_x": null,
      "catch_position_y": null,
      "catch_position_z": null,
      "throw_position_x": null,
      "throw_position_y": null,
      "throw_position_z": null,
      "base_position_x": null,
      "base_position_y": null,
      "base_position_z": null,
      "throw_trajectory_xc0": null,
      "throw_trajectory_xc1": null,
      "throw_trajectory_xc2": null,
      "throw_trajectory_yc0": null,
      "throw_trajectory_yc1": null,
      "throw_trajectory_yc2": null,
      "throw_trajectory_zc0": null,
      "throw_trajectory_zc1": null,
      "throw_trajectory_zc2": null,
      "inning": 7,
      "outs": 2,
      "balls": 1,
      "strikes": 0,
      "outs_on_play": 0,
      "runs_scored": 0,
      "y0": 50.0,
      "local_date_time": "2024-05-07T21:01:58.0093646-04:00",
      "catcher_id": "f5bc2bff-8c30-47cd-9cf8-fbe6fadba999",
      "pitch_number": 233,
      "rel_speed": 94.63597,
      "vert_rel_angle": -2.597037,
      "horz_rel_angle": -4.610452,
      "spin_rate": 2399.208,
      "spin_axis": 261.14566,
      "rel_height": 6.05915,
      "rel_side": 1.57304,
      "extension": 5.20092,
      "vert_break": -28.56206,
      "induced_vert_break": 4.37996,
      "horz_break": 19.84741,
      "plate_loc_height": 1.22677,
      "plate_loc_side": -1.11868,
      "zone_speed": 84.80527,
      "vert_appr_angle": -7.838965,
      "horz_appr_angle": -1.102056,
      "zone_time": 0.413092,
      "exit_speed": null,
      "angle": null,
      "direction": null,
      "hit_spin_rate": null,
      "position_at_110_x": null,
      "position_at_110_y": null,
      "position_at_110_z": null,
      "distance": null,
      "last_tracked_distance": null,
      "bearing": null,
      "hang_time": null,
      "pfxx": -11.36253,
      "pfxz": 3.47217,
      "x0": -1.1605,
      "z0": 5.79668,
      "vx0": 10.0023,
      "vy0": -136.47345,
      "vz0": -7.38092,
      "ax0": -20.96755,
      "ay0": 36.06958,
      "az0": -25.76679,
      "effective_velo": 91.24472,
      "max_height": null,
      "measured_duration": null,
      "speed_drop": 9.8307,
      "pitch_last_measured_x": null,
      "pitch_last_measured_y": null,
      "pitch_last_measured_z": null,
      "contact_position_x": null,
      "contact_position_y": null,
      "contact_position_z": null,
      "pitch_trajectory_xc0": 55.29406,
      "pitch_trajectory_xc1": -137.86555,
      "pitch_trajectory_xc2": 18.03479,
      "pitch_trajectory_yc0": 6.06235,
      "pitch_trajectory_yc1": -6.38645,
      "pitch_trajectory_yc2": -12.8834,
      "pitch_trajectory_zc0": -1.56216,
      "pitch_trajectory_zc1": 10.81155,
      "pitch_trajectory_zc2": -10.48378,
      "hit_spin_axis": null,
      "hit_trajectory_xc0": null,
      "hit_trajectory_xc1": null,
      "hit_trajectory_xc2": null,
      "hit_trajectory_xc3": null,
      "hit_trajectory_xc4": null,
      "hit_trajectory_xc5": null,
      "hit_trajectory_xc6": null,
      "hit_trajectory_xc7": null,
      "hit_trajectory_xc8": null,
      "hit_trajectory_yc0": null,
      "hit_trajectory_yc1": null,
      "hit_trajectory_yc2": null,
      "hit_trajectory_yc3": null,
      "hit_trajectory_yc4": null,
      "hit_trajectory_yc5": null,
      "hit_trajectory_yc6": null,
      "hit_trajectory_yc7": null,
      "hit_trajectory_yc8": null,
      "hit_trajectory_zc0": null,
      "hit_trajectory_zc1": null,
      "hit_trajectory_zc3": null,
      "hit_trajectory_zc4": null,
      "hit_trajectory_zc5": null,
      "hit_trajectory_zc6": null,
      "pitcher_throws": "Right",
      "pitcher_team_code": "LAN",
      "batter_side": "Right",
      "batter_team_code": "YOR_REV2",
      "pitcher_set": null,
      "catcher_throws": "Right",
      "top_or_bottom": "Top",
      "tagged_pitch_type": "Undefined",
      "auto_pitch_type": "Sinker",
      "pitch_call": "BallCalled",
      "k_or_bb": "Undefined",
      "tagged_hit_type": "Undefined",
      "play_result": "Undefined",
      "notes": "NaN",
      "auto_hit_type": null,
      "tilt": "2:45",
      "catcher_throw_catch_confidence": null,
      "catcher_throw_release_confidence": null,
      "catcher_throw_location_confidence": null,
      "pitch_release_confidence": "High",
      "pitch_location_confidence": "High",
      "pitch_movement_confidence": "High",
      "hit_launch_confidence": null,
      "hit_landing_confidence": null,
      "detected_shift": null,
      "first_b_position_at_release_x": null,
      "first_b_position_at_release_z": null,
      "second_b_position_at_release_x": null,
      "second_b_position_at_release_z": null,
      "third_b_position_at_release_x": null,
      "third_b_position_at_release_z": null,
      "ss_position_at_release_x": null,
      "ss_position_at_release_z": null,
      "lf_position_at_release_x": null,
      "lf_position_at_release_z": null,
      "cf_position_at_release_x": null,
      "cf_position_at_release_z": null,
      "rf_position_at_release_x": null,
      "rf_position_at_release_z": null,
      "first_b_player_id": null,
      "second_b_player_id": null,
      "third_b_player_id": null,
      "ss_player_id": null,
      "lf_player_id": null,
      "cf_player_id": null,
      "rf_player_id": null
    },
    {
      "hit_trajectory_zc2": null,
      "pitcher_id": "1d72540c-d967-4528-a290-29a4c444bd4f",
      "batter_id": "9f4a121e-2007-44fb-b64e-51a83904efbb",
      "game_id": "e001364c-c94a-44b3-9a63-14544bbefed7",
      "date": "2024-05-07",
      "time": "21:01:39.28",
      "pa_of_inning": 10,
      "pitch_of_pa": 1,
      "hit_trajectory_zc7": null,
      "hit_trajectory_zc8": null,
      "throw_speed": null,
      "pop_time": null,
      "exchange_time": null,
      "time_to_base": null,
      "catch_position_x": null,
      "catch_position_y": null,
      "catch_position_z": null,
      "throw_position_x": null,
      "throw_position_y": null,
      "throw_position_z": null,
      "base_position_x": null,
      "base_position_y": null,
      "base_position_z": null,
      "throw_trajectory_xc0": null,
      "throw_trajectory_xc1": null,
      "throw_trajectory_xc2": null,
      "throw_trajectory_yc0": null,
      "throw_trajectory_yc1": null,
      "throw_trajectory_yc2": null,
      "throw_trajectory_zc0": null,
      "throw_trajectory_zc1": null,
      "throw_trajectory_zc2": null,
      "inning": 7,
      "outs": 2,
      "balls": 0,
      "strikes": 0,
      "outs_on_play": 0,
      "runs_scored": 0,
      "y0": 50.0,
      "local_date_time": "2024-05-07T21:01:39.2809678-04:00",
      "catcher_id": "f5bc2bff-8c30-47cd-9cf8-fbe6fadba999",
      "pitch_number": 232,
      "rel_speed": 95.11729,
      "vert_rel_angle": -2.999694,
      "horz_rel_angle": -5.118117,
      "spin_rate": 2426.89,
      "spin_axis": 260.66104,
      "rel_height": 5.9362,
      "rel_side": 1.40376,
      "extension": 5.37778,
      "vert_break": -28.20159,
      "induced_vert_break": 4.2615,
      "horz_break": 18.17993,
      "plate_loc_height": 0.76017,
      "plate_loc_side": -1.89201,
      "zone_speed": 85.26412,
      "vert_appr_angle": -8.185253,
      "horz_appr_angle": -1.897823,
      "zone_time": 0.410078,
      "exit_speed": null,
      "angle": null,
      "direction": null,
      "hit_spin_rate": null,
      "position_at_110_x": null,
      "position_at_110_y": null,
      "position_at_110_z": null,
      "distance": null,
      "last_tracked_distance": null,
      "bearing": null,
      "hang_time": null,
      "pfxx": -10.79056,
      "pfxz": 3.55973,
      "x0": -0.95744,
      "z0": 5.64689,
      "vx0": 11.37381,
      "vy0": -137.05946,
      "vz0": -8.34299,
      "ax0": -20.0788,
      "ay0": 36.44396,
      "az0": -25.55018,
      "effective_velo": 91.91534,
      "max_height": null,
      "measured_duration": null,
      "speed_drop": 9.85317,
      "pitch_last_measured_x": null,
      "pitch_last_measured_y": null,
      "pitch_last_measured_z": null,
      "contact_position_x": null,
      "contact_position_y": null,
      "contact_position_z": null,
      "pitch_trajectory_xc0": 55.1173,
      "pitch_trajectory_xc1": -138.41347,
      "pitch_trajectory_xc2": 18.22198,
      "pitch_trajectory_yc0": 5.93922,
      "pitch_trajectory_yc1": -7.39373,
      "pitch_trajectory_yc2": -12.77509,
      "pitch_trajectory_zc0": -1.39386,
      "pitch_trajectory_zc1": 12.11979,
      "pitch_trajectory_zc2": -10.0394,
      "hit_spin_axis": null,
      "hit_trajectory_xc0": null,
      "hit_trajectory_xc1": null,
      "hit_trajectory_xc2": null,
      "hit_trajectory_xc3": null,
      "hit_trajectory_xc4": null,
      "hit_trajectory_xc5": null,
      "hit_trajectory_xc6": null,
      "hit_trajectory_xc7": null,
      "hit_trajectory_xc8": null,
      "hit_trajectory_yc0": null,
      "hit_trajectory_yc1": null,
      "hit_trajectory_yc2": null,
      "hit_trajectory_yc3": null,
      "hit_trajectory_yc4": null,
      "hit_trajectory_yc5": null,
      "hit_trajectory_yc6": null,
      "hit_trajectory_yc7": null,
      "hit_trajectory_yc8": null,
      "hit_trajectory_zc0": null,
      "hit_trajectory_zc1": null,
      "hit_trajectory_zc3": null,
      "hit_trajectory_zc4": null,
      "hit_trajectory_zc5": null,
      "hit_trajectory_zc6": null,
      "pitcher_throws": "Right",
      "pitcher_team_code": "LAN",
      "batter_side": "Right",
      "batter_team_code": "YOR_REV2",
      "pitcher_set": null,
      "catcher_throws": "Right",
      "top_or_bottom": "Top",
      "tagged_pitch_type": "Undefined",
      "auto_pitch_type": "Sinker",
      "pitch_call": "BallCalled",
      "k_or_bb": "Undefined",
      "tagged_hit_type": "Undefined",
      "play_result": "Undefined",
      "notes": "NaN",
      "auto_hit_type": null,
      "tilt": "2:45",
      "catcher_throw_catch_confidence": null,
      "catcher_throw_release_confidence": null,
      "catcher_throw_location_confidence": null,
      "pitch_release_confidence": "High",
      "pitch_location_confidence": "High",
      "pitch_movement_confidence": "High",
      "hit_launch_confidence": null,
      "hit_landing_confidence": null,
      "detected_shift": null,
      "first_b_position_at_release_x": null,
      "first_b_position_at_release_z": null,
      "second_b_position_at_release_x": null,
      "second_b_position_at_release_z": null,
      "third_b_position_at_release_x": null,
      "third_b_position_at_release_z": null,
      "ss_position_at_release_x": null,
      "ss_position_at_release_z": null,
      "lf_position_at_release_x": null,
      "lf_position_at_release_z": null,
      "cf_position_at_release_x": null,
      "cf_position_at_release_z": null,
      "rf_position_at_release_x": null,
      "rf_position_at_release_z": null,
      "first_b_player_id": null,
      "second_b_player_id": null,
      "third_b_player_id": null,
      "ss_player_id": null,
      "lf_player_id": null,
      "cf_player_id": null,
      "rf_player_id": null
    },
    {
      "hit_trajectory_zc2": null,
      "pitcher_id": "174ed5b6-f7a3-4903-a1b9-5aebe9425fbf",
      "batter_id": "9f4a121e-2007-44fb-b64e-51a83904efbb",
      "game_id": "e001364c-c94a-44b3-9a63-14544bbefed7",
      "date": "2024-05-07",
      "time": "20:45:11.66",
      "pa_of_inning": 1,
      "pitch_of_pa": 3,
      "hit_trajectory_zc7": null,
      "hit_trajectory_zc8": null,
      "throw_speed": 52.89295,
      "pop_time": 2.920338,
      "exchange_time": 1.444557,
      "time_to_base": 1.475781,
      "catch_position_x": -2.43953,
      "catch_position_y": 2.92898,
      "catch_position_z": -0.11613,
      "throw_position_x": -3.34969,
      "throw_position_y": 4.20747,
      "throw_position_z": 4.20567,
      "base_position_x": 67.96741,
      "base_position_y": 13.36284,
      "base_position_z": -56.82438,
      "throw_trajectory_xc0": -3.23887,
      "throw_trajectory_xc1": 52.06895,
      "throw_trajectory_xc2": -2.56726,
      "throw_trajectory_yc0": 4.46591,
      "throw_trajectory_yc1": 28.29509,
      "throw_trajectory_yc2": -15.02978,
      "throw_trajectory_zc0": 3.97426,
      "throw_trajectory_zc1": -46.60203,
      "throw_trajectory_zc2": 3.61769,
      "inning": 7,
      "outs": 0,
      "balls": 0,
      "strikes": 2,
      "outs_on_play": 0,
      "runs_scored": 0,
      "y0": 50.0,
      "local_date_time": "2024-05-07T20:45:11.6600526-04:00",
      "catcher_id": "f5bc2bff-8c30-47cd-9cf8-fbe6fadba999",
      "pitch_number": 206,
      "rel_speed": 84.59111,
      "vert_rel_angle": 0.768448,
      "horz_rel_angle": -1.836055,
      "spin_rate": 1944.1072,
      "spin_axis": 79.27156,
      "rel_height": 6.02387,
      "rel_side": 2.7002,
      "extension": 5.2438,
      "vert_break": -40.24857,
      "induced_vert_break": -0.20945,
      "horz_break": -7.67225,
      "plate_loc_height": 3.39242,
      "plate_loc_side": 0.33476,
      "zone_speed": 77.52986,
      "vert_appr_angle": -6.556559,
      "horz_appr_angle": -3.195982,
      "zone_time": 0.455422,
      "exit_speed": null,
      "angle": null,
      "direction": null,
      "hit_spin_rate": null,
      "position_at_110_x": null,
      "position_at_110_y": null,
      "position_at_110_z": null,
      "distance": null,
      "last_tracked_distance": null,
      "bearing": null,
      "hang_time": null,
      "pfxx": 3.30811,
      "pfxz": 0.08165,
      "x0": -2.52565,
      "z0": 6.06467,
      "vx0": 4.26906,
      "vy0": -122.73219,
      "vz0": 0.13649,
      "ax0": 5.04262,
      "ay0": 24.43553,
      "az0": -32.04957,
      "effective_velo": 82.76385,
      "max_height": null,
      "measured_duration": null,
      "speed_drop": 7.06126,
      "pitch_last_measured_x": null,
      "pitch_last_measured_y": null,
      "pitch_last_measured_z": null,
      "contact_position_x": null,
      "contact_position_y": null,
      "contact_position_z": null,
      "pitch_trajectory_xc0": 55.25453,
      "pitch_trajectory_xc1": -123.77392,
      "pitch_trajectory_xc2": 12.21777,
      "pitch_trajectory_yc0": 6.02972,
      "pitch_trajectory_yc1": 1.50283,
      "pitch_trajectory_yc2": -16.02479,
      "pitch_trajectory_zc0": -2.70306,
      "pitch_trajectory_zc1": 4.05408,
      "pitch_trajectory_zc2": 2.52131,
      "hit_spin_axis": null,
      "hit_trajectory_xc0": null,
      "hit_trajectory_xc1": null,
      "hit_trajectory_xc2": null,
      "hit_trajectory_xc3": null,
      "hit_trajectory_xc4": null,
      "hit_trajectory_xc5": null,
      "hit_trajectory_xc6": null,
      "hit_trajectory_xc7": null,
      "hit_trajectory_xc8": null,
      "hit_trajectory_yc0": null,
      "hit_trajectory_yc1": null,
      "hit_trajectory_yc2": null,
      "hit_trajectory_yc3": null,
      "hit_trajectory_yc4": null,
      "hit_trajectory_yc5": null,
      "hit_trajectory_yc6": null,
      "hit_trajectory_yc7": null,
      "hit_trajectory_yc8": null,
      "hit_trajectory_zc0": null,
      "hit_trajectory_zc1": null,
      "hit_trajectory_zc3": null,
      "hit_trajectory_zc4": null,
      "hit_trajectory_zc5": null,
      "hit_trajectory_zc6": null,
      "pitcher_throws": "Right",
      "pitcher_team_code": "LAN",
      "batter_side": "Right",
      "batter_team_code": "YOR_REV2",
      "pitcher_set": null,
      "catcher_throws": "Right",
      "top_or_bottom": "Top",
      "tagged_pitch_type": "Undefined",
      "auto_pitch_type": "Slider",
      "pitch_call": "StrikeSwinging",
      "k_or_bb": "Strikeout",
      "tagged_hit_type": "Undefined",
      "play_result": "Undefined",
      "notes": "NaN",
      "auto_hit_type": null,
      "tilt": "8:45",
      "catcher_throw_catch_confidence": "High",
      "catcher_throw_release_confidence": "Medium",
      "catcher_throw_location_confidence": "High",
      "pitch_release_confidence": "High",
      "pitch_location_confidence": "High",
      "pitch_movement_confidence": "High",
      "hit_launch_confidence": null,
      "hit_landing_confidence": null,
      "detected_shift": null,
      "first_b_position_at_release_x": null,
      "first_b_position_at_release_z": null,
      "second_b_position_at_release_x": null,
      "second_b_position_at_release_z": null,
      "third_b_position_at_release_x": null,
      "third_b_position_at_release_z": null,
      "ss_position_at_release_x": null,
      "ss_position_at_release_z": null,
      "lf_position_at_release_x": null,
      "lf_position_at_release_z": null,
      "cf_position_at_release_x": null,
      "cf_position_at_release_z": null,
      "rf_position_at_release_x": null,
      "rf_position_at_release_z": null,
      "first_b_player_id": null,
      "second_b_player_id": null,
      "third_b_player_id": null,
      "ss_player_id": null,
      "lf_player_id": null,
      "cf_player_id": null,
      "rf_player_id": null
    },
    {
      "hit_trajectory_zc2": null,
      "pitcher_id": "174ed5b6-f7a3-4903-a1b9-5aebe9425fbf",
      "batter_id": "9f4a121e-2007-44fb-b64e-51a83904efbb",
      "game_id": "e001364c-c94a-44b3-9a63-14544bbefed7",
      "date": "2024-05-07",
      "time": "20:44:46.68",
      "pa_of_inning": 1,
      "pitch_of_pa": 2,
      "hit_trajectory_zc7": null,
      "hit_trajectory_zc8": null,
      "throw_speed": null,
      "pop_time": null,
      "exchange_time": null,
      "time_to_base": null,
      "catch_position_x": null,
      "catch_position_y": null,
      "catch_position_z": null,
      "throw_position_x": null,
      "throw_position_y": null,
      "throw_position_z": null,
      "base_position_x": null,
      "base_position_y": null,
      "base_position_z": null,
      "throw_trajectory_xc0": null,
      "throw_trajectory_xc1": null,
      "throw_trajectory_xc2": null,
      "throw_trajectory_yc0": null,
      "throw_trajectory_yc1": null,
      "throw_trajectory_yc2": null,
      "throw_trajectory_zc0": null,
      "throw_trajectory_zc1": null,
      "throw_trajectory_zc2": null,
      "inning": 7,
      "outs": 0,
      "balls": 0,
      "strikes": 1,
      "outs_on_play": 0,
      "runs_scored": 0,
      "y0": 50.0,
      "local_date_time": "2024-05-07T20:44:46.6853582-04:00",
      "catcher_id": "f5bc2bff-8c30-47cd-9cf8-fbe6fadba999",
      "pitch_number": 205,
      "rel_speed": 84.79073,
      "vert_rel_angle": -1.712155,
      "horz_rel_angle": -2.662536,
      "spin_rate": 1970.6119,
      "spin_axis": 89.370285,
      "rel_height": 6.00794,
      "rel_side": 2.54334,
      "extension": 5.73544,
      "vert_break": -37.97057,
      "induced_vert_break": 1.07752,
      "horz_break": -7.8454,
      "plate_loc_height": 1.24717,
      "plate_loc_side": -0.5916,
      "zone_speed": 78.39095,
      "vert_appr_angle": -8.636273,
      "horz_appr_angle": -4.066312,
      "zone_time": 0.44975,
      "exit_speed": null,
      "angle": null,
      "direction": null,
      "hit_spin_rate": null,
      "position_at_110_x": null,
      "position_at_110_y": null,
      "position_at_110_z": null,
      "distance": null,
      "last_tracked_distance": null,
      "bearing": null,
      "hang_time": null,
      "pfxx": 3.28181,
      "pfxz": 1.37366,
      "x0": -2.31661,
      "z0": 5.84185,
      "vx0": 6.03896,
      "vy0": -123.05632,
      "vz0": -4.99947,
      "ax0": 5.04415,
      "ay0": 23.87859,
      "az0": -30.06273,
      "effective_velo": 83.80751,
      "max_height": null,
      "measured_duration": null,
      "speed_drop": 6.39977,
      "pitch_last_measured_x": null,
      "pitch_last_measured_y": null,
      "pitch_last_measured_z": null,
      "contact_position_x": null,
      "contact_position_y": null,
      "contact_position_z": null,
      "pitch_trajectory_xc0": 54.76403,
      "pitch_trajectory_xc1": -123.97732,
      "pitch_trajectory_xc2": 11.9393,
      "pitch_trajectory_yc0": 6.01231,
      "pitch_trajectory_yc1": -3.83995,
      "pitch_trajectory_yc2": -15.03136,
      "pitch_trajectory_zc0": -2.54578,
      "pitch_trajectory_zc1": 5.84441,
      "pitch_trajectory_zc2": 2.52207,
      "hit_spin_axis": null,
      "hit_trajectory_xc0": null,
      "hit_trajectory_xc1": null,
      "hit_trajectory_xc2": null,
      "hit_trajectory_xc3": null,
      "hit_trajectory_xc4": null,
      "hit_trajectory_xc5": null,
      "hit_trajectory_xc6": null,
      "hit_trajectory_xc7": null,
      "hit_trajectory_xc8": null,
      "hit_trajectory_yc0": null,
      "hit_trajectory_yc1": null,
      "hit_trajectory_yc2": null,
      "hit_trajectory_yc3": null,
      "hit_trajectory_yc4": null,
      "hit_trajectory_yc5": null,
      "hit_trajectory_yc6": null,
      "hit_trajectory_yc7": null,
      "hit_trajectory_yc8": null,
      "hit_trajectory_zc0": null,
      "hit_trajectory_zc1": null,
      "hit_trajectory_zc3": null,
      "hit_trajectory_zc4": null,
      "hit_trajectory_zc5": null,
      "hit_trajectory_zc6": null,
      "pitcher_throws": "Right",
      "pitcher_team_code": "LAN",
      "batter_side": "Right",
      "batter_team_code": "YOR_REV2",
      "pitcher_set": null,
      "catcher_throws": "Right",
      "top_or_bottom": "Top",
      "tagged_pitch_type": "Undefined",
      "auto_pitch_type": "Slider",
      "pitch_call": "StrikeSwinging",
      "k_or_bb": "Undefined",
      "tagged_hit_type": "Undefined",
      "play_result": "Undefined",
      "notes": "NaN",
      "auto_hit_type": null,
      "tilt": "9:00",
      "catcher_throw_catch_confidence": null,
      "catcher_throw_release_confidence": null,
      "catcher_throw_location_confidence": null,
      "pitch_release_confidence": "High",
      "pitch_location_confidence": "High",
      "pitch_movement_confidence": "High",
      "hit_launch_confidence": null,
      "hit_landing_confidence": null,
      "detected_shift": null,
      "first_b_position_at_release_x": null,
      "first_b_position_at_release_z": null,
      "second_b_position_at_release_x": null,
      "second_b_position_at_release_z": null,
      "third_b_position_at_release_x": null,
      "third_b_position_at_release_z": null,
      "ss_position_at_release_x": null,
      "ss_position_at_release_z": null,
      "lf_position_at_release_x": null,
      "lf_position_at_release_z": null,
      "cf_position_at_release_x": null,
      "cf_position_at_release_z": null,
      "rf_position_at_release_x": null,
      "rf_position_at_release_z": null,
      "first_b_player_id": null,
      "second_b_player_id": null,
      "third_b_player_id": null,
      "ss_player_id": null,
      "lf_player_id": null,
      "cf_player_id": null,
      "rf_player_id": null
    },
    {
      "hit_trajectory_zc2": null,
      "pitcher_id": "174ed5b6-f7a3-4903-a1b9-5aebe9425fbf",
      "batter_id": "9f4a121e-2007-44fb-b64e-51a83904efbb",
      "game_id": "e001364c-c94a-44b3-9a63-14544bbefed7",
      "date": "2024-05-07",
      "time": "20:44:34.24",
      "pa_of_inning": 1,
      "pitch_of_pa": 1,
      "hit_trajectory_zc7": null,
      "hit_trajectory_zc8": null,
      "throw_speed": null,
      "pop_time": null,
      "exchange_time": null,
      "time_to_base": null,
      "catch_position_x": null,
      "catch_position_y": null,
      "catch_position_z": null,
      "throw_position_x": null,
      "throw_position_y": null,
      "throw_position_z": null,
      "base_position_x": null,
      "base_position_y": null,
      "base_position_z": null,
      "throw_trajectory_xc0": null,
      "throw_trajectory_xc1": null,
      "throw_trajectory_xc2": null,
      "throw_trajectory_yc0": null,
      "throw_trajectory_yc1": null,
      "throw_trajectory_yc2": null,
      "throw_trajectory_zc0": null,
      "throw_trajectory_zc1": null,
      "throw_trajectory_zc2": null,
      "inning": 7,
      "outs": 0,
      "balls": 0,
      "strikes": 0,
      "outs_on_play": 0,
      "runs_scored": 0,
      "y0": 50.0,
      "local_date_time": "2024-05-07T20:44:34.2447822-04:00",
      "catcher_id": "f5bc2bff-8c30-47cd-9cf8-fbe6fadba999",
      "pitch_number": 204,
      "rel_speed": 81.85736,
      "vert_rel_angle": 0.894525,
      "horz_rel_angle": -1.685102,
      "spin_rate": 2003.7059,
      "spin_axis": 66.04215,
      "rel_height": 6.05198,
      "rel_side": 2.87302,
      "extension": 5.19388,
      "vert_break": -47.23546,
      "induced_vert_break": -4.0411,
      "horz_break": -12.3391,
      "plate_loc_height": 2.95757,
      "plate_loc_side": 0.25921,
      "zone_speed": 74.60811,
      "vert_appr_angle": -7.68257,
      "horz_appr_angle": -3.871271,
      "zone_time": 0.473026,
      "exit_speed": null,
      "angle": null,
      "direction": null,
      "hit_spin_rate": null,
      "position_at_110_x": null,
      "position_at_110_y": null,
      "position_at_110_z": null,
      "distance": null,
      "last_tracked_distance": null,
      "bearing": null,
      "hang_time": null,
      "pfxx": 5.60666,
      "pfxz": -1.81319,
      "x0": -2.70716,
      "z0": 6.09943,
      "vx0": 4.02001,
      "vy0": -118.67514,
      "vz0": 0.10407,
      "ax0": 7.91753,
      "ay0": 24.78686,
      "az0": -34.73457,
      "effective_velo": 79.6837,
      "max_height": null,
      "measured_duration": null,
      "speed_drop": 7.24925,
      "pitch_last_measured_x": null,
      "pitch_last_measured_y": null,
      "pitch_last_measured_z": null,
      "contact_position_x": null,
      "contact_position_y": null,
      "contact_position_z": null,
      "pitch_trajectory_xc0": 55.30437,
      "pitch_trajectory_xc1": -119.7779,
      "pitch_trajectory_xc2": 12.39343,
      "pitch_trajectory_yc0": 6.06043,
      "pitch_trajectory_yc1": 1.6494,
      "pitch_trajectory_yc2": -17.36729,
      "pitch_trajectory_zc0": -2.87817,
      "pitch_trajectory_zc1": 3.66776,
      "pitch_trajectory_zc2": 3.95876,
      "hit_spin_axis": null,
      "hit_trajectory_xc0": null,
      "hit_trajectory_xc1": null,
      "hit_trajectory_xc2": null,
      "hit_trajectory_xc3": null,
      "hit_trajectory_xc4": null,
      "hit_trajectory_xc5": null,
      "hit_trajectory_xc6": null,
      "hit_trajectory_xc7": null,
      "hit_trajectory_xc8": null,
      "hit_trajectory_yc0": null,
      "hit_trajectory_yc1": null,
      "hit_trajectory_yc2": null,
      "hit_trajectory_yc3": null,
      "hit_trajectory_yc4": null,
      "hit_trajectory_yc5": null,
      "hit_trajectory_yc6": null,
      "hit_trajectory_yc7": null,
      "hit_trajectory_yc8": null,
      "hit_trajectory_zc0": null,
      "hit_trajectory_zc1": null,
      "hit_trajectory_zc3": null,
      "hit_trajectory_zc4": null,
      "hit_trajectory_zc5": null,
      "hit_trajectory_zc6": null,
      "pitcher_throws": "Right",
      "pitcher_team_code": "LAN",
      "batter_side": "Right",
      "batter_team_code": "YOR_REV2",
      "pitcher_set": null,
      "catcher_throws": "Right",
      "top_or_bottom": "Top",
      "tagged_pitch_type": "Undefined",
      "auto_pitch_type": "Curveball",
      "pitch_call": "StrikeCalled",
      "k_or_bb": "Undefined",
      "tagged_hit_type": "Undefined",
      "play_result": "Undefined",
      "notes": "NaN",
      "auto_hit_type": null,
      "tilt": "8:15",
      "catcher_throw_catch_confidence": null,
      "catcher_throw_release_confidence": null,
      "catcher_throw_location_confidence": null,
      "pitch_release_confidence": "High",
      "pitch_location_confidence": "High",
      "pitch_movement_confidence": "High",
      "hit_launch_confidence": null,
      "hit_landing_confidence": null,
      "detected_shift": null,
      "first_b_position_at_release_x": null,
      "first_b_position_at_release_z": null,
      "second_b_position_at_release_x": null,
      "second_b_position_at_release_z": null,
      "third_b_position_at_release_x": null,
      "third_b_position_at_release_z": null,
      "ss_position_at_release_x": null,
      "ss_position_at_release_z": null,
      "lf_position_at_release_x": null,
      "lf_position_at_release_z": null,
      "cf_position_at_release_x": null,
      "cf_position_at_release_z": null,
      "rf_position_at_release_x": null,
      "rf_position_at_release_z": null,
      "first_b_player_id": null,
      "second_b_player_id": null,
      "third_b_player_id": null,
      "ss_player_id": null,
      "lf_player_id": null,
      "cf_player_id": null,
      "rf_player_id": null
    },
    {
      "hit_trajectory_zc2": null,
      "pitcher_id": "5daafe8d-9a0d-4918-9e0d-d4118c48fc8e",
      "batter_id": "9f4a121e-2007-44fb-b64e-51a83904efbb",
      "game_id": "e001364c-c94a-44b3-9a63-14544bbefed7",
      "date": "2024-05-07",
      "time": "20:07:43.52",
      "pa_of_inning": 1,
      "pitch_of_pa": 1,
      "hit_trajectory_zc7": null,
      "hit_trajectory_zc8": null,
      "throw_speed": null,
      "pop_time": null,
      "exchange_time": null,
      "time_to_base": null,
      "catch_position_x": null,
      "catch_position_y": null,
      "catch_position_z": null,
      "throw_position_x": null,
      "throw_position_y": null,
      "throw_position_z": null,
      "base_position_x": null,
      "base_position_y": null,
      "base_position_z": null,
      "throw_trajectory_xc0": null,
      "throw_trajectory_xc1": null,
      "throw_trajectory_xc2": null,
      "throw_trajectory_yc0": null,
      "throw_trajectory_yc1": null,
      "throw_trajectory_yc2": null,
      "throw_trajectory_zc0": null,
      "throw_trajectory_zc1": null,
      "throw_trajectory_zc2": null,
      "inning": 5,
      "outs": 0,
      "balls": 0,
      "strikes": 0,
      "outs_on_play": 1,
      "runs_scored": 0,
      "y0": 50.0,
      "local_date_time": "2024-05-07T20:07:43.5201742-04:00",
      "catcher_id": "f5bc2bff-8c30-47cd-9cf8-fbe6fadba999",
      "pitch_number": 142,
      "rel_speed": 88.35775,
      "vert_rel_angle": -1.045802,
      "horz_rel_angle": 2.900289,
      "spin_rate": 2225.7585,
      "spin_axis": 157.37204,
      "rel_height": 5.51337,
      "rel_side": -1.91811,
      "extension": 6.40164,
      "vert_break": -16.59395,
      "induced_vert_break": 18.43312,
      "horz_break": -7.23433,
      "plate_loc_height": 3.1675,
      "plate_loc_side": 0.14835,
      "zone_speed": 80.94917,
      "vert_appr_angle": -4.231061,
      "horz_appr_angle": 1.591818,
      "zone_time": 0.425964,
      "exit_speed": null,
      "angle": null,
      "direction": null,
      "hit_spin_rate": null,
      "position_at_110_x": null,
      "position_at_110_y": null,
      "position_at_110_z": null,
      "distance": null,
      "last_tracked_distance": null,
      "bearing": null,
      "hang_time": null,
      "pfxx": 4.59575,
      "pfxz": 10.26646,
      "x0": 1.71346,
      "z0": 5.43058,
      "vx0": -6.22921,
      "vy0": -128.36076,
      "vz0": -2.77775,
      "ax0": 7.68554,
      "ay0": 25.98796,
      "az0": -15.00528,
      "effective_velo": 88.48729,
      "max_height": null,
      "measured_duration": null,
      "speed_drop": 7.40858,
      "pitch_last_measured_x": null,
      "pitch_last_measured_y": null,
      "pitch_last_measured_z": null,
      "contact_position_x": null,
      "contact_position_y": null,
      "contact_position_z": null,
      "pitch_trajectory_xc0": 54.09789,
      "pitch_trajectory_xc1": -129.18774,
      "pitch_trajectory_xc2": 12.99398,
      "pitch_trajectory_yc0": 5.51138,
      "pitch_trajectory_yc1": -2.30025,
      "pitch_trajectory_yc2": -7.50264,
      "pitch_trajectory_zc0": 1.91558,
      "pitch_trajectory_zc1": -6.47378,
      "pitch_trajectory_zc2": 3.84277,
      "hit_spin_axis": null,
      "hit_trajectory_xc0": null,
      "hit_trajectory_xc1": null,
      "hit_trajectory_xc2": null,
      "hit_trajectory_xc3": null,
      "hit_trajectory_xc4": null,
      "hit_trajectory_xc5": null,
      "hit_trajectory_xc6": null,
      "hit_trajectory_xc7": null,
      "hit_trajectory_xc8": null,
      "hit_trajectory_yc0": null,
      "hit_trajectory_yc1": null,
      "hit_trajectory_yc2": null,
      "hit_trajectory_yc3": null,
      "hit_trajectory_yc4": null,
      "hit_trajectory_yc5": null,
      "hit_trajectory_yc6": null,
      "hit_trajectory_yc7": null,
      "hit_trajectory_yc8": null,
      "hit_trajectory_zc0": null,
      "hit_trajectory_zc1": null,
      "hit_trajectory_zc3": null,
      "hit_trajectory_zc4": null,
      "hit_trajectory_zc5": null,
      "hit_trajectory_zc6": null,
      "pitcher_throws": "Left",
      "pitcher_team_code": "LAN",
      "batter_side": "Right",
      "batter_team_code": "YOR_REV2",
      "pitcher_set": null,
      "catcher_throws": "Right",
      "top_or_bottom": "Top",
      "tagged_pitch_type": "Undefined",
      "auto_pitch_type": "Four-Seam",
      "pitch_call": "InPlay",
      "k_or_bb": "Undefined",
      "tagged_hit_type": "Popup",
      "play_result": "Out",
      "notes": "NaN",
      "auto_hit_type": null,
      "tilt": "11:15",
      "catcher_throw_catch_confidence": null,
      "catcher_throw_release_confidence": null,
      "catcher_throw_location_confidence": null,
      "pitch_release_confidence": "High",
      "pitch_location_confidence": "High",
      "pitch_movement_confidence": "High",
      "hit_launch_confidence": null,
      "hit_landing_confidence": null,
      "detected_shift": null,
      "first_b_position_at_release_x": null,
      "first_b_position_at_release_z": null,
      "second_b_position_at_release_x": null,
      "second_b_position_at_release_z": null,
      "third_b_position_at_release_x": null,
      "third_b_position_at_release_z": null,
      "ss_position_at_release_x": null,
      "ss_position_at_release_z": null,
      "lf_position_at_release_x": null,
      "lf_position_at_release_z": null,
      "cf_position_at_release_x": null,
      "cf_position_at_release_z": null,
      "rf_position_at_release_x": null,
      "rf_position_at_release_z": null,
      "first_b_player_id": null,
      "second_b_player_id": null,
      "third_b_player_id": null,
      "ss_player_id": null,
      "lf_player_id": null,
      "cf_player_id": null,
      "rf_player_id": null
    },
    {
      "hit_trajectory_zc2": 0.35149,
      "pitcher_id": "5daafe8d-9a0d-4918-9e0d-d4118c48fc8e",
      "batter_id": "9f4a121e-2007-44fb-b64e-51a83904efbb",
      "game_id": "e001364c-c94a-44b3-9a63-14544bbefed7",
      "date": "2024-05-07",
      "time": "19:25:44.28",
      "pa_of_inning": 1,
      "pitch_of_pa": 4,
      "hit_trajectory_zc7": 0.01042,
      "hit_trajectory_zc8": -0.00062,
      "throw_speed": null,
      "pop_time": null,
      "exchange_time": null,
      "time_to_base": null,
      "catch_position_x": null,
      "catch_position_y": null,
      "catch_position_z": null,
      "throw_position_x": null,
      "throw_position_y": null,
      "throw_position_z": null,
      "base_position_x": null,
      "base_position_y": null,
      "base_position_z": null,
      "throw_trajectory_xc0": null,
      "throw_trajectory_xc1": null,
      "throw_trajectory_xc2": null,
      "throw_trajectory_yc0": null,
      "throw_trajectory_yc1": null,
      "throw_trajectory_yc2": null,
      "throw_trajectory_zc0": null,
      "throw_trajectory_zc1": null,
      "throw_trajectory_zc2": null,
      "inning": 3,
      "outs": 0,
      "balls": 2,
      "strikes": 1,
      "outs_on_play": 0,
      "runs_scored": 0,
      "y0": 50.0,
      "local_date_time": "2024-05-07T19:25:44.2824398-04:00",
      "catcher_id": "f5bc2bff-8c30-47cd-9cf8-fbe6fadba999",
      "pitch_number": 69,
      "rel_speed": 89.44491,
      "vert_rel_angle": -1.535565,
      "horz_rel_angle": 2.669619,
      "spin_rate": 2287.2676,
      "spin_axis": 153.8073,
      "rel_height": 5.51586,
      "rel_side": -2.0247,
      "extension": 6.16076,
      "vert_break": -14.03705,
      "induced_vert_break": 20.91663,
      "horz_break": -9.68481,
      "plate_loc_height": 2.9257,
      "plate_loc_side": -0.36383,
      "zone_speed": 80.86124,
      "vert_appr_angle": -4.273766,
      "horz_appr_angle": 0.925211,
      "zone_time": 0.425518,
      "exit_speed": 107.66577,
      "angle": 19.710218,
      "direction": -30.212877,
      "hit_spin_rate": 2968.8242,
      "position_at_110_x": 92.08878,
      "position_at_110_y": 30.8717,
      "position_at_110_z": -60.16335,
      "distance": 285.555,
      "last_tracked_distance": 204.73206,
      "bearing": -38.379562,
      "hang_time": 2.678535,
      "pfxx": 5.84941,
      "pfxz": 11.66166,
      "x0": 1.82699,
      "z0": 5.39207,
      "vx0": -5.65213,
      "vy0": -129.7159,
      "vz0": -3.82268,
      "ax0": 9.85585,
      "ay0": 29.94316,
      "az0": -12.52494,
      "effective_velo": 88.58011,
      "max_height": 34.08255,
      "measured_duration": null,
      "speed_drop": 8.58366,
      "pitch_last_measured_x": null,
      "pitch_last_measured_y": null,
      "pitch_last_measured_z": null,
      "contact_position_x": 2.21082,
      "contact_position_y": 2.91384,
      "contact_position_z": 0.4901,
      "pitch_trajectory_xc0": 54.33651,
      "pitch_trajectory_xc1": -130.71307,
      "pitch_trajectory_xc2": 14.97158,
      "pitch_trajectory_yc0": 5.51243,
      "pitch_trajectory_yc1": -3.40557,
      "pitch_trajectory_yc2": -6.26247,
      "pitch_trajectory_zc0": 2.02069,
      "pitch_trajectory_zc1": -5.98035,
      "pitch_trajectory_zc2": 4.92792,
      "hit_spin_axis": 99.06379,
      "hit_trajectory_xc0": 2.21083,
      "hit_trajectory_xc1": 128.46376,
      "hit_trajectory_xc2": -29.62787,
      "hit_trajectory_xc3": 8.07816,
      "hit_trajectory_xc4": -2.02709,
      "hit_trajectory_xc5": 0.44152,
      "hit_trajectory_xc6": -0.08219,
      "hit_trajectory_xc7": 0.01051,
      "hit_trajectory_xc8": -0.00064,
      "hit_trajectory_yc0": 2.91384,
      "hit_trajectory_yc1": 53.25722,
      "hit_trajectory_yc2": -25.67701,
      "hit_trajectory_yc3": 2.90353,
      "hit_trajectory_yc4": -0.44318,
      "hit_trajectory_yc5": 0.04733,
      "hit_trajectory_yc6": -0.00268,
      "hit_trajectory_yc7": 0.00028,
      "hit_trajectory_yc8": -5e-05,
      "hit_trajectory_zc0": 0.49012,
      "hit_trajectory_zc1": -74.80761,
      "hit_trajectory_zc3": 2.67782,
      "hit_trajectory_zc4": -1.19264,
      "hit_trajectory_zc5": 0.36166,
      "hit_trajectory_zc6": -0.07722,
      "pitcher_throws": "Left",
      "pitcher_team_code": "LAN",
      "batter_side": "Right",
      "batter_team_code": "YOR_REV2",
      "pitcher_set": null,
      "catcher_throws": "Right",
      "top_or_bottom": "Top",
      "tagged_pitch_type": "Undefined",
      "auto_pitch_type": "Four-Seam",
      "pitch_call": "InPlay",
      "k_or_bb": "Undefined",
      "tagged_hit_type": "LineDrive",
      "play_result": "Double",
      "notes": "NaN",
      "auto_hit_type": "LineDrive",
      "tilt": "11:15",
      "catcher_throw_catch_confidence": null,
      "catcher_throw_release_confidence": null,
      "catcher_throw_location_confidence": null,
      "pitch_release_confidence": "High",
      "pitch_location_confidence": "High",
      "pitch_movement_confidence": "High",
      "hit_launch_confidence": "High",
      "hit_landing_confidence": "Medium",
      "detected_shift": null,
      "first_b_position_at_release_x": null,
      "first_b_position_at_release_z": null,
      "second_b_position_at_release_x": null,
      "second_b_position_at_release_z": null,
      "third_b_position_at_release_x": null,
      "third_b_position_at_release_z": null,
      "ss_position_at_release_x": null,
      "ss_position_at_release_z": null,
      "lf_position_at_release_x": null,
      "lf_position_at_release_z": null,
      "cf_position_at_release_x": null,
      "cf_position_at_release_z": null,
      "rf_position_at_release_x": null,
      "rf_position_at_release_z": null,
      "first_b_player_id": null,
      "second_b_player_id": null,
      "third_b_player_id": null,
      "ss_player_id": null,
      "lf_player_id": null,
      "cf_player_id": null,
      "rf_player_id": null
    },
    {
      "hit_trajectory_zc2": null,
      "pitcher_id": "5daafe8d-9a0d-4918-9e0d-d4118c48fc8e",
      "batter_id": "9f4a121e-2007-44fb-b64e-51a83904efbb",
      "game_id": "e001364c-c94a-44b3-9a63-14544bbefed7",
      "date": "2024-05-07",
      "time": "19:25:30.26",
      "pa_of_inning": 1,
      "pitch_of_pa": 3,
      "hit_trajectory_zc7": null,
      "hit_trajectory_zc8": null,
      "throw_speed": null,
      "pop_time": null,
      "exchange_time": null,
      "time_to_base": null,
      "catch_position_x": null,
      "catch_position_y": null,
      "catch_position_z": null,
      "throw_position_x": null,
      "throw_position_y": null,
      "throw_position_z": null,
      "base_position_x": null,
      "base_position_y": null,
      "base_position_z": null,
      "throw_trajectory_xc0": null,
      "throw_trajectory_xc1": null,
      "throw_trajectory_xc2": null,
      "throw_trajectory_yc0": null,
      "throw_trajectory_yc1": null,
      "throw_trajectory_yc2": null,
      "throw_trajectory_zc0": null,
      "throw_trajectory_zc1": null,
      "throw_trajectory_zc2": null,
      "inning": 3,
      "outs": 0,
      "balls": 1,
      "strikes": 1,
      "outs_on_play": 0,
      "runs_scored": 0,
      "y0": 50.0,
      "local_date_time": "2024-05-07T19:25:30.2620878-04:00",
      "catcher_id": "f5bc2bff-8c30-47cd-9cf8-fbe6fadba999",
      "pitch_number": 68,
      "rel_speed": 81.80688,
      "vert_rel_angle": -0.795494,
      "horz_rel_angle": 5.171914,
      "spin_rate": 1773.9707,
      "spin_axis": 109.15084,
      "rel_height": 5.32803,
      "rel_side": -2.19542,
      "extension": 6.66262,
      "vert_break": -33.87675,
      "induced_vert_break": 6.84733,
      "horz_break": -16.00119,
      "plate_loc_height": 1.77405,
      "plate_loc_side": 1.21646,
      "zone_speed": 75.02956,
      "vert_appr_angle": -7.1463,
      "horz_appr_angle": 2.271609,
      "zone_time": 0.459301,
      "exit_speed": null,
      "angle": null,
      "direction": null,
      "hit_spin_rate": null,
      "position_at_110_x": null,
      "position_at_110_y": null,
      "position_at_110_z": null,
      "distance": null,
      "last_tracked_distance": null,
      "bearing": null,
      "hang_time": null,
      "pfxx": 9.8304,
      "pfxz": 4.23851,
      "x0": 1.85312,
      "z0": 5.26101,
      "vx0": -10.17101,
      "vy0": -118.56054,
      "vz0": -2.58797,
      "ax0": 14.00447,
      "ay0": 22.4829,
      "az0": -26.13582,
      "effective_velo": 82.06487,
      "max_height": null,
      "measured_duration": null,
      "speed_drop": 6.77732,
      "pitch_last_measured_x": null,
      "pitch_last_measured_y": null,
      "pitch_last_measured_z": null,
      "contact_position_x": null,
      "contact_position_y": null,
      "contact_position_z": null,
      "pitch_trajectory_xc0": 53.83647,
      "pitch_trajectory_xc1": -119.28584,
      "pitch_trajectory_xc2": 11.24145,
      "pitch_trajectory_yc0": 5.3309,
      "pitch_trajectory_yc1": -1.74483,
      "pitch_trajectory_yc2": -13.06791,
      "pitch_trajectory_zc0": 2.18853,
      "pitch_trajectory_zc1": -10.62279,
      "pitch_trajectory_zc2": 7.00223,
      "hit_spin_axis": null,
      "hit_trajectory_xc0": null,
      "hit_trajectory_xc1": null,
      "hit_trajectory_xc2": null,
      "hit_trajectory_xc3": null,
      "hit_trajectory_xc4": null,
      "hit_trajectory_xc5": null,
      "hit_trajectory_xc6": null,
      "hit_trajectory_xc7": null,
      "hit_trajectory_xc8": null,
      "hit_trajectory_yc0": null,
      "hit_trajectory_yc1": null,
      "hit_trajectory_yc2": null,
      "hit_trajectory_yc3": null,
      "hit_trajectory_yc4": null,
      "hit_trajectory_yc5": null,
      "hit_trajectory_yc6": null,
      "hit_trajectory_yc7": null,
      "hit_trajectory_yc8": null,
      "hit_trajectory_zc0": null,
      "hit_trajectory_zc1": null,
      "hit_trajectory_zc3": null,
      "hit_trajectory_zc4": null,
      "hit_trajectory_zc5": null,
      "hit_trajectory_zc6": null,
      "pitcher_throws": "Left",
      "pitcher_team_code": "LAN",
      "batter_side": "Right",
      "batter_team_code": "YOR_REV2",
      "pitcher_set": null,
      "catcher_throws": "Right",
      "top_or_bottom": "Top",
      "tagged_pitch_type": "Undefined",
      "auto_pitch_type": "Changeup",
      "pitch_call": "BallCalled",
      "k_or_bb": "Undefined",
      "tagged_hit_type": "Undefined",
      "play_result": "Undefined",
      "notes": "NaN",
      "auto_hit_type": null,
      "tilt": "9:45",
      "catcher_throw_catch_confidence": null,
      "catcher_throw_release_confidence": null,
      "catcher_throw_location_confidence": null,
      "pitch_release_confidence": "High",
      "pitch_location_confidence": "High",
      "pitch_movement_confidence": "High",
      "hit_launch_confidence": null,
      "hit_landing_confidence": null,
      "detected_shift": null,
      "first_b_position_at_release_x": null,
      "first_b_position_at_release_z": null,
      "second_b_position_at_release_x": null,
      "second_b_position_at_release_z": null,
      "third_b_position_at_release_x": null,
      "third_b_position_at_release_z": null,
      "ss_position_at_release_x": null,
      "ss_position_at_release_z": null,
      "lf_position_at_release_x": null,
      "lf_position_at_release_z": null,
      "cf_position_at_release_x": null,
      "cf_position_at_release_z": null,
      "rf_position_at_release_x": null,
      "rf_position_at_release_z": null,
      "first_b_player_id": null,
      "second_b_player_id": null,
      "third_b_player_id": null,
      "ss_player_id": null,
      "lf_player_id": null,
      "cf_player_id": null,
      "rf_player_id": null
    },
    {
      "hit_trajectory_zc2": null,
      "pitcher_id": "5daafe8d-9a0d-4918-9e0d-d4118c48fc8e",
      "batter_id": "9f4a121e-2007-44fb-b64e-51a83904efbb",
      "game_id": "e001364c-c94a-44b3-9a63-14544bbefed7",
      "date": "2024-05-07",
      "time": "19:25:15.27",
      "pa_of_inning": 1,
      "pitch_of_pa": 2,
      "hit_trajectory_zc7": null,
      "hit_trajectory_zc8": null,
      "throw_speed": null,
      "pop_time": null,
      "exchange_time": null,
      "time_to_base": null,
      "catch_position_x": null,
      "catch_position_y": null,
      "catch_position_z": null,
      "throw_position_x": null,
      "throw_position_y": null,
      "throw_position_z": null,
      "base_position_x": null,
      "base_position_y": null,
      "base_position_z": null,
      "throw_trajectory_xc0": null,
      "throw_trajectory_xc1": null,
      "throw_trajectory_xc2": null,
      "throw_trajectory_yc0": null,
      "throw_trajectory_yc1": null,
      "throw_trajectory_yc2": null,
      "throw_trajectory_zc0": null,
      "throw_trajectory_zc1": null,
      "throw_trajectory_zc2": null,
      "inning": 3,
      "outs": 0,
      "balls": 1,
      "strikes": 0,
      "outs_on_play": 0,
      "runs_scored": 0,
      "y0": 50.0,
      "local_date_time": "2024-05-07T19:25:15.2720590-04:00",
      "catcher_id": "f5bc2bff-8c30-47cd-9cf8-fbe6fadba999",
      "pitch_number": 67,
      "rel_speed": 89.03403,
      "vert_rel_angle": -2.442477,
      "horz_rel_angle": 3.407171,
      "spin_rate": 2302.5095,
      "spin_axis": 147.50839,
      "rel_height": 5.50564,
      "rel_side": -1.88251,
      "extension": 6.19673,
      "vert_break": -16.00686,
      "induced_vert_break": 19.21269,
      "horz_break": -11.4569,
      "plate_loc_height": 1.91159,
      "plate_loc_side": 0.31181,
      "zone_speed": 80.76555,
      "vert_appr_angle": -5.526299,
      "horz_appr_angle": 1.34377,
      "zone_time": 0.427133,
      "exit_speed": null,
      "angle": null,
      "direction": null,
      "hit_spin_rate": null,
      "position_at_110_x": null,
      "position_at_110_y": null,
      "position_at_110_z": null,
      "distance": null,
      "last_tracked_distance": null,
      "bearing": null,
      "hang_time": null,
      "pfxx": 6.9113,
      "pfxz": 11.01528,
      "x0": 1.6313,
      "z0": 5.31322,
      "vx0": -7.20316,
      "vy0": -128.97993,
      "vz0": -5.92221,
      "ax0": 11.55426,
      "ay0": 28.72365,
      "az0": -13.75878,
      "effective_velo": 88.24514,
      "max_height": null,
      "measured_duration": null,
      "speed_drop": 8.26848,
      "pitch_last_measured_x": null,
      "pitch_last_measured_y": null,
      "pitch_last_measured_z": null,
      "contact_position_x": null,
      "contact_position_y": null,
      "contact_position_z": null,
      "pitch_trajectory_xc0": 54.29933,
      "pitch_trajectory_xc1": -129.93385,
      "pitch_trajectory_xc2": 14.36182,
      "pitch_trajectory_yc0": 5.50231,
      "pitch_trajectory_yc1": -5.46528,
      "pitch_trajectory_yc2": -6.87939,
      "pitch_trajectory_zc0": 1.87689,
      "pitch_trajectory_zc1": -7.58688,
      "pitch_trajectory_zc2": 5.77713,
      "hit_spin_axis": null,
      "hit_trajectory_xc0": null,
      "hit_trajectory_xc1": null,
      "hit_trajectory_xc2": null,
      "hit_trajectory_xc3": null,
      "hit_trajectory_xc4": null,
      "hit_trajectory_xc5": null,
      "hit_trajectory_xc6": null,
      "hit_trajectory_xc7": null,
      "hit_trajectory_xc8": null,
      "hit_trajectory_yc0": null,
      "hit_trajectory_yc1": null,
      "hit_trajectory_yc2": null,
      "hit_trajectory_yc3": null,
      "hit_trajectory_yc4": null,
      "hit_trajectory_yc5": null,
      "hit_trajectory_yc6": null,
      "hit_trajectory_yc7": null,
      "hit_trajectory_yc8": null,
      "hit_trajectory_zc0": null,
      "hit_trajectory_zc1": null,
      "hit_trajectory_zc3": null,
      "hit_trajectory_zc4": null,
      "hit_trajectory_zc5": null,
      "hit_trajectory_zc6": null,
      "pitcher_throws": "Left",
      "pitcher_team_code": "LAN",
      "batter_side": "Right",
      "batter_team_code": "YOR_REV2",
      "pitcher_set": null,
      "catcher_throws": "Right",
      "top_or_bottom": "Top",
      "tagged_pitch_type": "Undefined",
      "auto_pitch_type": "Four-Seam",
      "pitch_call": "StrikeSwinging",
      "k_or_bb": "Undefined",
      "tagged_hit_type": "Undefined",
      "play_result": "Undefined",
      "notes": "NaN",
      "auto_hit_type": null,
      "tilt": "11:00",
      "catcher_throw_catch_confidence": null,
      "catcher_throw_release_confidence": null,
      "catcher_throw_location_confidence": null,
      "pitch_release_confidence": "High",
      "pitch_location_confidence": "High",
      "pitch_movement_confidence": "High",
      "hit_launch_confidence": null,
      "hit_landing_confidence": null,
      "detected_shift": null,
      "first_b_position_at_release_x": null,
      "first_b_position_at_release_z": null,
      "second_b_position_at_release_x": null,
      "second_b_position_at_release_z": null,
      "third_b_position_at_release_x": null,
      "third_b_position_at_release_z": null,
      "ss_position_at_release_x": null,
      "ss_position_at_release_z": null,
      "lf_position_at_release_x": null,
      "lf_position_at_release_z": null,
      "cf_position_at_release_x": null,
      "cf_position_at_release_z": null,
      "rf_position_at_release_x": null,
      "rf_position_at_release_z": null,
      "first_b_player_id": null,
      "second_b_player_id": null,
      "third_b_player_id": null,
      "ss_player_id": null,
      "lf_player_id": null,
      "cf_player_id": null,
      "rf_player_id": null
    },
    {
      "hit_trajectory_zc2": null,
      "pitcher_id": "5daafe8d-9a0d-4918-9e0d-d4118c48fc8e",
      "batter_id": "9f4a121e-2007-44fb-b64e-51a83904efbb",
      "game_id": "e001364c-c94a-44b3-9a63-14544bbefed7",
      "date": "2024-05-07",
      "time": "19:25:02.67",
      "pa_of_inning": 1,
      "pitch_of_pa": 1,
      "hit_trajectory_zc7": null,
      "hit_trajectory_zc8": null,
      "throw_speed": null,
      "pop_time": null,
      "exchange_time": null,
      "time_to_base": null,
      "catch_position_x": null,
      "catch_position_y": null,
      "catch_position_z": null,
      "throw_position_x": null,
      "throw_position_y": null,
      "throw_position_z": null,
      "base_position_x": null,
      "base_position_y": null,
      "base_position_z": null,
      "throw_trajectory_xc0": null,
      "throw_trajectory_xc1": null,
      "throw_trajectory_xc2": null,
      "throw_trajectory_yc0": null,
      "throw_trajectory_yc1": null,
      "throw_trajectory_yc2": null,
      "throw_trajectory_zc0": null,
      "throw_trajectory_zc1": null,
      "throw_trajectory_zc2": null,
      "inning": 3,
      "outs": 0,
      "balls": 0,
      "strikes": 0,
      "outs_on_play": 0,
      "runs_scored": 0,
      "y0": 50.0,
      "local_date_time": "2024-05-07T19:25:02.6798286-04:00",
      "catcher_id": "f5bc2bff-8c30-47cd-9cf8-fbe6fadba999",
      "pitch_number": 66,
      "rel_speed": 89.56493,
      "vert_rel_angle": -2.519291,
      "horz_rel_angle": 4.639296,
      "spin_rate": 2214.9827,
      "spin_axis": 152.38652,
      "rel_height": 5.48097,
      "rel_side": -1.7929,
      "extension": 6.36327,
      "vert_break": -13.96391,
      "induced_vert_break": 20.67064,
      "horz_break": -10.18847,
      "plate_loc_height": 1.98982,
      "plate_loc_side": 1.63671,
      "zone_speed": 81.29473,
      "vert_appr_angle": -5.238653,
      "horz_appr_angle": 2.803932,
      "zone_time": 0.423571,
      "exit_speed": null,
      "angle": null,
      "direction": null,
      "hit_spin_rate": null,
      "position_at_110_x": null,
      "position_at_110_y": null,
      "position_at_110_z": null,
      "distance": null,
      "last_tracked_distance": null,
      "bearing": null,
      "hang_time": null,
      "pfxx": 6.76067,
      "pfxz": 11.92949,
      "x0": 1.46152,
      "z0": 5.29157,
      "vx0": -10.12701,
      "vy0": -129.6492,
      "vz0": -6.05883,
      "ax0": 11.42157,
      "ay0": 28.98872,
      "az0": -12.02018,
      "effective_velo": 88.98731,
      "max_height": null,
      "measured_duration": null,
      "speed_drop": 8.2702,
      "pitch_last_measured_x": null,
      "pitch_last_measured_y": null,
      "pitch_last_measured_z": null,
      "contact_position_x": null,
      "contact_position_y": null,
      "contact_position_z": null,
      "pitch_trajectory_xc0": 54.13597,
      "pitch_trajectory_xc1": -130.5707,
      "pitch_trajectory_xc2": 14.49436,
      "pitch_trajectory_yc0": 5.4781,
      "pitch_trajectory_yc1": -5.67673,
      "pitch_trajectory_yc2": -6.01009,
      "pitch_trajectory_zc0": 1.78921,
      "pitch_trajectory_zc1": -10.49009,
      "pitch_trajectory_zc2": 5.71079,
      "hit_spin_axis": null,
      "hit_trajectory_xc0": null,
      "hit_trajectory_xc1": null,
      "hit_trajectory_xc2": null,
      "hit_trajectory_xc3": null,
      "hit_trajectory_xc4": null,
      "hit_trajectory_xc5": null,
      "hit_trajectory_xc6": null,
      "hit_trajectory_xc7": null,
      "hit_trajectory_xc8": null,
      "hit_trajectory_yc0": null,
      "hit_trajectory_yc1": null,
      "hit_trajectory_yc2": null,
      "hit_trajectory_yc3": null,
      "hit_trajectory_yc4": null,
      "hit_trajectory_yc5": null,
      "hit_trajectory_yc6": null,
      "hit_trajectory_yc7": null,
      "hit_trajectory_yc8": null,
      "hit_trajectory_zc0": null,
      "hit_trajectory_zc1": null,
      "hit_trajectory_zc3": null,
      "hit_trajectory_zc4": null,
      "hit_trajectory_zc5": null,
      "hit_trajectory_zc6": null,
      "pitcher_throws": "Left",
      "pitcher_team_code": "LAN",
      "batter_side": "Right",
      "batter_team_code": "YOR_REV2",
      "pitcher_set": null,
      "catcher_throws": "Right",
      "top_or_bottom": "Top",
      "tagged_pitch_type": "Undefined",
      "auto_pitch_type": "Four-Seam",
      "pitch_call": "BallCalled",
      "k_or_bb": "Undefined",
      "tagged_hit_type": "Undefined",
      "play_result": "Undefined",
      "notes": "NaN",
      "auto_hit_type": null,
      "tilt": "11:00",
      "catcher_throw_catch_confidence": null,
      "catcher_throw_release_confidence": null,
      "catcher_throw_location_confidence": null,
      "pitch_release_confidence": "High",
      "pitch_location_confidence": "High",
      "pitch_movement_confidence": "High",
      "hit_launch_confidence": null,
      "hit_landing_confidence": null,
      "detected_shift": null,
      "first_b_position_at_release_x": null,
      "first_b_position_at_release_z": null,
      "second_b_position_at_release_x": null,
      "second_b_position_at_release_z": null,
      "third_b_position_at_release_x": null,
      "third_b_position_at_release_z": null,
      "ss_position_at_release_x": null,
      "ss_position_at_release_z": null,
      "lf_position_at_release_x": null,
      "lf_position_at_release_z": null,
      "cf_position_at_release_x": null,
      "cf_position_at_release_z": null,
      "rf_position_at_release_x": null,
      "rf_position_at_release_z": null,
      "first_b_player_id": null,
      "second_b_player_id": null,
      "third_b_player_id": null,
      "ss_player_id": null,
      "lf_player_id": null,
      "cf_player_id": null,
      "rf_player_id": null
    }
  ],
  "meta": {
    "page": 1,
    "limit": 1000,
    "total": 14
  }
}