{
  "success": true,
  "message": "Pitches retrieved successfully",
  "data": [
    {
      "hit_trajectory_zc2": null,
      "pitcher_id": "aa7a878e-14d2-4777-967c-4a0a52b60e01",
      "batter_id": "a11dadf0-f476-40d8-bd9e-043e89d1104c",
      "game_id": "0bd6ceec-3647-43ed-9b89-eddf453e9122",
      "date": "2024-06-05",
      "time": "20:42:40.59",
      "pa_of_inning": 4,
      "pitch_of_pa": 4,
      "hit_trajectory_zc7": null,
      "hit_trajectory_zc8": null,
      "throw_speed": 60.29271,
      "pop_time": 3.032546,
      "exchange_time": 1.928909,
      "time_to_base": 1.103638,
      "catch_position_x": -1.84738,
      "catch_position_y": 2.1099,
      "catch_position_z": -0.7051,
      "throw_position_x": -3.84369,
      "throw_position_y": 5.24199,
      "throw_position_z": 6.26755,
      "base_position_x": 59.44357,
      "base_position_y": 4.15648,
      "base_position_z": 65.33866,
      "throw_trajectory_xc0": -3.74215,
      "throw_trajectory_xc1": 65.28321,
      "throw_trajectory_xc2": -7.25654,
      "throw_trajectory_yc0": 5.33082,
      "throw_trajectory_yc1": 16.11675,
      "throw_trajectory_yc2": -15.54711,
      "throw_trajectory_zc0": 6.26462,
      "throw_trajectory_zc1": 55.92119,
      "throw_trajectory_zc2": -2.17055,
      "inning": 6,
      "outs": 2,
      "balls": 1,
      "strikes": 2,
      "outs_on_play": 0,
      "runs_scored": 0,
      "y0": 50.0,
      "local_date_time": "2024-06-05T20:42:40.5980000-04:00",
      "catcher_id": "587be537-e612-432b-8f68-3640f6bc3332",
      "pitch_number": 210,
      "rel_speed": 81.32605,
      "vert_rel_angle": -0.878792,
      "horz_rel_angle": -2.428195,
      "spin_rate": 1600.6815,
      "spin_axis": 216.14287,
      "rel_height": 5.65566,
      "rel_side": 2.2479,
      "extension": 5.99408,
      "vert_break": -28.39265,
      "induced_vert_break": 13.68572,
      "horz_break": 9.02221,
      "plate_loc_height": 2.47444,
      "plate_loc_side": 0.74822,
      "zone_speed": 74.52853,
      "vert_appr_angle": -6.188016,
      "horz_appr_angle": -0.806787,
      "zone_time": 0.466875,
      "exit_speed": null,
      "angle": null,
      "direction": null,
      "hit_spin_rate": null,
      "position_at_110_x": null,
      "position_at_110_y": null,
      "position_at_110_z": null,
      "distance": null,
      "last_tracked_distance": null,
      "bearing": null,
      "hang_time": null,
      "pfxx": -5.28811,
      "pfxz": 7.68595,
      "x0": -2.06139,
      "z0": 5.57077,
      "vx0": 4.66024,
      "vy0": -118.05849,
      "vz0": -2.64871,
      "ax0": -7.46918,
      "ay0": 22.31132,
      "az0": -21.31805,
      "effective_velo": 80.73341,
      "max_height": null,
      "measured_duration": null,
      "speed_drop": 6.79752,
      "pitch_last_measured_x": null,
      "pitch_last_measured_y": null,
      "pitch_last_measured_z": null,
      "contact_position_x": null,
      "contact_position_y": null,
      "contact_position_z": null,
      "pitch_trajectory_xc0": 54.50283,
      "pitch_trajectory_xc1": -118.90641,
      "pitch_trajectory_xc2": 11.15566,
      "pitch_trajectory_yc0": 5.65603,
      "pitch_trajectory_yc1": -1.83853,
      "pitch_trajectory_yc2": -10.65903,
      "pitch_trajectory_zc0": -2.24389,
      "pitch_trajectory_zc1": 4.9441,
      "pitch_trajectory_zc2": -3.73459,
      "hit_spin_axis": null,
      "hit_trajectory_xc0": null,
      "hit_trajectory_xc1": null,
      "hit_trajectory_xc2": null,
      "hit_trajectory_xc3": null,
      "hit_trajectory_xc4": null,
      "hit_trajectory_xc5": null,
      "hit_trajectory_xc6": null,
      "hit_trajectory_xc7": null,
      "hit_trajectory_xc8": null,
      "hit_trajectory_yc0": null,
      "hit_trajectory_yc1": null,
      "hit_trajectory_yc2": null,
      "hit_trajectory_yc3": null,
      "hit_trajectory_yc4": null,
      "hit_trajectory_yc5": null,
      "hit_trajectory_yc6": null,
      "hit_trajectory_yc7": null,
      "hit_trajectory_yc8": null,
      "hit_trajectory_zc0": null,
      "hit_trajectory_zc1": null,
      "hit_trajectory_zc3": null,
      "hit_trajectory_zc4": null,
      "hit_trajectory_zc5": null,
      "hit_trajectory_zc6": null,
      "pitcher_throws": "Right",
      "pitcher_team_code": "LEX_LEG",
      "batter_side": "Right",
      "batter_team_code": "SMD",
      "pitcher_set": null,
      "catcher_throws": "Right",
      "top_or_bottom": "Bottom",
      "tagged_pitch_type": "Undefined",
      "auto_pitch_type": "Changeup",
      "pitch_call": "StrikeSwinging",
      "k_or_bb": "Strikeout",
      "tagged_hit_type": "Undefined",
      "play_result": "Undefined",
      "notes": "NaN",
      "auto_hit_type": null,
      "tilt": "1:15",
      "catcher_throw_catch_confidence": "Medium",
      "catcher_throw_release_confidence": "High",
      "catcher_throw_location_confidence": "High",
      "pitch_release_confidence": "High",
      "pitch_location_confidence": "High",
      "pitch_movement_confidence": "High",
      "hit_launch_confidence": null,
      "hit_landing_confidence": null,
      "detected_shift": null,
      "first_b_position_at_release_x": null,
      "first_b_position_at_release_z": null,
      "second_b_position_at_release_x": null,
      "second_b_position_at_release_z": null,
      "third_b_position_at_release_x": null,
      "third_b_position_at_release_z": null,
      "ss_position_at_release_x": null,
      "ss_position_at_release_z": null,
      "lf_position_at_release_x": null,
      "lf_position_at_release_z": null,
      "cf_position_at_release_x": null,
      "cf_position_at_release_z": null,
      "rf_position_at_release_x": null,
      "rf_position_at_release_z": null,
      "first_b_player_id": null,
      "second_b_player_id": null,
      "third_b_player_id": null,
      "ss_player_id": null,
      "lf_player_id": null,
      "cf_player_id": null,
      "rf_player_id": null
    },
    {
      "hit_trajectory_zc2": null,
      "pitcher_id": "aa7a878e-14d2-4777-967c-4a0a52b60e01",
      "batter_id": "a11dadf0-f476-40d8-bd9e-043e89d1104c",
      "game_id": "0bd6ceec-3647-43ed-9b89-eddf453e9122",
      "date": "2024-06-05",
      "time": "20:42:23.07",
      "pa_of_inning": 4,
      "pitch_of_pa": 3,
      "hit_trajectory_zc7": null,
      "hit_trajectory_zc8": null,
      "throw_speed": null,
      "pop_time": null,
      "exchange_time": null,
      "time_to_base": null,
      "catch_position_x": null,
      "catch_position_y": null,
      "catch_position_z": null,
      "throw_position_x": null,
      "throw_position_y": null,
      "throw_position_z": null,
      "base_position_x": null,
      "base_position_y": null,
      "base_position_z": null,
      "throw_trajectory_xc0": null,
      "throw_trajectory_xc1": null,
      "throw_trajectory_xc2": null,
      "throw_trajectory_yc0": null,
      "throw_trajectory_yc1": null,
      "throw_trajectory_yc2": null,
      "throw_trajectory_zc0": null,
      "throw_trajectory_zc1": null,
      "throw_trajectory_zc2": null,
      "inning": 6,
      "outs": 2,
      "balls": 1,
      "strikes": 1,
      "outs_on_play": 0,
      "runs_scored": 0,
      "y0": 50.0,
      "local_date_time": "2024-06-05T20:42:23.0745194-04:00",
      "catcher_id": "587be537-e612-432b-8f68-3640f6bc3332",
      "pitch_number": 209,
      "rel_speed": 82.07572,
      "vert_rel_angle": -2.123085,
      "horz_rel_angle": -3.834648,
      "spin_rate": 1620.2383,
      "spin_axis": 212.69826,
      "rel_height": 5.70455,
      "rel_side": 2.18569,
      "extension": 5.84377,
      "vert_break": -25.71934,
      "induced_vert_break": 16.43631,
      "horz_break": 9.58764,
      "plate_loc_height": 1.58293,
      "plate_loc_side": -0.58427,
      "zone_speed": 74.445,
      "vert_appr_angle": -6.952947,
      "horz_appr_angle": -2.11998,
      "zone_time": 0.467304,
      "exit_speed": null,
      "angle": null,
      "direction": null,
      "hit_spin_rate": null,
      "position_at_110_x": null,
      "position_at_110_y": null,
      "position_at_110_z": null,
      "distance": null,
      "last_tracked_distance": null,
      "bearing": null,
      "hang_time": null,
      "pfxx": -6.06953,
      "pfxz": 9.49048,
      "x0": -1.87879,
      "z0": 5.51643,
      "vx0": 7.58096,
      "vy0": -118.76247,
      "vz0": -5.16542,
      "ax0": -8.57857,
      "ay0": 24.95254,
      "az0": -18.76042,
      "effective_velo": 80.65938,
      "max_height": null,
      "measured_duration": null,
      "speed_drop": 7.63072,
      "pitch_last_measured_x": null,
      "pitch_last_measured_y": null,
      "pitch_last_measured_z": null,
      "contact_position_x": null,
      "contact_position_y": null,
      "contact_position_z": null,
      "pitch_trajectory_xc0": 54.652,
      "pitch_trajectory_xc1": -119.73589,
      "pitch_trajectory_xc2": 12.47627,
      "pitch_trajectory_yc0": 5.70366,
      "pitch_trajectory_yc1": -4.43356,
      "pitch_trajectory_yc2": -9.38021,
      "pitch_trajectory_zc0": -2.18106,
      "pitch_trajectory_zc1": 7.91562,
      "pitch_trajectory_zc2": -4.28928,
      "hit_spin_axis": null,
      "hit_trajectory_xc0": null,
      "hit_trajectory_xc1": null,
      "hit_trajectory_xc2": null,
      "hit_trajectory_xc3": null,
      "hit_trajectory_xc4": null,
      "hit_trajectory_xc5": null,
      "hit_trajectory_xc6": null,
      "hit_trajectory_xc7": null,
      "hit_trajectory_xc8": null,
      "hit_trajectory_yc0": null,
      "hit_trajectory_yc1": null,
      "hit_trajectory_yc2": null,
      "hit_trajectory_yc3": null,
      "hit_trajectory_yc4": null,
      "hit_trajectory_yc5": null,
      "hit_trajectory_yc6": null,
      "hit_trajectory_yc7": null,
      "hit_trajectory_yc8": null,
      "hit_trajectory_zc0": null,
      "hit_trajectory_zc1": null,
      "hit_trajectory_zc3": null,
      "hit_trajectory_zc4": null,
      "hit_trajectory_zc5": null,
      "hit_trajectory_zc6": null,
      "pitcher_throws": "Right",
      "pitcher_team_code": "LEX_LEG",
      "batter_side": "Right",
      "batter_team_code": "SMD",
      "pitcher_set": null,
      "catcher_throws": "Right",
      "top_or_bottom": "Bottom",
      "tagged_pitch_type": "Undefined",
      "auto_pitch_type": "Changeup",
      "pitch_call": "StrikeSwinging",
      "k_or_bb": "Undefined",
      "tagged_hit_type": "Undefined",
      "play_result": "Undefined",
      "notes": "NaN",
      "auto_hit_type": null,
      "tilt": "1:00",
      "catcher_throw_catch_confidence": null,
      "catcher_throw_release_confidence": null,
      "catcher_throw_location_confidence": null,
      "pitch_release_confidence": "High",
      "pitch_location_confidence": "High",
      "pitch_movement_confidence": "High",
      "hit_launch_confidence": null,
      "hit_landing_confidence": null,
      "detected_shift": null,
      "first_b_position_at_release_x": null,
      "first_b_position_at_release_z": null,
      "second_b_position_at_release_x": null,
      "second_b_position_at_release_z": null,
      "third_b_position_at_release_x": null,
      "third_b_position_at_release_z": null,
      "ss_position_at_release_x": null,
      "ss_position_at_release_z": null,
      "lf_position_at_release_x": null,
      "lf_position_at_release_z": null,
      "cf_position_at_release_x": null,
      "cf_position_at_release_z": null,
      "rf_position_at_release_x": null,
      "rf_position_at_release_z": null,
      "first_b_player_id": null,
      "second_b_player_id": null,
      "third_b_player_id": null,
      "ss_player_id": null,
      "lf_player_id": null,
      "cf_player_id": null,
      "rf_player_id": null
    },
    {
      "hit_trajectory_zc2": null,
      "pitcher_id": "aa7a878e-14d2-4777-967c-4a0a52b60e01",
      "batter_id": "a11dadf0-f476-40d8-bd9e-043e89d1104c",
      "game_id": "0bd6ceec-3647-43ed-9b89-eddf453e9122",
      "date": "2024-06-05",
      "time": "20:42:05.02",
      "pa_of_inning": 4,
      "pitch_of_pa": 2,
      "hit_trajectory_zc7": null,
      "hit_trajectory_zc8": null,
      "throw_speed": null,
      "pop_time": null,
      "exchange_time": null,
      "time_to_base": null,
      "catch_position_x": null,
      "catch_position_y": null,
      "catch_position_z": null,
      "throw_position_x": null,
      "throw_position_y": null,
      "throw_position_z": null,
      "base_position_x": null,
      "base_position_y": null,
      "base_position_z": null,
      "throw_trajectory_xc0": null,
      "throw_trajectory_xc1": null,
      "throw_trajectory_xc2": null,
      "throw_trajectory_yc0": null,
      "throw_trajectory_yc1": null,
      "throw_trajectory_yc2": null,
      "throw_trajectory_zc0": null,
      "throw_trajectory_zc1": null,
      "throw_trajectory_zc2": null,
      "inning": 6,
      "outs": 2,
      "balls": 1,
      "strikes": 0,
      "outs_on_play": 0,
      "runs_scored": 0,
      "y0": 50.0,
      "local_date_time": "2024-06-05T20:42:05.0269290-04:00",
      "catcher_id": "587be537-e612-432b-8f68-3640f6bc3332",
      "pitch_number": 208,
      "rel_speed": 88.22934,
      "vert_rel_angle": -0.419325,
      "horz_rel_angle": -2.40118,
      "spin_rate": 2160.3694,
      "spin_axis": 204.2424,
      "rel_height": 5.52776,
      "rel_side": 2.1115,
      "extension": 6.25403,
      "vert_break": -19.34273,
      "induced_vert_break": 16.38513,
      "horz_break": 6.82532,
      "plate_loc_height": 3.52883,
      "plate_loc_side": 0.46472,
      "zone_speed": 79.87035,
      "vert_appr_angle": -4.123,
      "horz_appr_angle": -1.169324,
      "zone_time": 0.430205,
      "exit_speed": null,
      "angle": null,
      "direction": null,
      "hit_spin_rate": null,
      "position_at_110_x": null,
      "position_at_110_y": null,
      "position_at_110_z": null,
      "distance": null,
      "last_tracked_distance": null,
      "bearing": null,
      "hang_time": null,
      "pfxx": -4.24433,
      "pfxz": 8.97237,
      "x0": -1.93624,
      "z0": 5.48698,
      "vx0": 5.08751,
      "vy0": -128.01352,
      "vz0": -1.46792,
      "ax0": -6.97707,
      "ay0": 28.73721,
      "az0": -17.42474,
      "effective_velo": 87.61516,
      "max_height": null,
      "measured_duration": null,
      "speed_drop": 8.35899,
      "pitch_last_measured_x": null,
      "pitch_last_measured_y": null,
      "pitch_last_measured_z": null,
      "contact_position_x": null,
      "contact_position_y": null,
      "contact_position_z": null,
      "pitch_trajectory_xc0": 54.24107,
      "pitch_trajectory_xc1": -128.96207,
      "pitch_trajectory_xc2": 14.36861,
      "pitch_trajectory_yc0": 5.52594,
      "pitch_trajectory_yc1": -0.89277,
      "pitch_trajectory_yc2": -8.71237,
      "pitch_trajectory_zc0": -2.10797,
      "pitch_trajectory_zc1": 5.31781,
      "pitch_trajectory_zc2": -3.48853,
      "hit_spin_axis": null,
      "hit_trajectory_xc0": null,
      "hit_trajectory_xc1": null,
      "hit_trajectory_xc2": null,
      "hit_trajectory_xc3": null,
      "hit_trajectory_xc4": null,
      "hit_trajectory_xc5": null,
      "hit_trajectory_xc6": null,
      "hit_trajectory_xc7": null,
      "hit_trajectory_xc8": null,
      "hit_trajectory_yc0": null,
      "hit_trajectory_yc1": null,
      "hit_trajectory_yc2": null,
      "hit_trajectory_yc3": null,
      "hit_trajectory_yc4": null,
      "hit_trajectory_yc5": null,
      "hit_trajectory_yc6": null,
      "hit_trajectory_yc7": null,
      "hit_trajectory_yc8": null,
      "hit_trajectory_zc0": null,
      "hit_trajectory_zc1": null,
      "hit_trajectory_zc3": null,
      "hit_trajectory_zc4": null,
      "hit_trajectory_zc5": null,
      "hit_trajectory_zc6": null,
      "pitcher_throws": "Right",
      "pitcher_team_code": "LEX_LEG",
      "batter_side": "Right",
      "batter_team_code": "SMD",
      "pitcher_set": null,
      "catcher_throws": "Right",
      "top_or_bottom": "Bottom",
      "tagged_pitch_type": "Undefined",
      "auto_pitch_type": "Four-Seam",
      "pitch_call": "StrikeCalled",
      "k_or_bb": "Undefined",
      "tagged_hit_type": "Undefined",
      "play_result": "Undefined",
      "notes": "NaN",
      "auto_hit_type": null,
      "tilt": "12:45",
      "catcher_throw_catch_confidence": null,
      "catcher_throw_release_confidence": null,
      "catcher_throw_location_confidence": null,
      "pitch_release_confidence": "High",
      "pitch_location_confidence": "High",
      "pitch_movement_confidence": "High",
      "hit_launch_confidence": null,
      "hit_landing_confidence": null,
      "detected_shift": null,
      "first_b_position_at_release_x": null,
      "first_b_position_at_release_z": null,
      "second_b_position_at_release_x": null,
      "second_b_position_at_release_z": null,
      "third_b_position_at_release_x": null,
      "third_b_position_at_release_z": null,
      "ss_position_at_release_x": null,
      "ss_position_at_release_z": null,
      "lf_position_at_release_x": null,
      "lf_position_at_release_z": null,
      "cf_position_at_release_x": null,
      "cf_position_at_release_z": null,
      "rf_position_at_release_x": null,
      "rf_position_at_release_z": null,
      "first_b_player_id": null,
      "second_b_player_id": null,
      "third_b_player_id": null,
      "ss_player_id": null,
      "lf_player_id": null,
      "cf_player_id": null,
      "rf_player_id": null
    },
    {
      "hit_trajectory_zc2": null,
      "pitcher_id": "aa7a878e-14d2-4777-967c-4a0a52b60e01",
      "batter_id": "a11dadf0-f476-40d8-bd9e-043e89d1104c",
      "game_id": "0bd6ceec-3647-43ed-9b89-eddf453e9122",
      "date": "2024-06-05",
      "time": "20:41:51.45",
      "pa_of_inning": 4,
      "pitch_of_pa": 1,
      "hit_trajectory_zc7": null,
      "hit_trajectory_zc8": null,
      "throw_speed": null,
      "pop_time": null,
      "exchange_time": null,
      "time_to_base": null,
      "catch_position_x": null,
      "catch_position_y": null,
      "catch_position_z": null,
      "throw_position_x": null,
      "throw_position_y": null,
      "throw_position_z": null,
      "base_position_x": null,
      "base_position_y": null,
      "base_position_z": null,
      "throw_trajectory_xc0": null,
      "throw_trajectory_xc1": null,
      "throw_trajectory_xc2": null,
      "throw_trajectory_yc0": null,
      "throw_trajectory_yc1": null,
      "throw_trajectory_yc2": null,
      "throw_trajectory_zc0": null,
      "throw_trajectory_zc1": null,
      "throw_trajectory_zc2": null,
      "inning": 6,
      "outs": 2,
      "balls": 0,
      "strikes": 0,
      "outs_on_play": 0,
      "runs_scored": 0,
      "y0": 50.0,
      "local_date_time": "2024-06-05T20:41:51.4551914-04:00",
      "catcher_id": "587be537-e612-432b-8f68-3640f6bc3332",
      "pitch_number": 207,
      "rel_speed": 81.83004,
      "vert_rel_angle": -1.582481,
      "horz_rel_angle": -2.803763,
      "spin_rate": 1509.599,
      "spin_axis": 238.61858,
      "rel_height": 5.66051,
      "rel_side": 2.34804,
      "extension": 5.84564,
      "vert_break": -31.97659,
      "induced_vert_break": 9.85162,
      "horz_break": 13.97603,
      "plate_loc_height": 1.52309,
      "plate_loc_side": 0.90514,
      "zone_speed": 75.14539,
      "vert_appr_angle": -7.501465,
      "horz_appr_angle": -0.297555,
      "zone_time": 0.465485,
      "exit_speed": null,
      "angle": null,
      "direction": null,
      "hit_spin_rate": null,
      "position_at_110_x": null,
      "position_at_110_y": null,
      "position_at_110_z": null,
      "distance": null,
      "last_tracked_distance": null,
      "bearing": null,
      "hang_time": null,
      "pfxx": -7.88559,
      "pfxz": 5.89012,
      "x0": -2.12786,
      "z0": 5.51294,
      "vx0": 5.26496,
      "vy0": -118.72204,
      "vz0": -4.2915,
      "ax0": -11.26583,
      "ay0": 22.51984,
      "az0": -23.75907,
      "effective_velo": 80.9745,
      "max_height": null,
      "measured_duration": null,
      "speed_drop": 6.68465,
      "pitch_last_measured_x": null,
      "pitch_last_measured_y": null,
      "pitch_last_measured_z": null,
      "contact_position_x": null,
      "contact_position_y": null,
      "contact_position_z": null,
      "pitch_trajectory_xc0": 54.65213,
      "pitch_trajectory_xc1": -119.60122,
      "pitch_trajectory_xc2": 11.25992,
      "pitch_trajectory_yc0": 5.66238,
      "pitch_trajectory_yc1": -3.36394,
      "pitch_trajectory_yc2": -11.87954,
      "pitch_trajectory_zc0": -2.34199,
      "pitch_trajectory_zc1": 5.70478,
      "pitch_trajectory_zc2": -5.63292,
      "hit_spin_axis": null,
      "hit_trajectory_xc0": null,
      "hit_trajectory_xc1": null,
      "hit_trajectory_xc2": null,
      "hit_trajectory_xc3": null,
      "hit_trajectory_xc4": null,
      "hit_trajectory_xc5": null,
      "hit_trajectory_xc6": null,
      "hit_trajectory_xc7": null,
      "hit_trajectory_xc8": null,
      "hit_trajectory_yc0": null,
      "hit_trajectory_yc1": null,
      "hit_trajectory_yc2": null,
      "hit_trajectory_yc3": null,
      "hit_trajectory_yc4": null,
      "hit_trajectory_yc5": null,
      "hit_trajectory_yc6": null,
      "hit_trajectory_yc7": null,
      "hit_trajectory_yc8": null,
      "hit_trajectory_zc0": null,
      "hit_trajectory_zc1": null,
      "hit_trajectory_zc3": null,
      "hit_trajectory_zc4": null,
      "hit_trajectory_zc5": null,
      "hit_trajectory_zc6": null,
      "pitcher_throws": "Right",
      "pitcher_team_code": "LEX_LEG",
      "batter_side": "Right",
      "batter_team_code": "SMD",
      "pitcher_set": null,
      "catcher_throws": "Right",
      "top_or_bottom": "Bottom",
      "tagged_pitch_type": "Undefined",
      "auto_pitch_type": "Changeup",
      "pitch_call": "BallCalled",
      "k_or_bb": "Undefined",
      "tagged_hit_type": "Undefined",
      "play_result": "Undefined",
      "notes": "NaN",
      "auto_hit_type": null,
      "tilt": "2:00",
      "catcher_throw_catch_confidence": null,
      "catcher_throw_release_confidence": null,
      "catcher_throw_location_confidence": null,
      "pitch_release_confidence": "High",
      "pitch_location_confidence": "High",
      "pitch_movement_confidence": "High",
      "hit_launch_confidence": null,
      "hit_landing_confidence": null,
      "detected_shift": null,
      "first_b_position_at_release_x": null,
      "first_b_position_at_release_z": null,
      "second_b_position_at_release_x": null,
      "second_b_position_at_release_z": null,
      "third_b_position_at_release_x": null,
      "third_b_position_at_release_z": null,
      "ss_position_at_release_x": null,
      "ss_position_at_release_z": null,
      "lf_position_at_release_x": null,
      "lf_position_at_release_z": null,
      "cf_position_at_release_x": null,
      "cf_position_at_release_z": null,
      "rf_position_at_release_x": null,
      "rf_position_at_release_z": null,
      "first_b_player_id": null,
      "second_b_player_id": null,
      "third_b_player_id": null,
      "ss_player_id": null,
      "lf_player_id": null,
      "cf_player_id": null,
      "rf_player_id": null
    }
  ],
  "meta": {
    "page": 1,
    "limit": 1000,
    "total": 4
  }
}