{
  "success": true,
  "message": "Pitches retrieved successfully",
  "data": [
    {
      "hit_trajectory_zc2": 5.08974,
      "pitcher_id": "e2a60930-2120-43e5-8273-bbd730bb3d9b",
      "batter_id": "a9cb9a73-3fca-418f-885d-4d1921a14e4e",
      "game_id": "bfee13bb-0d91-454e-9921-0739c890136a",
      "date": "2024-05-09",
      "time": "19:52:08.74",
      "pa_of_inning": 1,
      "pitch_of_pa": 5,
      "hit_trajectory_zc7": -0.00038,
      "hit_trajectory_zc8": 3e-05,
      "throw_speed": null,
      "pop_time": null,
      "exchange_time": null,
      "time_to_base": null,
      "catch_position_x": null,
      "catch_position_y": null,
      "catch_position_z": null,
      "throw_position_x": null,
      "throw_position_y": null,
      "throw_position_z": null,
      "base_position_x": null,
      "base_position_y": null,
      "base_position_z": null,
      "throw_trajectory_xc0": null,
      "throw_trajectory_xc1": null,
      "throw_trajectory_xc2": null,
      "throw_trajectory_yc0": null,
      "throw_trajectory_yc1": null,
      "throw_trajectory_yc2": null,
      "throw_trajectory_zc0": null,
      "throw_trajectory_zc1": null,
      "throw_trajectory_zc2": null,
      "inning": 4,
      "outs": 0,
      "balls": 3,
      "strikes": 1,
      "outs_on_play": 1,
      "runs_scored": 0,
      "y0": 50.0,
      "local_date_time": "2024-05-09T19:52:08.7457612-04:00",
      "catcher_id": "b4069eb7-dae8-4f82-8ed3-58d6554d27b4",
      "pitch_number": 121,
      "rel_speed": 86.66777,
      "vert_rel_angle": -2.299478,
      "horz_rel_angle": 2.381975,
      "spin_rate": 2090.7148,
      "spin_axis": 151.13194,
      "rel_height": 5.83464,
      "rel_side": -2.11437,
      "extension": 5.74473,
      "vert_break": -19.54151,
      "induced_vert_break": 18.15367,
      "horz_break": -9.29855,
      "plate_loc_height": 2.06227,
      "plate_loc_side": -0.67025,
      "zone_speed": 78.82945,
      "vert_appr_angle": -5.994165,
      "horz_appr_angle": 0.718901,
      "zone_time": 0.44189,
      "exit_speed": 94.53685,
      "angle": 13.554531,
      "direction": -2.307654,
      "hit_spin_rate": 1921.7814,
      "position_at_110_x": 109.99867,
      "position_at_110_y": 22.27117,
      "position_at_110_z": -0.5065,
      "distance": 283.73865,
      "last_tracked_distance": 275.56805,
      "bearing": 3.163403,
      "hang_time": 2.943062,
      "pfxx": 5.45823,
      "pfxz": 10.31504,
      "x0": 1.92216,
      "z0": 5.63157,
      "vx0": -4.83927,
      "vy0": -125.621,
      "vz0": -5.63289,
      "ax0": 8.66633,
      "ay0": 26.96366,
      "az0": -15.79624,
      "effective_velo": 85.29821,
      "max_height": 25.14311,
      "measured_duration": null,
      "speed_drop": 7.83832,
      "pitch_last_measured_x": null,
      "pitch_last_measured_y": null,
      "pitch_last_measured_z": null,
      "contact_position_x": 1.4868,
      "contact_position_y": 2.04165,
      "contact_position_z": 0.66383,
      "pitch_trajectory_xc0": 54.75281,
      "pitch_trajectory_xc1": -126.63705,
      "pitch_trajectory_xc2": 13.48183,
      "pitch_trajectory_yc0": 5.83262,
      "pitch_trajectory_yc1": -5.03766,
      "pitch_trajectory_yc2": -7.89812,
      "pitch_trajectory_zc0": 2.11067,
      "pitch_trajectory_zc1": -5.16583,
      "pitch_trajectory_zc2": 4.33316,
      "hit_spin_axis": 202.8706,
      "hit_trajectory_xc0": 1.48677,
      "hit_trajectory_xc1": 134.68494,
      "hit_trajectory_xc2": -21.85878,
      "hit_trajectory_xc3": 4.77618,
      "hit_trajectory_xc4": -0.98952,
      "hit_trajectory_xc5": 0.18568,
      "hit_trajectory_xc6": -0.02914,
      "hit_trajectory_xc7": 0.00322,
      "hit_trajectory_xc8": -0.00017,
      "hit_trajectory_yc0": 2.04172,
      "hit_trajectory_yc1": 32.49118,
      "hit_trajectory_yc2": -11.26388,
      "hit_trajectory_yc3": -0.28794,
      "hit_trajectory_yc4": 0.16368,
      "hit_trajectory_yc5": -0.03456,
      "hit_trajectory_yc6": 0.00433,
      "hit_trajectory_yc7": -1e-05,
      "hit_trajectory_yc8": -4e-05,
      "hit_trajectory_zc0": 0.6638,
      "hit_trajectory_zc1": -5.4253,
      "hit_trajectory_zc3": -0.68607,
      "hit_trajectory_zc4": 0.0719,
      "hit_trajectory_zc5": -0.00732,
      "hit_trajectory_zc6": 0.00174,
      "pitcher_throws": "Left",
      "pitcher_team_code": "LAN",
      "batter_side": "Undefined",
      "batter_team_code": "YOR_REV2",
      "pitcher_set": null,
      "catcher_throws": "Right",
      "top_or_bottom": "Top",
      "tagged_pitch_type": "Undefined",
      "auto_pitch_type": "Four-Seam",
      "pitch_call": "InPlay",
      "k_or_bb": "Undefined",
      "tagged_hit_type": "LineDrive",
      "play_result": "Out",
      "notes": "NaN",
      "auto_hit_type": "LineDrive",
      "tilt": "11:00",
      "catcher_throw_catch_confidence": null,
      "catcher_throw_release_confidence": null,
      "catcher_throw_location_confidence": null,
      "pitch_release_confidence": "High",
      "pitch_location_confidence": "High",
      "pitch_movement_confidence": "High",
      "hit_launch_confidence": "High",
      "hit_landing_confidence": "High",
      "detected_shift": null,
      "first_b_position_at_release_x": null,
      "first_b_position_at_release_z": null,
      "second_b_position_at_release_x": null,
      "second_b_position_at_release_z": null,
      "third_b_position_at_release_x": null,
      "third_b_position_at_release_z": null,
      "ss_position_at_release_x": null,
      "ss_position_at_release_z": null,
      "lf_position_at_release_x": null,
      "lf_position_at_release_z": null,
      "cf_position_at_release_x": null,
      "cf_position_at_release_z": null,
      "rf_position_at_release_x": null,
      "rf_position_at_release_z": null,
      "first_b_player_id": null,
      "second_b_player_id": null,
      "third_b_player_id": null,
      "ss_player_id": null,
      "lf_player_id": null,
      "cf_player_id": null,
      "rf_player_id": null
    },
    {
      "hit_trajectory_zc2": null,
      "pitcher_id": "e2a60930-2120-43e5-8273-bbd730bb3d9b",
      "batter_id": "a9cb9a73-3fca-418f-885d-4d1921a14e4e",
      "game_id": "bfee13bb-0d91-454e-9921-0739c890136a",
      "date": "2024-05-09",
      "time": "19:51:54.10",
      "pa_of_inning": 1,
      "pitch_of_pa": 4,
      "hit_trajectory_zc7": null,
      "hit_trajectory_zc8": null,
      "throw_speed": null,
      "pop_time": null,
      "exchange_time": null,
      "time_to_base": null,
      "catch_position_x": null,
      "catch_position_y": null,
      "catch_position_z": null,
      "throw_position_x": null,
      "throw_position_y": null,
      "throw_position_z": null,
      "base_position_x": null,
      "base_position_y": null,
      "base_position_z": null,
      "throw_trajectory_xc0": null,
      "throw_trajectory_xc1": null,
      "throw_trajectory_xc2": null,
      "throw_trajectory_yc0": null,
      "throw_trajectory_yc1": null,
      "throw_trajectory_yc2": null,
      "throw_trajectory_zc0": null,
      "throw_trajectory_zc1": null,
      "throw_trajectory_zc2": null,
      "inning": 4,
      "outs": 0,
      "balls": 2,
      "strikes": 1,
      "outs_on_play": 0,
      "runs_scored": 0,
      "y0": 50.0,
      "local_date_time": "2024-05-09T19:51:54.1048140-04:00",
      "catcher_id": "b4069eb7-dae8-4f82-8ed3-58d6554d27b4",
      "pitch_number": 120,
      "rel_speed": 87.38229,
      "vert_rel_angle": -2.577076,
      "horz_rel_angle": 4.005241,
      "spin_rate": 2126.7407,
      "spin_axis": 153.07,
      "rel_height": 5.8023,
      "rel_side": -2.16598,
      "extension": 5.65665,
      "vert_break": -18.76749,
      "induced_vert_break": 18.35336,
      "horz_break": -8.7076,
      "plate_loc_height": 1.8275,
      "plate_loc_side": 0.84969,
      "zone_speed": 79.87741,
      "vert_appr_angle": -6.109789,
      "horz_appr_angle": 2.4548,
      "zone_time": 0.438511,
      "exit_speed": null,
      "angle": null,
      "direction": null,
      "hit_spin_rate": null,
      "position_at_110_x": null,
      "position_at_110_y": null,
      "position_at_110_z": null,
      "distance": null,
      "last_tracked_distance": null,
      "bearing": null,
      "hang_time": null,
      "pfxx": 5.53492,
      "pfxz": 10.39713,
      "x0": 1.83207,
      "z0": 5.57179,
      "vx0": -8.48668,
      "vy0": -126.48311,
      "vz0": -6.27936,
      "ax0": 8.9679,
      "ay0": 25.75658,
      "az0": -15.32827,
      "effective_velo": 85.95556,
      "max_height": null,
      "measured_duration": null,
      "speed_drop": 7.50487,
      "pitch_last_measured_x": null,
      "pitch_last_measured_y": null,
      "pitch_last_measured_z": null,
      "contact_position_x": null,
      "contact_position_y": null,
      "contact_position_z": null,
      "pitch_trajectory_xc0": 54.84105,
      "pitch_trajectory_xc1": -127.46511,
      "pitch_trajectory_xc2": 12.87829,
      "pitch_trajectory_yc0": 5.80006,
      "pitch_trajectory_yc1": -5.69495,
      "pitch_trajectory_yc2": -7.66414,
      "pitch_trajectory_zc0": 2.16216,
      "pitch_trajectory_zc1": -8.82859,
      "pitch_trajectory_zc2": 4.48395,
      "hit_spin_axis": null,
      "hit_trajectory_xc0": null,
      "hit_trajectory_xc1": null,
      "hit_trajectory_xc2": null,
      "hit_trajectory_xc3": null,
      "hit_trajectory_xc4": null,
      "hit_trajectory_xc5": null,
      "hit_trajectory_xc6": null,
      "hit_trajectory_xc7": null,
      "hit_trajectory_xc8": null,
      "hit_trajectory_yc0": null,
      "hit_trajectory_yc1": null,
      "hit_trajectory_yc2": null,
      "hit_trajectory_yc3": null,
      "hit_trajectory_yc4": null,
      "hit_trajectory_yc5": null,
      "hit_trajectory_yc6": null,
      "hit_trajectory_yc7": null,
      "hit_trajectory_yc8": null,
      "hit_trajectory_zc0": null,
      "hit_trajectory_zc1": null,
      "hit_trajectory_zc3": null,
      "hit_trajectory_zc4": null,
      "hit_trajectory_zc5": null,
      "hit_trajectory_zc6": null,
      "pitcher_throws": "Left",
      "pitcher_team_code": "LAN",
      "batter_side": "Undefined",
      "batter_team_code": "YOR_REV2",
      "pitcher_set": null,
      "catcher_throws": "Right",
      "top_or_bottom": "Top",
      "tagged_pitch_type": "Undefined",
      "auto_pitch_type": "Four-Seam",
      "pitch_call": "BallCalled",
      "k_or_bb": "Undefined",
      "tagged_hit_type": "Undefined",
      "play_result": "Undefined",
      "notes": "NaN",
      "auto_hit_type": null,
      "tilt": "11:00",
      "catcher_throw_catch_confidence": null,
      "catcher_throw_release_confidence": null,
      "catcher_throw_location_confidence": null,
      "pitch_release_confidence": "High",
      "pitch_location_confidence": "High",
      "pitch_movement_confidence": "High",
      "hit_launch_confidence": null,
      "hit_landing_confidence": null,
      "detected_shift": null,
      "first_b_position_at_release_x": null,
      "first_b_position_at_release_z": null,
      "second_b_position_at_release_x": null,
      "second_b_position_at_release_z": null,
      "third_b_position_at_release_x": null,
      "third_b_position_at_release_z": null,
      "ss_position_at_release_x": null,
      "ss_position_at_release_z": null,
      "lf_position_at_release_x": null,
      "lf_position_at_release_z": null,
      "cf_position_at_release_x": null,
      "cf_position_at_release_z": null,
      "rf_position_at_release_x": null,
      "rf_position_at_release_z": null,
      "first_b_player_id": null,
      "second_b_player_id": null,
      "third_b_player_id": null,
      "ss_player_id": null,
      "lf_player_id": null,
      "cf_player_id": null,
      "rf_player_id": null
    },
    {
      "hit_trajectory_zc2": -11.51156,
      "pitcher_id": "e2a60930-2120-43e5-8273-bbd730bb3d9b",
      "batter_id": "a9cb9a73-3fca-418f-885d-4d1921a14e4e",
      "game_id": "bfee13bb-0d91-454e-9921-0739c890136a",
      "date": "2024-05-09",
      "time": "19:51:36.85",
      "pa_of_inning": 1,
      "pitch_of_pa": 3,
      "hit_trajectory_zc7": null,
      "hit_trajectory_zc8": null,
      "throw_speed": null,
      "pop_time": null,
      "exchange_time": null,
      "time_to_base": null,
      "catch_position_x": null,
      "catch_position_y": null,
      "catch_position_z": null,
      "throw_position_x": null,
      "throw_position_y": null,
      "throw_position_z": null,
      "base_position_x": null,
      "base_position_y": null,
      "base_position_z": null,
      "throw_trajectory_xc0": null,
      "throw_trajectory_xc1": null,
      "throw_trajectory_xc2": null,
      "throw_trajectory_yc0": null,
      "throw_trajectory_yc1": null,
      "throw_trajectory_yc2": null,
      "throw_trajectory_zc0": null,
      "throw_trajectory_zc1": null,
      "throw_trajectory_zc2": null,
      "inning": 4,
      "outs": 0,
      "balls": 2,
      "strikes": 0,
      "outs_on_play": 0,
      "runs_scored": 0,
      "y0": 50.0,
      "local_date_time": "2024-05-09T19:51:36.8533836-04:00",
      "catcher_id": "b4069eb7-dae8-4f82-8ed3-58d6554d27b4",
      "pitch_number": 119,
      "rel_speed": 86.75465,
      "vert_rel_angle": -1.341884,
      "horz_rel_angle": 2.377784,
      "spin_rate": 1984.5563,
      "spin_axis": 148.72997,
      "rel_height": 5.89157,
      "rel_side": -1.97249,
      "extension": 5.69852,
      "vert_break": -19.44631,
      "induced_vert_break": 18.30718,
      "horz_break": -10.32052,
      "plate_loc_height": 3.01931,
      "plate_loc_side": -0.61552,
      "zone_speed": 78.59554,
      "vert_appr_angle": -5.032249,
      "horz_appr_angle": 0.533803,
      "zone_time": 0.442232,
      "exit_speed": 59.49106,
      "angle": 41.44192,
      "direction": 106.28878,
      "hit_spin_rate": 4478.0215,
      "position_at_110_x": null,
      "position_at_110_y": null,
      "position_at_110_z": null,
      "distance": null,
      "last_tracked_distance": 28.04589,
      "bearing": null,
      "hang_time": null,
      "pfxx": 5.99654,
      "pfxz": 10.10922,
      "x0": 1.77953,
      "z0": 5.76708,
      "vx0": -4.79054,
      "vy0": -125.77044,
      "vz0": -3.5307,
      "ax0": 9.51415,
      "ay0": 27.76037,
      "az0": -16.13465,
      "effective_velo": 85.23229,
      "max_height": 26.35024,
      "measured_duration": null,
      "speed_drop": 8.15911,
      "pitch_last_measured_x": null,
      "pitch_last_measured_y": null,
      "pitch_last_measured_z": null,
      "contact_position_x": 2.25323,
      "contact_position_y": 3.29274,
      "contact_position_z": 0.38306,
      "pitch_trajectory_xc0": 54.79889,
      "pitch_trajectory_xc1": -126.82524,
      "pitch_trajectory_xc2": 13.88018,
      "pitch_trajectory_yc0": 5.88959,
      "pitch_trajectory_yc1": -2.91764,
      "pitch_trajectory_yc2": -8.06733,
      "pitch_trajectory_zc0": 1.96843,
      "pitch_trajectory_zc1": -5.15205,
      "pitch_trajectory_zc2": 4.75707,
      "hit_spin_axis": null,
      "hit_trajectory_xc0": 2.25836,
      "hit_trajectory_xc1": -18.49379,
      "hit_trajectory_xc2": -1.51769,
      "hit_trajectory_xc3": null,
      "hit_trajectory_xc4": null,
      "hit_trajectory_xc5": null,
      "hit_trajectory_xc6": null,
      "hit_trajectory_xc7": null,
      "hit_trajectory_xc8": null,
      "hit_trajectory_yc0": 3.29912,
      "hit_trajectory_yc1": 57.56915,
      "hit_trajectory_yc2": -18.42236,
      "hit_trajectory_yc3": null,
      "hit_trajectory_yc4": null,
      "hit_trajectory_yc5": null,
      "hit_trajectory_yc6": null,
      "hit_trajectory_yc7": null,
      "hit_trajectory_yc8": null,
      "hit_trajectory_zc0": 0.4013,
      "hit_trajectory_zc1": 62.26075,
      "hit_trajectory_zc3": null,
      "hit_trajectory_zc4": null,
      "hit_trajectory_zc5": null,
      "hit_trajectory_zc6": null,
      "pitcher_throws": "Left",
      "pitcher_team_code": "LAN",
      "batter_side": "Undefined",
      "batter_team_code": "YOR_REV2",
      "pitcher_set": null,
      "catcher_throws": "Right",
      "top_or_bottom": "Top",
      "tagged_pitch_type": "Undefined",
      "auto_pitch_type": "Four-Seam",
      "pitch_call": "FoulBallNotFieldable",
      "k_or_bb": "Undefined",
      "tagged_hit_type": "Undefined",
      "play_result": "Undefined",
      "notes": "NaN",
      "auto_hit_type": null,
      "tilt": "11:00",
      "catcher_throw_catch_confidence": null,
      "catcher_throw_release_confidence": null,
      "catcher_throw_location_confidence": null,
      "pitch_release_confidence": "High",
      "pitch_location_confidence": "High",
      "pitch_movement_confidence": "High",
      "hit_launch_confidence": "High",
      "hit_landing_confidence": "Low",
      "detected_shift": null,
      "first_b_position_at_release_x": null,
      "first_b_position_at_release_z": null,
      "second_b_position_at_release_x": null,
      "second_b_position_at_release_z": null,
      "third_b_position_at_release_x": null,
      "third_b_position_at_release_z": null,
      "ss_position_at_release_x": null,
      "ss_position_at_release_z": null,
      "lf_position_at_release_x": null,
      "lf_position_at_release_z": null,
      "cf_position_at_release_x": null,
      "cf_position_at_release_z": null,
      "rf_position_at_release_x": null,
      "rf_position_at_release_z": null,
      "first_b_player_id": null,
      "second_b_player_id": null,
      "third_b_player_id": null,
      "ss_player_id": null,
      "lf_player_id": null,
      "cf_player_id": null,
      "rf_player_id": null
    },
    {
      "hit_trajectory_zc2": null,
      "pitcher_id": "e2a60930-2120-43e5-8273-bbd730bb3d9b",
      "batter_id": "a9cb9a73-3fca-418f-885d-4d1921a14e4e",
      "game_id": "bfee13bb-0d91-454e-9921-0739c890136a",
      "date": "2024-05-09",
      "time": "19:51:08.00",
      "pa_of_inning": 1,
      "pitch_of_pa": 2,
      "hit_trajectory_zc7": null,
      "hit_trajectory_zc8": null,
      "throw_speed": null,
      "pop_time": null,
      "exchange_time": null,
      "time_to_base": null,
      "catch_position_x": null,
      "catch_position_y": null,
      "catch_position_z": null,
      "throw_position_x": null,
      "throw_position_y": null,
      "throw_position_z": null,
      "base_position_x": null,
      "base_position_y": null,
      "base_position_z": null,
      "throw_trajectory_xc0": null,
      "throw_trajectory_xc1": null,
      "throw_trajectory_xc2": null,
      "throw_trajectory_yc0": null,
      "throw_trajectory_yc1": null,
      "throw_trajectory_yc2": null,
      "throw_trajectory_zc0": null,
      "throw_trajectory_zc1": null,
      "throw_trajectory_zc2": null,
      "inning": 4,
      "outs": 0,
      "balls": 1,
      "strikes": 0,
      "outs_on_play": 0,
      "runs_scored": 0,
      "y0": 50.0,
      "local_date_time": "2024-05-09T19:51:08.0041804-04:00",
      "catcher_id": "b4069eb7-dae8-4f82-8ed3-58d6554d27b4",
      "pitch_number": 118,
      "rel_speed": 87.10794,
      "vert_rel_angle": -0.309245,
      "horz_rel_angle": 2.586247,
      "spin_rate": 2099.8193,
      "spin_axis": 149.73215,
      "rel_height": 5.90126,
      "rel_side": -1.98052,
      "extension": 5.72435,
      "vert_break": -17.9343,
      "induced_vert_break": 19.50686,
      "horz_break": -10.62323,
      "plate_loc_height": 4.11841,
      "plate_loc_side": -0.45532,
      "zone_speed": 78.71364,
      "vert_appr_angle": -3.739857,
      "horz_appr_angle": 0.688294,
      "zone_time": 0.440399,
      "exit_speed": null,
      "angle": null,
      "direction": null,
      "hit_spin_rate": null,
      "position_at_110_x": null,
      "position_at_110_y": null,
      "position_at_110_z": null,
      "distance": null,
      "last_tracked_distance": null,
      "bearing": null,
      "hang_time": null,
      "pfxx": 6.14016,
      "pfxz": 10.35965,
      "x0": 1.77094,
      "z0": 5.86451,
      "vx0": -5.23969,
      "vy0": -126.24754,
      "vz0": -1.18922,
      "ax0": 9.8163,
      "ay0": 27.96695,
      "az0": -15.6121,
      "effective_velo": 85.58705,
      "max_height": null,
      "measured_duration": null,
      "speed_drop": 8.39431,
      "pitch_last_measured_x": null,
      "pitch_last_measured_y": null,
      "pitch_last_measured_z": null,
      "contact_position_x": null,
      "contact_position_y": null,
      "contact_position_z": null,
      "pitch_trajectory_xc0": 54.77033,
      "pitch_trajectory_xc1": -127.2999,
      "pitch_trajectory_xc2": 13.98348,
      "pitch_trajectory_yc0": 5.89821,
      "pitch_trajectory_yc1": -0.60175,
      "pitch_trajectory_yc2": -7.80605,
      "pitch_trajectory_zc0": 1.97505,
      "pitch_trajectory_zc1": -5.60906,
      "pitch_trajectory_zc2": 4.90815,
      "hit_spin_axis": null,
      "hit_trajectory_xc0": null,
      "hit_trajectory_xc1": null,
      "hit_trajectory_xc2": null,
      "hit_trajectory_xc3": null,
      "hit_trajectory_xc4": null,
      "hit_trajectory_xc5": null,
      "hit_trajectory_xc6": null,
      "hit_trajectory_xc7": null,
      "hit_trajectory_xc8": null,
      "hit_trajectory_yc0": null,
      "hit_trajectory_yc1": null,
      "hit_trajectory_yc2": null,
      "hit_trajectory_yc3": null,
      "hit_trajectory_yc4": null,
      "hit_trajectory_yc5": null,
      "hit_trajectory_yc6": null,
      "hit_trajectory_yc7": null,
      "hit_trajectory_yc8": null,
      "hit_trajectory_zc0": null,
      "hit_trajectory_zc1": null,
      "hit_trajectory_zc3": null,
      "hit_trajectory_zc4": null,
      "hit_trajectory_zc5": null,
      "hit_trajectory_zc6": null,
      "pitcher_throws": "Left",
      "pitcher_team_code": "LAN",
      "batter_side": "Undefined",
      "batter_team_code": "YOR_REV2",
      "pitcher_set": null,
      "catcher_throws": "Right",
      "top_or_bottom": "Top",
      "tagged_pitch_type": "Undefined",
      "auto_pitch_type": "Four-Seam",
      "pitch_call": "BallCalled",
      "k_or_bb": "Undefined",
      "tagged_hit_type": "Undefined",
      "play_result": "Undefined",
      "notes": "NaN",
      "auto_hit_type": null,
      "tilt": "11:00",
      "catcher_throw_catch_confidence": null,
      "catcher_throw_release_confidence": null,
      "catcher_throw_location_confidence": null,
      "pitch_release_confidence": "High",
      "pitch_location_confidence": "High",
      "pitch_movement_confidence": "High",
      "hit_launch_confidence": null,
      "hit_landing_confidence": null,
      "detected_shift": null,
      "first_b_position_at_release_x": null,
      "first_b_position_at_release_z": null,
      "second_b_position_at_release_x": null,
      "second_b_position_at_release_z": null,
      "third_b_position_at_release_x": null,
      "third_b_position_at_release_z": null,
      "ss_position_at_release_x": null,
      "ss_position_at_release_z": null,
      "lf_position_at_release_x": null,
      "lf_position_at_release_z": null,
      "cf_position_at_release_x": null,
      "cf_position_at_release_z": null,
      "rf_position_at_release_x": null,
      "rf_position_at_release_z": null,
      "first_b_player_id": null,
      "second_b_player_id": null,
      "third_b_player_id": null,
      "ss_player_id": null,
      "lf_player_id": null,
      "cf_player_id": null,
      "rf_player_id": null
    },
    {
      "hit_trajectory_zc2": null,
      "pitcher_id": "e2a60930-2120-43e5-8273-bbd730bb3d9b",
      "batter_id": "a9cb9a73-3fca-418f-885d-4d1921a14e4e",
      "game_id": "bfee13bb-0d91-454e-9921-0739c890136a",
      "date": "2024-05-09",
      "time": "19:50:54.04",
      "pa_of_inning": 1,
      "pitch_of_pa": 1,
      "hit_trajectory_zc7": null,
      "hit_trajectory_zc8": null,
      "throw_speed": null,
      "pop_time": null,
      "exchange_time": null,
      "time_to_base": null,
      "catch_position_x": null,
      "catch_position_y": null,
      "catch_position_z": null,
      "throw_position_x": null,
      "throw_position_y": null,
      "throw_position_z": null,
      "base_position_x": null,
      "base_position_y": null,
      "base_position_z": null,
      "throw_trajectory_xc0": null,
      "throw_trajectory_xc1": null,
      "throw_trajectory_xc2": null,
      "throw_trajectory_yc0": null,
      "throw_trajectory_yc1": null,
      "throw_trajectory_yc2": null,
      "throw_trajectory_zc0": null,
      "throw_trajectory_zc1": null,
      "throw_trajectory_zc2": null,
      "inning": 4,
      "outs": 0,
      "balls": 0,
      "strikes": 0,
      "outs_on_play": 0,
      "runs_scored": 0,
      "y0": 50.0,
      "local_date_time": "2024-05-09T19:50:54.0464972-04:00",
      "catcher_id": "b4069eb7-dae8-4f82-8ed3-58d6554d27b4",
      "pitch_number": 117,
      "rel_speed": 87.02337,
      "vert_rel_angle": -1.783348,
      "horz_rel_angle": 1.827427,
      "spin_rate": 2099.7842,
      "spin_axis": 146.06563,
      "rel_height": 5.8466,
      "rel_side": -2.20709,
      "extension": 5.61172,
      "vert_break": -18.71714,
      "induced_vert_break": 18.9621,
      "horz_break": -11.86501,
      "plate_loc_height": 2.62095,
      "plate_loc_side": -1.4896,
      "zone_speed": 78.78365,
      "vert_appr_angle": -5.337147,
      "horz_appr_angle": -0.290363,
      "zone_time": 0.441797,
      "exit_speed": null,
      "angle": null,
      "direction": null,
      "hit_spin_rate": null,
      "position_at_110_x": null,
      "position_at_110_y": null,
      "position_at_110_z": null,
      "distance": null,
      "last_tracked_distance": null,
      "bearing": null,
      "hang_time": null,
      "pfxx": 6.52107,
      "pfxz": 10.51308,
      "x0": 2.05854,
      "z0": 5.68233,
      "vx0": -3.50322,
      "vy0": -126.11239,
      "vz0": -4.48335,
      "ax0": 10.40026,
      "ay0": 27.96731,
      "az0": -15.40702,
      "effective_velo": 85.31625,
      "max_height": null,
      "measured_duration": null,
      "speed_drop": 8.23971,
      "pitch_last_measured_x": null,
      "pitch_last_measured_y": null,
      "pitch_last_measured_z": null,
      "contact_position_x": null,
      "contact_position_y": null,
      "contact_position_z": null,
      "pitch_trajectory_xc0": 54.88335,
      "pitch_trajectory_xc1": -127.19074,
      "pitch_trajectory_xc2": 13.98366,
      "pitch_trajectory_yc0": 5.84374,
      "pitch_trajectory_yc1": -3.8893,
      "pitch_trajectory_yc2": -7.70351,
      "pitch_trajectory_zc0": 2.20135,
      "pitch_trajectory_zc1": -3.90423,
      "pitch_trajectory_zc2": 5.20013,
      "hit_spin_axis": null,
      "hit_trajectory_xc0": null,
      "hit_trajectory_xc1": null,
      "hit_trajectory_xc2": null,
      "hit_trajectory_xc3": null,
      "hit_trajectory_xc4": null,
      "hit_trajectory_xc5": null,
      "hit_trajectory_xc6": null,
      "hit_trajectory_xc7": null,
      "hit_trajectory_xc8": null,
      "hit_trajectory_yc0": null,
      "hit_trajectory_yc1": null,
      "hit_trajectory_yc2": null,
      "hit_trajectory_yc3": null,
      "hit_trajectory_yc4": null,
      "hit_trajectory_yc5": null,
      "hit_trajectory_yc6": null,
      "hit_trajectory_yc7": null,
      "hit_trajectory_yc8": null,
      "hit_trajectory_zc0": null,
      "hit_trajectory_zc1": null,
      "hit_trajectory_zc3": null,
      "hit_trajectory_zc4": null,
      "hit_trajectory_zc5": null,
      "hit_trajectory_zc6": null,
      "pitcher_throws": "Left",
      "pitcher_team_code": "LAN",
      "batter_side": "Undefined",
      "batter_team_code": "YOR_REV2",
      "pitcher_set": null,
      "catcher_throws": "Right",
      "top_or_bottom": "Top",
      "tagged_pitch_type": "Undefined",
      "auto_pitch_type": "Four-Seam",
      "pitch_call": "BallCalled",
      "k_or_bb": "Undefined",
      "tagged_hit_type": "Undefined",
      "play_result": "Undefined",
      "notes": "NaN",
      "auto_hit_type": null,
      "tilt": "10:45",
      "catcher_throw_catch_confidence": null,
      "catcher_throw_release_confidence": null,
      "catcher_throw_location_confidence": null,
      "pitch_release_confidence": "High",
      "pitch_location_confidence": "High",
      "pitch_movement_confidence": "High",
      "hit_launch_confidence": null,
      "hit_landing_confidence": null,
      "detected_shift": null,
      "first_b_position_at_release_x": null,
      "first_b_position_at_release_z": null,
      "second_b_position_at_release_x": null,
      "second_b_position_at_release_z": null,
      "third_b_position_at_release_x": null,
      "third_b_position_at_release_z": null,
      "ss_position_at_release_x": null,
      "ss_position_at_release_z": null,
      "lf_position_at_release_x": null,
      "lf_position_at_release_z": null,
      "cf_position_at_release_x": null,
      "cf_position_at_release_z": null,
      "rf_position_at_release_x": null,
      "rf_position_at_release_z": null,
      "first_b_player_id": null,
      "second_b_player_id": null,
      "third_b_player_id": null,
      "ss_player_id": null,
      "lf_player_id": null,
      "cf_player_id": null,
      "rf_player_id": null
    },
    {
      "hit_trajectory_zc2": 3.04125,
      "pitcher_id": "e2a60930-2120-43e5-8273-bbd730bb3d9b",
      "batter_id": "a9cb9a73-3fca-418f-885d-4d1921a14e4e",
      "game_id": "bfee13bb-0d91-454e-9921-0739c890136a",
      "date": "2024-05-09",
      "time": "19:16:24.07",
      "pa_of_inning": 4,
      "pitch_of_pa": 3,
      "hit_trajectory_zc7": 0.00052,
      "hit_trajectory_zc8": -4e-05,
      "throw_speed": null,
      "pop_time": null,
      "exchange_time": null,
      "time_to_base": null,
      "catch_position_x": null,
      "catch_position_y": null,
      "catch_position_z": null,
      "throw_position_x": null,
      "throw_position_y": null,
      "throw_position_z": null,
      "base_position_x": null,
      "base_position_y": null,
      "base_position_z": null,
      "throw_trajectory_xc0": null,
      "throw_trajectory_xc1": null,
      "throw_trajectory_xc2": null,
      "throw_trajectory_yc0": null,
      "throw_trajectory_yc1": null,
      "throw_trajectory_yc2": null,
      "throw_trajectory_zc0": null,
      "throw_trajectory_zc1": null,
      "throw_trajectory_zc2": null,
      "inning": 2,
      "outs": 0,
      "balls": 2,
      "strikes": 0,
      "outs_on_play": 1,
      "runs_scored": 0,
      "y0": 50.0,
      "local_date_time": "2024-05-09T19:16:24.0774988-04:00",
      "catcher_id": "b4069eb7-dae8-4f82-8ed3-58d6554d27b4",
      "pitch_number": 51,
      "rel_speed": 86.2626,
      "vert_rel_angle": -0.61429,
      "horz_rel_angle": 2.58456,
      "spin_rate": 1692.4012,
      "spin_axis": 150.78831,
      "rel_height": 5.88031,
      "rel_side": -2.37931,
      "extension": 5.71912,
      "vert_break": -23.1358,
      "induced_vert_break": 14.58076,
      "horz_break": -7.50103,
      "plate_loc_height": 3.37952,
      "plate_loc_side": -0.59527,
      "zone_speed": 79.04864,
      "vert_appr_angle": -4.940029,
      "horz_appr_angle": 1.244302,
      "zone_time": 0.442016,
      "exit_speed": 83.53749,
      "angle": 41.56827,
      "direction": 3.441939,
      "hit_spin_rate": 4434.673,
      "position_at_110_x": 109.18399,
      "position_at_110_y": 87.97681,
      "position_at_110_z": 13.37281,
      "distance": 258.16528,
      "last_tracked_distance": 257.46118,
      "bearing": 9.108343,
      "hang_time": 5.285054,
      "pfxx": 4.53244,
      "pfxz": 7.94323,
      "x0": 2.16802,
      "z0": 5.81472,
      "vx0": -5.34387,
      "vy0": -125.21644,
      "vz0": -2.08226,
      "ax0": 7.21595,
      "ay0": 24.63019,
      "az0": -19.52792,
      "effective_velo": 85.27402,
      "max_height": 99.34452,
      "measured_duration": null,
      "speed_drop": 7.21395,
      "pitch_last_measured_x": null,
      "pitch_last_measured_y": null,
      "pitch_last_measured_z": null,
      "contact_position_x": 1.4447,
      "contact_position_y": 3.44713,
      "contact_position_z": 0.59077,
      "pitch_trajectory_xc0": 54.7795,
      "pitch_trajectory_xc1": -126.15307,
      "pitch_trajectory_xc2": 12.3151,
      "pitch_trajectory_yc0": 5.87978,
      "pitch_trajectory_yc1": -1.33966,
      "pitch_trajectory_yc2": -9.76396,
      "pitch_trajectory_zc0": 2.37645,
      "pitch_trajectory_zc1": -5.61828,
      "pitch_trajectory_zc2": 3.60798,
      "hit_spin_axis": 194.95262,
      "hit_trajectory_xc0": 1.45015,
      "hit_trajectory_xc1": 91.38586,
      "hit_trajectory_xc2": -21.77345,
      "hit_trajectory_xc3": 5.22939,
      "hit_trajectory_xc4": -0.6731,
      "hit_trajectory_xc5": -0.0482,
      "hit_trajectory_xc6": 0.03476,
      "hit_trajectory_xc7": -0.00501,
      "hit_trajectory_xc8": 0.00025,
      "hit_trajectory_yc0": 3.44242,
      "hit_trajectory_yc1": 81.37931,
      "hit_trajectory_yc2": -19.42069,
      "hit_trajectory_yc3": 1.12752,
      "hit_trajectory_yc4": -0.12292,
      "hit_trajectory_yc5": -0.0024,
      "hit_trajectory_yc6": 0.0096,
      "hit_trajectory_yc7": -0.00213,
      "hit_trajectory_yc8": 0.00014,
      "hit_trajectory_zc0": 0.58992,
      "hit_trajectory_zc1": 5.52343,
      "hit_trajectory_zc3": -1.38166,
      "hit_trajectory_zc4": 0.33192,
      "hit_trajectory_zc5": -0.03976,
      "hit_trajectory_zc6": -0.00015,
      "pitcher_throws": "Left",
      "pitcher_team_code": "LAN",
      "batter_side": "Undefined",
      "batter_team_code": "YOR_REV2",
      "pitcher_set": null,
      "catcher_throws": "Right",
      "top_or_bottom": "Top",
      "tagged_pitch_type": "Undefined",
      "auto_pitch_type": "Changeup",
      "pitch_call": "InPlay",
      "k_or_bb": "Undefined",
      "tagged_hit_type": "FlyBall",
      "play_result": "Out",
      "notes": "NaN",
      "auto_hit_type": "FlyBall",
      "tilt": "11:00",
      "catcher_throw_catch_confidence": null,
      "catcher_throw_release_confidence": null,
      "catcher_throw_location_confidence": null,
      "pitch_release_confidence": "High",
      "pitch_location_confidence": "High",
      "pitch_movement_confidence": "High",
      "hit_launch_confidence": "High",
      "hit_landing_confidence": "Medium",
      "detected_shift": null,
      "first_b_position_at_release_x": null,
      "first_b_position_at_release_z": null,
      "second_b_position_at_release_x": null,
      "second_b_position_at_release_z": null,
      "third_b_position_at_release_x": null,
      "third_b_position_at_release_z": null,
      "ss_position_at_release_x": null,
      "ss_position_at_release_z": null,
      "lf_position_at_release_x": null,
      "lf_position_at_release_z": null,
      "cf_position_at_release_x": null,
      "cf_position_at_release_z": null,
      "rf_position_at_release_x": null,
      "rf_position_at_release_z": null,
      "first_b_player_id": null,
      "second_b_player_id": null,
      "third_b_player_id": null,
      "ss_player_id": null,
      "lf_player_id": null,
      "cf_player_id": null,
      "rf_player_id": null
    },
    {
      "hit_trajectory_zc2": null,
      "pitcher_id": "e2a60930-2120-43e5-8273-bbd730bb3d9b",
      "batter_id": "a9cb9a73-3fca-418f-885d-4d1921a14e4e",
      "game_id": "bfee13bb-0d91-454e-9921-0739c890136a",
      "date": "2024-05-09",
      "time": "19:16:06.75",
      "pa_of_inning": 4,
      "pitch_of_pa": 2,
      "hit_trajectory_zc7": null,
      "hit_trajectory_zc8": null,
      "throw_speed": null,
      "pop_time": null,
      "exchange_time": null,
      "time_to_base": null,
      "catch_position_x": null,
      "catch_position_y": null,
      "catch_position_z": null,
      "throw_position_x": null,
      "throw_position_y": null,
      "throw_position_z": null,
      "base_position_x": null,
      "base_position_y": null,
      "base_position_z": null,
      "throw_trajectory_xc0": null,
      "throw_trajectory_xc1": null,
      "throw_trajectory_xc2": null,
      "throw_trajectory_yc0": null,
      "throw_trajectory_yc1": null,
      "throw_trajectory_yc2": null,
      "throw_trajectory_zc0": null,
      "throw_trajectory_zc1": null,
      "throw_trajectory_zc2": null,
      "inning": 2,
      "outs": 0,
      "balls": 1,
      "strikes": 0,
      "outs_on_play": 0,
      "runs_scored": 0,
      "y0": 50.0,
      "local_date_time": "2024-05-09T19:16:06.7560780-04:00",
      "catcher_id": "b4069eb7-dae8-4f82-8ed3-58d6554d27b4",
      "pitch_number": 50,
      "rel_speed": 85.9621,
      "vert_rel_angle": -0.627693,
      "horz_rel_angle": 1.037389,
      "spin_rate": 1853.1127,
      "spin_axis": 138.77818,
      "rel_height": 5.78508,
      "rel_side": -2.29274,
      "extension": 5.65224,
      "vert_break": -22.46064,
      "induced_vert_break": 15.82024,
      "horz_break": -12.75603,
      "plate_loc_height": 3.32782,
      "plate_loc_side": -2.38811,
      "zone_speed": 78.27043,
      "vert_appr_angle": -4.847077,
      "horz_appr_angle": -1.242218,
      "zone_time": 0.44531,
      "exit_speed": null,
      "angle": null,
      "direction": null,
      "hit_spin_rate": null,
      "position_at_110_x": null,
      "position_at_110_y": null,
      "position_at_110_z": null,
      "distance": null,
      "last_tracked_distance": null,
      "bearing": null,
      "hang_time": null,
      "pfxx": 6.73504,
      "pfxz": 8.57634,
      "x0": 2.21292,
      "z0": 5.71782,
      "vx0": -1.71431,
      "vy0": -124.76287,
      "vz0": -2.07233,
      "ax0": 10.57292,
      "ay0": 26.04691,
      "az0": -18.71061,
      "effective_velo": 84.64315,
      "max_height": null,
      "measured_duration": null,
      "speed_drop": 7.69167,
      "pitch_last_measured_x": null,
      "pitch_last_measured_y": null,
      "pitch_last_measured_z": null,
      "contact_position_x": null,
      "contact_position_y": null,
      "contact_position_z": null,
      "pitch_trajectory_xc0": 54.84407,
      "pitch_trajectory_xc1": -125.77011,
      "pitch_trajectory_xc2": 13.02346,
      "pitch_trajectory_yc0": 5.78397,
      "pitch_trajectory_yc1": -1.34879,
      "pitch_trajectory_yc2": -9.35531,
      "pitch_trajectory_zc0": 2.28712,
      "pitch_trajectory_zc1": -2.12316,
      "pitch_trajectory_zc2": 5.28646,
      "hit_spin_axis": null,
      "hit_trajectory_xc0": null,
      "hit_trajectory_xc1": null,
      "hit_trajectory_xc2": null,
      "hit_trajectory_xc3": null,
      "hit_trajectory_xc4": null,
      "hit_trajectory_xc5": null,
      "hit_trajectory_xc6": null,
      "hit_trajectory_xc7": null,
      "hit_trajectory_xc8": null,
      "hit_trajectory_yc0": null,
      "hit_trajectory_yc1": null,
      "hit_trajectory_yc2": null,
      "hit_trajectory_yc3": null,
      "hit_trajectory_yc4": null,
      "hit_trajectory_yc5": null,
      "hit_trajectory_yc6": null,
      "hit_trajectory_yc7": null,
      "hit_trajectory_yc8": null,
      "hit_trajectory_zc0": null,
      "hit_trajectory_zc1": null,
      "hit_trajectory_zc3": null,
      "hit_trajectory_zc4": null,
      "hit_trajectory_zc5": null,
      "hit_trajectory_zc6": null,
      "pitcher_throws": "Left",
      "pitcher_team_code": "LAN",
      "batter_side": "Undefined",
      "batter_team_code": "YOR_REV2",
      "pitcher_set": null,
      "catcher_throws": "Right",
      "top_or_bottom": "Top",
      "tagged_pitch_type": "Undefined",
      "auto_pitch_type": "Changeup",
      "pitch_call": "BallCalled",
      "k_or_bb": "Undefined",
      "tagged_hit_type": "Undefined",
      "play_result": "Undefined",
      "notes": "NaN",
      "auto_hit_type": null,
      "tilt": "10:45",
      "catcher_throw_catch_confidence": null,
      "catcher_throw_release_confidence": null,
      "catcher_throw_location_confidence": null,
      "pitch_release_confidence": "High",
      "pitch_location_confidence": "High",
      "pitch_movement_confidence": "High",
      "hit_launch_confidence": null,
      "hit_landing_confidence": null,
      "detected_shift": null,
      "first_b_position_at_release_x": null,
      "first_b_position_at_release_z": null,
      "second_b_position_at_release_x": null,
      "second_b_position_at_release_z": null,
      "third_b_position_at_release_x": null,
      "third_b_position_at_release_z": null,
      "ss_position_at_release_x": null,
      "ss_position_at_release_z": null,
      "lf_position_at_release_x": null,
      "lf_position_at_release_z": null,
      "cf_position_at_release_x": null,
      "cf_position_at_release_z": null,
      "rf_position_at_release_x": null,
      "rf_position_at_release_z": null,
      "first_b_player_id": null,
      "second_b_player_id": null,
      "third_b_player_id": null,
      "ss_player_id": null,
      "lf_player_id": null,
      "cf_player_id": null,
      "rf_player_id": null
    },
    {
      "hit_trajectory_zc2": null,
      "pitcher_id": "e2a60930-2120-43e5-8273-bbd730bb3d9b",
      "batter_id": "a9cb9a73-3fca-418f-885d-4d1921a14e4e",
      "game_id": "bfee13bb-0d91-454e-9921-0739c890136a",
      "date": "2024-05-09",
      "time": "19:15:50.14",
      "pa_of_inning": 4,
      "pitch_of_pa": 1,
      "hit_trajectory_zc7": null,
      "hit_trajectory_zc8": null,
      "throw_speed": null,
      "pop_time": null,
      "exchange_time": null,
      "time_to_base": null,
      "catch_position_x": null,
      "catch_position_y": null,
      "catch_position_z": null,
      "throw_position_x": null,
      "throw_position_y": null,
      "throw_position_z": null,
      "base_position_x": null,
      "base_position_y": null,
      "base_position_z": null,
      "throw_trajectory_xc0": null,
      "throw_trajectory_xc1": null,
      "throw_trajectory_xc2": null,
      "throw_trajectory_yc0": null,
      "throw_trajectory_yc1": null,
      "throw_trajectory_yc2": null,
      "throw_trajectory_zc0": null,
      "throw_trajectory_zc1": null,
      "throw_trajectory_zc2": null,
      "inning": 2,
      "outs": 0,
      "balls": 0,
      "strikes": 0,
      "outs_on_play": 0,
      "runs_scored": 0,
      "y0": 50.0,
      "local_date_time": "2024-05-09T19:15:50.1416780-04:00",
      "catcher_id": "b4069eb7-dae8-4f82-8ed3-58d6554d27b4",
      "pitch_number": 49,
      "rel_speed": 75.01855,
      "vert_rel_angle": 4.491142,
      "horz_rel_angle": 0.562074,
      "spin_rate": 1937.2548,
      "spin_axis": 300.23657,
      "rel_height": 5.84813,
      "rel_side": -2.29315,
      "extension": 5.65507,
      "vert_break": -55.27979,
      "induced_vert_break": -5.00398,
      "horz_break": 11.22434,
      "plate_loc_height": 5.43876,
      "plate_loc_side": -0.83358,
      "zone_speed": 68.54175,
      "vert_appr_angle": -5.636848,
      "horz_appr_angle": 2.563912,
      "zone_time": 0.51033,
      "exit_speed": null,
      "angle": null,
      "direction": null,
      "hit_spin_rate": null,
      "position_at_110_x": null,
      "position_at_110_y": null,
      "position_at_110_z": null,
      "distance": null,
      "last_tracked_distance": null,
      "bearing": null,
      "hang_time": null,
      "pfxx": -5.49477,
      "pfxz": -3.25134,
      "x0": 2.23844,
      "z0": 6.19429,
      "vx0": -1.48615,
      "vy0": -108.69129,
      "vz0": 6.7744,
      "ax0": -6.57572,
      "ay0": 18.98229,
      "az0": -36.06501,
      "effective_velo": 73.85898,
      "max_height": null,
      "measured_duration": null,
      "speed_drop": 6.4768,
      "pitch_last_measured_x": null,
      "pitch_last_measured_y": null,
      "pitch_last_measured_z": null,
      "contact_position_x": null,
      "contact_position_y": null,
      "contact_position_z": null,
      "pitch_trajectory_xc0": 54.84506,
      "pitch_trajectory_xc1": -109.53418,
      "pitch_trajectory_xc2": 9.49114,
      "pitch_trajectory_yc0": 5.85793,
      "pitch_trajectory_yc1": 8.37584,
      "pitch_trajectory_yc2": -18.03251,
      "pitch_trajectory_zc0": 2.29795,
      "pitch_trajectory_zc1": -1.19416,
      "pitch_trajectory_zc2": -3.28786,
      "hit_spin_axis": null,
      "hit_trajectory_xc0": null,
      "hit_trajectory_xc1": null,
      "hit_trajectory_xc2": null,
      "hit_trajectory_xc3": null,
      "hit_trajectory_xc4": null,
      "hit_trajectory_xc5": null,
      "hit_trajectory_xc6": null,
      "hit_trajectory_xc7": null,
      "hit_trajectory_xc8": null,
      "hit_trajectory_yc0": null,
      "hit_trajectory_yc1": null,
      "hit_trajectory_yc2": null,
      "hit_trajectory_yc3": null,
      "hit_trajectory_yc4": null,
      "hit_trajectory_yc5": null,
      "hit_trajectory_yc6": null,
      "hit_trajectory_yc7": null,
      "hit_trajectory_yc8": null,
      "hit_trajectory_zc0": null,
      "hit_trajectory_zc1": null,
      "hit_trajectory_zc3": null,
      "hit_trajectory_zc4": null,
      "hit_trajectory_zc5": null,
      "hit_trajectory_zc6": null,
      "pitcher_throws": "Left",
      "pitcher_team_code": "LAN",
      "batter_side": "Undefined",
      "batter_team_code": "YOR_REV2",
      "pitcher_set": null,
      "catcher_throws": "Right",
      "top_or_bottom": "Top",
      "tagged_pitch_type": "Undefined",
      "auto_pitch_type": "Curveball",
      "pitch_call": "BallCalled",
      "k_or_bb": "Undefined",
      "tagged_hit_type": "Undefined",
      "play_result": "Undefined",
      "notes": "NaN",
      "auto_hit_type": null,
      "tilt": "4:00",
      "catcher_throw_catch_confidence": null,
      "catcher_throw_release_confidence": null,
      "catcher_throw_location_confidence": null,
      "pitch_release_confidence": "High",
      "pitch_location_confidence": "High",
      "pitch_movement_confidence": "High",
      "hit_launch_confidence": null,
      "hit_landing_confidence": null,
      "detected_shift": null,
      "first_b_position_at_release_x": null,
      "first_b_position_at_release_z": null,
      "second_b_position_at_release_x": null,
      "second_b_position_at_release_z": null,
      "third_b_position_at_release_x": null,
      "third_b_position_at_release_z": null,
      "ss_position_at_release_x": null,
      "ss_position_at_release_z": null,
      "lf_position_at_release_x": null,
      "lf_position_at_release_z": null,
      "cf_position_at_release_x": null,
      "cf_position_at_release_z": null,
      "rf_position_at_release_x": null,
      "rf_position_at_release_z": null,
      "first_b_player_id": null,
      "second_b_player_id": null,
      "third_b_player_id": null,
      "ss_player_id": null,
      "lf_player_id": null,
      "cf_player_id": null,
      "rf_player_id": null
    }
  ],
  "meta": {
    "page": 1,
    "limit": 1000,
    "total": 8
  }
}