{
  "success": true,
  "message": "Pitches retrieved successfully",
  "data": [
    {
      "hit_trajectory_zc2": 0.40115,
      "pitcher_id": "09037653-3d07-462d-9c5e-fb18fd0e3169",
      "batter_id": "e9bc3d7f-6963-4283-bd26-f970693166b7",
      "game_id": "323308a1-bd2c-49fd-b887-303e76b2f292",
      "date": "2024-07-23",
      "time": "20:41:18.02",
      "pa_of_inning": 4,
      "pitch_of_pa": 2,
      "hit_trajectory_zc7": null,
      "hit_trajectory_zc8": null,
      "throw_speed": null,
      "pop_time": null,
      "exchange_time": null,
      "time_to_base": null,
      "catch_position_x": null,
      "catch_position_y": null,
      "catch_position_z": null,
      "throw_position_x": null,
      "throw_position_y": null,
      "throw_position_z": null,
      "base_position_x": null,
      "base_position_y": null,
      "base_position_z": null,
      "throw_trajectory_xc0": null,
      "throw_trajectory_xc1": null,
      "throw_trajectory_xc2": null,
      "throw_trajectory_yc0": null,
      "throw_trajectory_yc1": null,
      "throw_trajectory_yc2": null,
      "throw_trajectory_zc0": null,
      "throw_trajectory_zc1": null,
      "throw_trajectory_zc2": null,
      "inning": 7,
      "outs": 1,
      "balls": 0,
      "strikes": 1,
      "outs_on_play": 1,
      "runs_scored": 0,
      "y0": 50.0,
      "local_date_time": "2024-07-23T20:41:18.0279900-04:00",
      "catcher_id": "65fa5fdb-90bf-445f-b30a-79c876774d4b",
      "pitch_number": 230,
      "rel_speed": 77.59133,
      "vert_rel_angle": -1.887989,
      "horz_rel_angle": -4.083195,
      "spin_rate": 2187.0583,
      "spin_axis": 238.08917,
      "rel_height": 5.88016,
      "rel_side": 1.61957,
      "extension": 5.72692,
      "vert_break": -33.67254,
      "induced_vert_break": 14.06757,
      "horz_break": 19.6597,
      "plate_loc_height": 1.31062,
      "plate_loc_side": -0.55146,
      "zone_speed": 69.98112,
      "vert_appr_angle": -8.168594,
      "horz_appr_angle": -0.571608,
      "zone_time": 0.497294,
      "exit_speed": 54.00446,
      "angle": 0.380651,
      "direction": -29.497765,
      "hit_spin_rate": 2435.6091,
      "position_at_110_x": null,
      "position_at_110_y": null,
      "position_at_110_z": null,
      "distance": 24.50478,
      "last_tracked_distance": 22.82532,
      "bearing": -26.81139,
      "hang_time": 0.296628,
      "pfxx": -11.4193,
      "pfxz": 8.29579,
      "x0": -1.29101,
      "z0": 5.70181,
      "vx0": 7.27299,
      "vy0": -112.1912,
      "vz0": -4.69538,
      "ax0": -14.27824,
      "ay0": 23.89023,
      "az0": -21.80134,
      "effective_velo": 75.7951,
      "max_height": 1.50099,
      "measured_duration": null,
      "speed_drop": 7.6102,
      "pitch_last_measured_x": null,
      "pitch_last_measured_y": null,
      "pitch_last_measured_z": null,
      "contact_position_x": 2.25723,
      "contact_position_y": 1.49762,
      "contact_position_z": 0.48745,
      "pitch_trajectory_xc0": 54.77034,
      "pitch_trajectory_xc1": -113.20245,
      "pitch_trajectory_xc2": 11.94512,
      "pitch_trajectory_yc0": 5.88103,
      "pitch_trajectory_yc1": -3.77255,
      "pitch_trajectory_yc2": -10.90067,
      "pitch_trajectory_zc0": -1.61166,
      "pitch_trajectory_zc1": 7.87737,
      "pitch_trajectory_zc2": -7.13912,
      "hit_spin_axis": 59.51176,
      "hit_trajectory_xc0": 2.25822,
      "hit_trajectory_xc1": 68.893,
      "hit_trajectory_xc2": -9.36897,
      "hit_trajectory_xc3": null,
      "hit_trajectory_xc4": null,
      "hit_trajectory_xc5": null,
      "hit_trajectory_xc6": null,
      "hit_trajectory_xc7": null,
      "hit_trajectory_xc8": null,
      "hit_trajectory_yc0": 1.49961,
      "hit_trajectory_yc1": 0.43747,
      "hit_trajectory_yc2": -18.54067,
      "hit_trajectory_yc3": null,
      "hit_trajectory_yc4": null,
      "hit_trajectory_yc5": null,
      "hit_trajectory_yc6": null,
      "hit_trajectory_yc7": null,
      "hit_trajectory_yc8": null,
      "hit_trajectory_zc0": 0.48811,
      "hit_trajectory_zc1": -39.02877,
      "hit_trajectory_zc3": null,
      "hit_trajectory_zc4": null,
      "hit_trajectory_zc5": null,
      "hit_trajectory_zc6": null,
      "pitcher_throws": "Right",
      "pitcher_team_code": "LI",
      "batter_side": "Left",
      "batter_team_code": "STA_YAN",
      "pitcher_set": null,
      "catcher_throws": "Right",
      "top_or_bottom": "Bottom",
      "tagged_pitch_type": "Undefined",
      "auto_pitch_type": "Changeup",
      "pitch_call": "InPlay",
      "k_or_bb": "Undefined",
      "tagged_hit_type": "GroundBall",
      "play_result": "Out",
      "notes": "NaN",
      "auto_hit_type": "GroundBall",
      "tilt": "2:00",
      "catcher_throw_catch_confidence": null,
      "catcher_throw_release_confidence": null,
      "catcher_throw_location_confidence": null,
      "pitch_release_confidence": "High",
      "pitch_location_confidence": "High",
      "pitch_movement_confidence": "High",
      "hit_launch_confidence": "High",
      "hit_landing_confidence": "High",
      "detected_shift": null,
      "first_b_position_at_release_x": null,
      "first_b_position_at_release_z": null,
      "second_b_position_at_release_x": null,
      "second_b_position_at_release_z": null,
      "third_b_position_at_release_x": null,
      "third_b_position_at_release_z": null,
      "ss_position_at_release_x": null,
      "ss_position_at_release_z": null,
      "lf_position_at_release_x": null,
      "lf_position_at_release_z": null,
      "cf_position_at_release_x": null,
      "cf_position_at_release_z": null,
      "rf_position_at_release_x": null,
      "rf_position_at_release_z": null,
      "first_b_player_id": null,
      "second_b_player_id": null,
      "third_b_player_id": null,
      "ss_player_id": null,
      "lf_player_id": null,
      "cf_player_id": null,
      "rf_player_id": null
    },
    {
      "hit_trajectory_zc2": null,
      "pitcher_id": "09037653-3d07-462d-9c5e-fb18fd0e3169",
      "batter_id": "e9bc3d7f-6963-4283-bd26-f970693166b7",
      "game_id": "323308a1-bd2c-49fd-b887-303e76b2f292",
      "date": "2024-07-23",
      "time": "20:40:58.30",
      "pa_of_inning": 4,
      "pitch_of_pa": 1,
      "hit_trajectory_zc7": null,
      "hit_trajectory_zc8": null,
      "throw_speed": null,
      "pop_time": null,
      "exchange_time": null,
      "time_to_base": null,
      "catch_position_x": null,
      "catch_position_y": null,
      "catch_position_z": null,
      "throw_position_x": null,
      "throw_position_y": null,
      "throw_position_z": null,
      "base_position_x": null,
      "base_position_y": null,
      "base_position_z": null,
      "throw_trajectory_xc0": null,
      "throw_trajectory_xc1": null,
      "throw_trajectory_xc2": null,
      "throw_trajectory_yc0": null,
      "throw_trajectory_yc1": null,
      "throw_trajectory_yc2": null,
      "throw_trajectory_zc0": null,
      "throw_trajectory_zc1": null,
      "throw_trajectory_zc2": null,
      "inning": 7,
      "outs": 1,
      "balls": 0,
      "strikes": 0,
      "outs_on_play": 0,
      "runs_scored": 0,
      "y0": 50.0,
      "local_date_time": "2024-07-23T20:40:58.3071836-04:00",
      "catcher_id": "65fa5fdb-90bf-445f-b30a-79c876774d4b",
      "pitch_number": 229,
      "rel_speed": 72.26776,
      "vert_rel_angle": 1.774121,
      "horz_rel_angle": -1.008821,
      "spin_rate": 2087.4617,
      "spin_axis": 42.231915,
      "rel_height": 5.90336,
      "rel_side": 1.69402,
      "extension": 5.28939,
      "vert_break": -56.19621,
      "induced_vert_break": -0.01142,
      "horz_break": -2.01126,
      "plate_loc_height": 2.88701,
      "plate_loc_side": 0.57905,
      "zone_speed": 64.7993,
      "vert_appr_angle": -8.53417,
      "horz_appr_angle": -1.366046,
      "zone_time": 0.539487,
      "exit_speed": null,
      "angle": null,
      "direction": null,
      "hit_spin_rate": null,
      "position_at_110_x": null,
      "position_at_110_y": null,
      "position_at_110_z": null,
      "distance": null,
      "last_tracked_distance": null,
      "bearing": null,
      "hang_time": null,
      "pfxx": 0.63382,
      "pfxz": 0.09839,
      "x0": -1.60068,
      "z0": 6.0249,
      "vx0": 1.91838,
      "vy0": -104.53266,
      "vz0": 1.44497,
      "ax0": 0.68272,
      "ay0": 21.97593,
      "az0": -32.06808,
      "effective_velo": 69.86723,
      "max_height": null,
      "measured_duration": null,
      "speed_drop": 7.46846,
      "pitch_last_measured_x": null,
      "pitch_last_measured_y": null,
      "pitch_last_measured_z": null,
      "contact_position_x": null,
      "contact_position_y": null,
      "contact_position_z": null,
      "pitch_trajectory_xc0": 55.20379,
      "pitch_trajectory_xc1": -105.62099,
      "pitch_trajectory_xc2": 10.98797,
      "pitch_trajectory_yc0": 5.91402,
      "pitch_trajectory_yc1": 3.0331,
      "pitch_trajectory_yc2": -16.03404,
      "pitch_trajectory_zc0": -1.69484,
      "pitch_trajectory_zc1": 1.88457,
      "pitch_trajectory_zc2": 0.34136,
      "hit_spin_axis": null,
      "hit_trajectory_xc0": null,
      "hit_trajectory_xc1": null,
      "hit_trajectory_xc2": null,
      "hit_trajectory_xc3": null,
      "hit_trajectory_xc4": null,
      "hit_trajectory_xc5": null,
      "hit_trajectory_xc6": null,
      "hit_trajectory_xc7": null,
      "hit_trajectory_xc8": null,
      "hit_trajectory_yc0": null,
      "hit_trajectory_yc1": null,
      "hit_trajectory_yc2": null,
      "hit_trajectory_yc3": null,
      "hit_trajectory_yc4": null,
      "hit_trajectory_yc5": null,
      "hit_trajectory_yc6": null,
      "hit_trajectory_yc7": null,
      "hit_trajectory_yc8": null,
      "hit_trajectory_zc0": null,
      "hit_trajectory_zc1": null,
      "hit_trajectory_zc3": null,
      "hit_trajectory_zc4": null,
      "hit_trajectory_zc5": null,
      "hit_trajectory_zc6": null,
      "pitcher_throws": "Right",
      "pitcher_team_code": "LI",
      "batter_side": "Left",
      "batter_team_code": "STA_YAN",
      "pitcher_set": null,
      "catcher_throws": "Right",
      "top_or_bottom": "Bottom",
      "tagged_pitch_type": "Undefined",
      "auto_pitch_type": "Curveball",
      "pitch_call": "StrikeCalled",
      "k_or_bb": "Undefined",
      "tagged_hit_type": "Undefined",
      "play_result": "Undefined",
      "notes": "NaN",
      "auto_hit_type": null,
      "tilt": "7:30",
      "catcher_throw_catch_confidence": null,
      "catcher_throw_release_confidence": null,
      "catcher_throw_location_confidence": null,
      "pitch_release_confidence": "High",
      "pitch_location_confidence": "High",
      "pitch_movement_confidence": "High",
      "hit_launch_confidence": null,
      "hit_landing_confidence": null,
      "detected_shift": null,
      "first_b_position_at_release_x": null,
      "first_b_position_at_release_z": null,
      "second_b_position_at_release_x": null,
      "second_b_position_at_release_z": null,
      "third_b_position_at_release_x": null,
      "third_b_position_at_release_z": null,
      "ss_position_at_release_x": null,
      "ss_position_at_release_z": null,
      "lf_position_at_release_x": null,
      "lf_position_at_release_z": null,
      "cf_position_at_release_x": null,
      "cf_position_at_release_z": null,
      "rf_position_at_release_x": null,
      "rf_position_at_release_z": null,
      "first_b_player_id": null,
      "second_b_player_id": null,
      "third_b_player_id": null,
      "ss_player_id": null,
      "lf_player_id": null,
      "cf_player_id": null,
      "rf_player_id": null
    }
  ],
  "meta": {
    "page": 1,
    "limit": 1000,
    "total": 2
  }
}