{
  "pixel_labels": {
    "LF": [
      654,
      867
    ],
    "CF": [
      1181,
      818
    ],
    "RF": [
      1704,
      872
    ]
  },
  "affine_transform": {
    "A": [
      [
        0.07617638901728761,
        0.0029583063696031614
      ],
      [
        0.00046223537025052503,
        -0.09706942775261147
      ]
    ],
    "b": [
      -112.38421003975205,
      103.8568919293703
    ]
  },
  "outfield_polygon_pixel": [
    [
      248,
      1348
    ],
    [
      290,
      1327
    ],
    [
      328,
      1315
    ],
    [
      367,
      1306
    ],
    [
      394,
      1299
    ],
    [
      438,
      1291
    ],
    [
      476,
      1283
    ],
    [
      506,
      1277
    ],
    [
      551,
      1271
    ],
    [
      586,
      1265
    ],
    [
      624,
      1262
    ],
    [
      662,
      1254
    ],
    [
      706,
      1247
    ],
    [
      743,
      1245
    ],
    [
      780,
      1242
    ],
    [
      834,
      1238
    ],
    [
      867,
      1235
    ],
    [
      906,
      1231
    ],
    [
      935,
      1231
    ],
    [
      975,
      1228
    ],
    [
      1010,
      1224
    ],
    [
      1046,
      1225
    ],
    [
      1098,
      1225
    ],
    [
      1126,
      1225
    ],
    [
      1163,
      1222
    ],
    [
      1189,
      1222
    ],
    [
      1226,
      1222
    ],
    [
      1253,
      1222
    ],
    [
      1286,
      1224
    ],
    [
      1329,
      1225
    ],
    [
      1367,
      1228
    ],
    [
      1412,
      1234
    ],
    [
      1446,
      1235
    ],
    [
      1486,
      1235
    ],
    [
      1515,
      1242
    ],
    [
      1542,
      1242
    ],
    [
      1577,
      1246
    ],
    [
      1606,
      1251
    ],
    [
      1638,
      1250
    ],
    [
      1674,
      1253
    ],
    [
      1709,
      1256
    ],
    [
      1747,
      1266
    ],
    [
      1782,
      1269
    ],
    [
      1814,
      1275
    ],
    [
      1849,
      1286
    ],
    [
      1886,
      1298
    ],
    [
      1915,
      1305
    ],
    [
      1941,
      1310
    ],
    [
      1967,
      1315
    ],
    [
      1999,
      1325
    ],
    [
      2024,
      1330
    ],
    [
      2059,
      1340
    ],
    [
      2086,
      1346
    ],
    [
      2114,
      1354
    ],
    [
      2094,
      1370
    ],
    [
      2071,
      1379
    ],
    [
      2043,
      1391
    ],
    [
      2000,
      1404
    ],
    [
      1979,
      1423
    ],
    [
      1955,
      1438
    ],
    [
      1930,
      1446
    ],
    [
      1899,
      1462
    ],
    [
      1882,
      1466
    ],
    [
      1865,
      1481
    ],
    [
      1839,
      1491
    ],
    [
      1818,
      1500
    ],
    [
      1791,
      1511
    ],
    [
      1758,
      1530
    ],
    [
      1722,
      1517
    ],
    [
      1693,
      1506
    ],
    [
      1661,
      1494
    ],
    [
      1626,
      1482
    ],
    [
      1594,
      1472
    ],
    [
      1560,
      1461
    ],
    [
      1518,
      1455
    ],
    [
      1482,
      1440
    ],
    [
      1450,
      1432
    ],
    [
      1418,
      1428
    ],
    [
      1380,
      1424
    ],
    [
      1343,
      1423
    ],
    [
      1308,
      1418
    ],
    [
      1239,
      1414
    ],
    [
      1198,
      1408
    ],
    [
      1159,
      1409
    ],
    [
      1119,
      1414
    ],
    [
      1085,
      1411
    ],
    [
      1022,
      1410
    ],
    [
      978,
      1415
    ],
    [
      939,
      1420
    ],
    [
      901,
      1430
    ],
    [
      862,
      1432
    ],
    [
      830,
      1439
    ],
    [
      787,
      1447
    ],
    [
      750,
      1462
    ],
    [
      714,
      1470
    ],
    [
      682,
      1478
    ],
    [
      646,
      1487
    ],
    [
      623,
      1498
    ],
    [
      599,
      1505
    ],
    [
      572,
      1515
    ],
    [
      544,
      1498
    ],
    [
      517,
      1485
    ],
    [
      494,
      1469
    ],
    [
      461,
      1460
    ],
    [
      436,
      1436
    ],
    [
      407,
      1425
    ],
    [
      374,
      1410
    ],
    [
      350,
      1397
    ],
    [
      320,
      1382
    ],
    [
      287,
      1367
    ],
    [
      262,
      1350
    ]
  ],
  "outfield_polygon_logical": [
    [
      -89.50466857723966,
      -26.878062309327845
    ],
    [
      -86.36738467227525,
      -24.820190440972453
    ],
    [
      -83.50818156605355,
      -23.63779236387161
    ],
    [
      -80.56392715170577,
      -22.746140334658335
    ],
    [
      -78.52787279282623,
      -22.05417398539329
    ],
    [
      -75.1997781270224,
      -21.25728020708138
    ],
    [
      -72.32874179532229,
      -20.46315984099097
    ],
    [
      -70.06119996302128,
      -19.866876213367775
    ],
    [
      -66.65101229546096,
      -19.26365905519083
    ],
    [
      -64.00258851807351,
      -18.665064250716398
    ],
    [
      -61.116760654525386,
      -18.356291023389048
    ],
    [
      -58.24572432282528,
      -17.562170657298637
    ],
    [
      -54.91467135065185,
      -16.862346306739326
    ],
    [
      -52.10206156975141,
      -16.65110474253484
    ],
    [
      -49.29241009522058,
      -16.34279375057774
    ],
    [
      -45.19071831376546,
      -15.929555329573759
    ],
    [
      -42.685772395303786,
      -15.62309327909766
    ],
    [
      -39.726726449107986,
      -15.216788388647444
    ],
    [
      -37.517611167606645,
      -15.203383562910176
    ],
    [
      -34.47943052602395,
      -14.893685864842325
    ],
    [
      -31.825090135897284,
      -14.48922991587311
    ],
    [
      -29.07978182490534,
      -14.569658870296706
    ],
    [
      -25.11860959600638,
      -14.54562263104367
    ],
    [
      -22.985670703522317,
      -14.532680040676667
    ],
    [
      -20.176019228991493,
      -14.224369048719552
    ],
    [
      -18.195433114542013,
      -14.212350929093034
    ],
    [
      -15.376906720902369,
      -14.195248220393765
    ],
    [
      -13.320144217435612,
      -14.182767865396997
    ],
    [
      -10.800406767125907,
      -14.361652953683958
    ],
    [
      -7.521863733012935,
      -14.438846260515803
    ],
    [
      -4.6182860312471945,
      -14.712489599704114
    ],
    [
      -1.1725986872516359,
      -15.274105574558519
    ],
    [
      1.42035684570574,
      -15.3554589997226
    ],
    [
      4.467412406397244,
      -15.33696958491258
    ],
    [
      6.697235832485816,
      -16.003050753443603
    ],
    [
      8.753998335952573,
      -15.990570398446835
    ],
    [
      11.43200517703606,
      -16.36266987149851
    ],
    [
      13.65591199038542,
      -16.834612184524303
    ],
    [
      16.090598132569028,
      -16.722751224923684
    ],
    [
      18.84182305630017,
      -16.997319034852495
    ],
    [
      21.516871591014052,
      -17.272349080151557
    ],
    [
      24.441157437367025,
      -18.22547841360816
    ],
    [
      27.116205972080877,
      -18.50050845890722
    ],
    [
      29.571600258851703,
      -19.068133493574862
    ],
    [
      32.27031524452241,
      -20.11971896089483
    ],
    [
      35.1243413145973,
      -21.267449385226897
    ],
    [
      37.35416474068586,
      -21.933530553757905
    ],
    [
      39.34954238698336,
      -22.40685957289446
    ],
    [
      41.34492003328086,
      -22.880188592031004
    ],
    [
      43.81214754553008,
      -23.836091337709107
    ],
    [
      45.73134880281029,
      -24.3098825922159
    ],
    [
      48.427105482111386,
      -25.26439863178325
    ],
    [
      50.501617823795755,
      -25.834334843302145
    ],
    [
      52.658223167236656,
      -26.597947674956004
    ],
    [
      51.18202828880453,
      -28.160303226402817
    ],
    [
      49.45659609873337,
      -29.04455948969209
    ],
    [
      47.359156882684545,
      -30.222335213090446
    ],
    [
      44.12203013774601,
      -31.504113894795154
    ],
    [
      42.57853378940544,
      -33.35813996487005
    ],
    [
      40.79467504853457,
      -34.82527503004522
    ],
    [
      38.91393177405922,
      -35.61338633632238
    ],
    [
      36.59979661643695,
      -37.18082647684193
    ],
    [
      35.316631228621475,
      -37.57696218914663
    ],
    [
      34.06600721087162,
      -39.04086160673003
    ],
    [
      32.11500416011819,
      -40.023574003882686
    ],
    [
      30.541924748081584,
      -40.90690579643143
    ],
    [
      28.517703614680443,
      -41.987149856706935
    ],
    [
      26.060090598132405,
      -43.8467227512248
    ],
    [
      23.279282610705224,
      -42.6014606637699
    ],
    [
      21.03762595913824,
      -41.54710178422843
    ],
    [
      18.564481834149802,
      -40.39706018304511
    ],
    [
      15.86280854210949,
      -39.24840528797253
    ],
    [
      13.395581029860267,
      -38.29250254229444
    ],
    [
      10.77304243320684,
      -37.24045483960424
    ],
    [
      7.555884256263155,
      -36.67745215863911
    ],
    [
      4.769159656096747,
      -35.23805121567895
    ],
    [
      2.307848756586722,
      -34.476287325506036
    ],
    [
      -0.1416289174449048,
      -34.10280114634364
    ],
    [
      -3.048164925580238,
      -33.73208837940268
    ],
    [
      -5.8696496255894886,
      -33.652121660349366
    ],
    [
      -8.550614773042568,
      -33.18295275954506
    ],
    [
      -13.818618840713825,
      -32.82656928908193
    ],
    [
      -16.95960062864023,
      -32.26310437274651
    ],
    [
      -19.92752149394485,
      -32.378200979938896
    ],
    [
      -22.959785522788337,
      -32.882037533511976
    ],
    [
      -25.558657668484926,
      -32.606545252842665
    ],
    [
      -30.360728482943657,
      -32.53859665341582
    ],
    [
      -33.697698067856294,
      -33.04428214846993
    ],
    [
      -36.65378570768249,
      -33.54765646667275
    ],
    [
      -39.518905426643386,
      -34.535915688268375
    ],
    [
      -42.4838679855784,
      -34.748081723213346
    ],
    [
      -44.90080428954438,
      -35.442359249329684
    ],
    [
      -48.15272256633092,
      -36.238790792271345
    ],
    [
      -50.92687436442652,
      -37.71193491725978
    ],
    [
      -53.645557918092045,
      -38.50513081260968
    ],
    [
      -56.05953591568842,
      -39.2964777664786
    ],
    [
      -58.77526116298435,
      -40.186743089581114
    ],
    [
      -60.49477674031633,
      -41.26513820837559
    ],
    [
      -62.30230193214401,
      -41.9557178515299
    ],
    [
      -64.32948137191474,
      -42.93889248405276
    ],
    [
      -66.51271147268204,
      -41.30165480262539
    ],
    [
      -68.60793195895366,
      -40.05223259683822
    ],
    [
      -70.40732180826492,
      -38.50975316631218
    ],
    [
      -72.94776740316183,
      -37.65138208375694
    ],
    [
      -74.92317648146451,
      -35.33327170195054
    ],
    [
      -77.1648331330315,
      -34.27891282240907
    ],
    [
      -79.72302856614603,
      -32.83812517333817
    ],
    [
      -81.58971988536577,
      -31.587316261440236
    ],
    [
      -83.91938615142844,
      -30.1451419062586
    ],
    [
      -86.47758158454297,
      -28.704354257187674
    ],
    [
      -88.43228251825843,
      -27.065729869649545
    ]
  ]
}