{
  "image_path": "img/background.png",
  "image_size": {
    "width": 2340,
    "height": 1560
  },
  "label_pixel_coordinates": {
    "LF": [
      654,
      867
    ],
    "CF": [
      1181,
      818
    ],
    "RF": [
      1704,
      872
    ]
  },
  "outfield_boundary_pixel_coordinates": [
    [
      248,
      848
    ],
    [
      290,
      827
    ],
    [
      328,
      815
    ],
    [
      367,
      806
    ],
    [
      394,
      799
    ],
    [
      438,
      791
    ],
    [
      476,
      783
    ],
    [
      506,
      777
    ],
    [
      551,
      771
    ],
    [
      586,
      765
    ],
    [
      624,
      762
    ],
    [
      662,
      754
    ],
    [
      706,
      747
    ],
    [
      743,
      745
    ],
    [
      780,
      742
    ],
    [
      834,
      738
    ],
    [
      867,
      735
    ],
    [
      906,
      731
    ],
    [
      935,
      731
    ],
    [
      975,
      728
    ],
    [
      1010,
      724
    ],
    [
      1046,
      725
    ],
    [
      1098,
      725
    ],
    [
      1126,
      725
    ],
    [
      1163,
      722
    ],
    [
      1189,
      722
    ],
    [
      1226,
      722
    ],
    [
      1253,
      722
    ],
    [
      1286,
      724
    ],
    [
      1329,
      725
    ],
    [
      1367,
      728
    ],
    [
      1412,
      734
    ],
    [
      1446,
      735
    ],
    [
      1486,
      735
    ],
    [
      1515,
      742
    ],
    [
      1542,
      742
    ],
    [
      1577,
      746
    ],
    [
      1606,
      751
    ],
    [
      1638,
      750
    ],
    [
      1674,
      753
    ],
    [
      1709,
      756
    ],
    [
      1747,
      766
    ],
    [
      1782,
      769
    ],
    [
      1814,
      775
    ],
    [
      1849,
      786
    ],
    [
      1886,
      798
    ],
    [
      1915,
      805
    ],
    [
      1941,
      810
    ],
    [
      1967,
      815
    ],
    [
      1999,
      825
    ],
    [
      2024,
      830
    ],
    [
      2059,
      840
    ],
    [
      2086,
      846
    ],
    [
      2114,
      854
    ],
    [
      2094,
      870
    ],
    [
      2071,
      879
    ],
    [
      2043,
      891
    ],
    [
      2000,
      904
    ],
    [
      1979,
      923
    ],
    [
      1955,
      938
    ],
    [
      1930,
      946
    ],
    [
      1899,
      962
    ],
    [
      1882,
      966
    ],
    [
      1865,
      981
    ],
    [
      1839,
      991
    ],
    [
      1818,
      1000
    ],
    [
      1791,
      1011
    ],
    [
      1758,
      1030
    ],
    [
      1722,
      1017
    ],
    [
      1693,
      1006
    ],
    [
      1661,
      994
    ],
    [
      1626,
      982
    ],
    [
      1594,
      972
    ],
    [
      1560,
      961
    ],
    [
      1518,
      955
    ],
    [
      1482,
      940
    ],
    [
      1450,
      932
    ],
    [
      1418,
      928
    ],
    [
      1380,
      924
    ],
    [
      1343,
      923
    ],
    [
      1308,
      918
    ],
    [
      1239,
      914
    ],
    [
      1198,
      908
    ],
    [
      1159,
      909
    ],
    [
      1119,
      914
    ],
    [
      1085,
      911
    ],
    [
      1022,
      910
    ],
    [
      978,
      915
    ],
    [
      939,
      920
    ],
    [
      901,
      930
    ],
    [
      862,
      932
    ],
    [
      830,
      939
    ],
    [
      787,
      947
    ],
    [
      750,
      962
    ],
    [
      714,
      970
    ],
    [
      682,
      978
    ],
    [
      646,
      987
    ],
    [
      623,
      998
    ],
    [
      599,
      1005
    ],
    [
      572,
      1015
    ],
    [
      544,
      998
    ],
    [
      517,
      985
    ],
    [
      494,
      969
    ],
    [
      461,
      960
    ],
    [
      436,
      936
    ],
    [
      407,
      925
    ],
    [
      374,
      910
    ],
    [
      350,
      897
    ],
    [
      320,
      882
    ],
    [
      287,
      867
    ],
    [
      262,
      850
    ]
  ]
}
